no_pesanan,order_date,sku,product,omset,customer_name,customer_phone,customer_city,packed_date,shipped_date,return_date,package_status,qty
ORD000001,2025-01-03 17:59:11,VTMMD60,vitaman madu 60 ml,50000,Raza Baba,8670549306,Depok,2025-01-03 18:47:11,2025-01-04 19:47:11,,Processed,2
ORD000002,2025-01-28 18:51:28,JDM,jelly drink madu,20000,Sana Rina,8270250630,Kupang,2025-01-28 20:32:28,2025-01-29 15:32:28,,On Delivery,2
ORD000003,2025-01-14 04:42:26,VTMMD60,vitaman madu 60 ml,50000,Fadi Sadi,8459286817,Magelang,2025-01-14 05:20:26,2025-01-15 07:20:26,,Delivered,1
ORD000004,2025-02-27 03:53:45,MDB120,maduboom 120 ml,23000,Rira Zadi Raza,8812957645,Samarinda,2025-02-27 06:31:45,2025-02-28 07:31:45,,On Delivery,1
ORD000005,2025-02-18 16:14:18,MDB120,maduboom 120 ml,23000,Riri Riza Rasa,8773388021,Denpasar,2025-02-18 17:13:18,2025-02-19 13:13:18,,Delivered,2
ORD000006,2025-02-27 13:20:55,JDM,jelly drink madu,20000,Kari Mona Dira,8403809293,Ngawi,2025-02-27 15:49:55,2025-02-27 20:49:55,,Processed,2
ORD000007,2025-02-02 06:21:57,MDB200,maduboom 200 ml,32000,Joza Mori,8168829892,Jepara,2025-02-02 07:42:57,2025-02-02 14:42:57,,Processed,1
ORD000008,2025-02-21 19:39:05,MDB200,maduboom 200 ml,32000,Miba Noti,8783732559,Buleleng,2025-02-21 20:33:05,2025-02-23 18:33:05,,Delivered,3
ORD000009,2025-02-05 16:40:50,VTM60,vitaman 60 ml,30000,Fadi Saba,8561085538,Boyolali,2025-02-05 19:19:50,2025-02-06 00:19:50,,Processed,2
ORD000010,2025-02-11 18:36:06,JDM,jelly drink madu,20000,Dijo Moba,8465476093,Sidoarjo,2025-02-11 19:34:06,2025-02-13 08:34:06,,On Delivery,2
ORD000011,2025-02-13 04:37:56,VTMMD60,vitaman madu 60 ml,50000,Mimo Rajo,8535456513,Yogyakarta,2025-02-13 06:38:56,2025-02-14 22:38:56,2025-02-16 22:38:56,Returned,2
ORD000012,2025-01-25 22:10:12,MDB200,maduboom 200 ml,32000,Naza Nano Mijo,8828606692,Blitar,2025-01-26 00:35:12,2025-01-26 12:35:12,,On Delivery,1
ORD000013,2025-02-25 11:03:15,MDB200,maduboom 200 ml,32000,Riti Tiri,8570251428,Karangasem,2025-02-25 12:14:15,2025-02-26 06:14:15,,Delivered,1
ORD000014,2025-01-29 07:53:00,VTM60,vitaman 60 ml,30000,Diti Nono Bajo,8501660791,Samarinda,2025-01-29 09:05:00,2025-01-29 19:05:00,,Delivered,1
ORD000015,2025-02-01 00:18:38,VTM60,vitaman 60 ml,30000,Rali Joba,8502268047,Madiun,2025-02-01 01:05:38,2025-02-02 23:05:38,,On Delivery,2
ORD000016,2025-01-20 17:09:32,MDB200,maduboom 200 ml,32000,Mona Safa Rasa,8900283725,Tegal,2025-01-20 18:46:32,2025-01-22 05:46:32,,On Delivery,1
ORD000017,2025-01-25 15:09:06,MDB120,maduboom 120 ml,23000,Jodi Fadi Miti,8446677665,Pekanbaru,2025-01-25 17:42:06,2025-01-26 01:42:06,,On Delivery,1
ORD000018,2025-01-10 05:29:21,VTMMD60,vitaman madu 60 ml,50000,Mona Fati Noli,8805962314,Bangli,2025-01-10 08:01:21,2025-01-11 08:01:21,,Processed,1
ORD000019,2025-01-10 18:57:24,MDB200,maduboom 200 ml,32000,Miba Mona Modi,8142928390,Yogyakarta,2025-01-10 20:41:24,2025-01-12 10:41:24,,On Delivery,1
ORD000020,2025-01-05 13:54:00,MDB120,maduboom 120 ml,23000,Tiri Badi Tiza,8674538664,Kudus,2025-01-05 15:31:00,2025-01-06 22:31:00,,Processed,2
ORD000021,2025-02-17 20:44:40,MDB120,maduboom 120 ml,23000,Moti Nofa,8761704550,Jayapura,2025-02-17 23:18:40,2025-02-18 10:18:40,,Processed,3
ORD000022,2025-01-21 14:19:48,VTMMD60,vitaman madu 60 ml,50000,Fari Modi Sali,8318470319,Jayapura,2025-01-21 15:02:48,2025-01-22 22:02:48,,Processed,2
ORD000023,2025-01-27 14:52:17,JDM,jelly drink madu,20000,Jora Ridi Saba,8341147584,Mataram,2025-01-27 17:44:17,2025-01-29 06:44:17,,Processed,1
ORD000024,2025-02-19 03:55:04,VTM60,vitaman 60 ml,30000,Dira Lika,8649343267,Semarang,2025-02-19 06:23:04,2025-02-20 16:23:04,2025-02-22 16:23:04,Returned,1
ORD000025,2025-01-11 02:51:20,MDB120,maduboom 120 ml,23000,Ridi Kaba,8190703533,Cikarang,2025-01-11 05:42:20,2025-01-12 00:42:20,,Delivered,1
ORD000026,2025-02-26 01:10:51,VTM60,vitaman 60 ml,30000,Raza Didi Zasa,8887309058,Singaraja,2025-02-26 03:30:51,2025-02-26 17:30:51,2025-03-02 17:30:51,Returned,3
ORD000027,2025-02-14 23:42:27,VTM60,vitaman 60 ml,30000,Rana Nodi Faza,8506766812,Jembrana,2025-02-15 02:38:27,2025-02-16 19:38:27,,Processed,2
ORD000028,2025-01-10 21:16:17,MDB200,maduboom 200 ml,32000,Fasa Moka,8935814773,Kendari,2025-01-10 22:57:17,2025-01-11 11:57:17,,Delivered,3
ORD000029,2025-01-02 10:54:15,MDB200,maduboom 200 ml,32000,Diri Zano,8330336666,Klaten,2025-01-02 13:33:15,2025-01-03 19:33:15,,Delivered,1
ORD000030,2025-01-16 20:47:20,JDM,jelly drink madu,20000,Dimo Kaba Lidi,8183377665,Bengkulu,2025-01-16 21:48:20,2025-01-18 06:48:20,,On Delivery,1
ORD000031,2025-02-11 12:08:26,VTMMD60,vitaman madu 60 ml,50000,Rari Moba Rimo,8696192290,Yogyakarta,2025-02-11 14:02:26,2025-02-13 11:02:26,,Processed,3
ORD000032,2025-01-21 04:10:41,VTM60,vitaman 60 ml,30000,Naba Jori Samo,8388951620,Klaten,2025-01-21 04:57:41,2025-01-22 20:57:41,,On Delivery,1
ORD000033,2025-01-07 16:52:46,VTMMD60,vitaman madu 60 ml,50000,Rali Jona,8752994481,Balikpapan,2025-01-07 18:20:46,2025-01-08 16:20:46,,Processed,3
ORD000034,2025-02-09 04:52:07,VTM60,vitaman 60 ml,30000,Noka Mili,8817218579,Karangasem,2025-02-09 05:50:07,2025-02-10 09:50:07,,Delivered,2
ORD000035,2025-02-11 05:52:48,JDM,jelly drink madu,20000,Noli Mino Rasa,8419351599,Lombok Barat,2025-02-11 07:47:48,2025-02-11 18:47:48,,Processed,3
ORD000036,2025-01-17 19:27:37,VTM60,vitaman 60 ml,30000,Rino Lino Mili,8481123655,Singaraja,2025-01-17 22:12:37,2025-01-18 07:12:37,,On Delivery,1
ORD000037,2025-01-07 14:21:16,JDM,jelly drink madu,20000,Rasa Moti,8232272263,Denpasar,2025-01-07 16:53:16,2025-01-08 09:53:16,,Processed,3
ORD000038,2025-01-27 10:49:40,JDM,jelly drink madu,20000,Sana Joka,8444336728,Serang,2025-01-27 11:21:40,2025-01-29 03:21:40,2025-02-01 03:21:40,Returned,2
ORD000039,2025-01-27 00:53:29,MDB200,maduboom 200 ml,32000,Rali Lili Tidi,8614006510,Jayapura,2025-01-27 03:14:29,2025-01-29 02:14:29,,On Delivery,3
ORD000040,2025-01-26 18:34:14,MDB200,maduboom 200 ml,32000,Liti Dimo,8333398662,Manado,2025-01-26 21:29:14,2025-01-28 21:29:14,,Delivered,1
ORD000041,2025-01-05 19:47:04,MDB200,maduboom 200 ml,32000,Moti Riri Miza,8869928069,Banyuwangi,2025-01-05 21:57:04,2025-01-07 15:57:04,,On Delivery,1
ORD000042,2025-01-04 21:23:22,VTMMD60,vitaman madu 60 ml,50000,Sara Rino,8801048244,Larantuka,2025-01-04 21:55:22,2025-01-06 21:55:22,2025-01-09 21:55:22,Returned,1
ORD000043,2025-01-25 07:38:20,MDB200,maduboom 200 ml,32000,Rati Lina Bano,8143661977,Karangasem,2025-01-25 08:37:20,2025-01-26 12:37:20,,On Delivery,1
ORD000044,2025-01-06 18:59:38,MDB120,maduboom 120 ml,23000,Miri Sali Dina,8498097390,Samarinda,2025-01-06 19:47:38,2025-01-08 14:47:38,,Processed,1
ORD000045,2025-01-11 07:13:07,MDB120,maduboom 120 ml,23000,Sali Faza,8162404163,Tegal,2025-01-11 09:52:07,2025-01-11 14:52:07,2025-01-18 14:52:07,Returned,1
ORD000046,2025-01-20 11:27:50,MDB120,maduboom 120 ml,23000,Safa Disa Lina,8299263428,Samarinda,2025-01-20 12:22:50,2025-01-21 22:22:50,,Processed,2
ORD000047,2025-02-28 04:06:33,MDB120,maduboom 120 ml,23000,Kajo Tina,8329783346,Tegal,2025-02-28 06:30:33,2025-03-01 00:30:33,,Processed,2
ORD000048,2025-02-16 00:35:01,JDM,jelly drink madu,20000,Fali Liba Kafa,8706698216,Surabaya,2025-02-16 03:31:01,2025-02-16 23:31:01,,Processed,2
ORD000049,2025-02-04 20:28:35,MDB200,maduboom 200 ml,32000,Mono Midi Faba,8179158173,Situbondo,2025-02-04 21:20:35,2025-02-05 13:20:35,,Delivered,3
ORD000050,2025-02-09 17:10:13,VTMMD60,vitaman madu 60 ml,50000,Lijo Didi Sami,8414574613,Boyolali,2025-02-09 19:24:13,2025-02-11 10:24:13,,Processed,3
ORD000051,2025-01-17 17:02:31,JDM,jelly drink madu,20000,Namo Samo Kamo,8841200485,Balikpapan,2025-01-17 19:04:31,2025-01-18 12:04:31,,Delivered,3
ORD000052,2025-02-02 22:27:25,MDB200,maduboom 200 ml,32000,Moba Nafa Nati,8141708975,Banyuwangi,2025-02-03 00:32:25,2025-02-03 13:32:25,,Processed,3
ORD000053,2025-02-22 23:51:48,MDB200,maduboom 200 ml,32000,Liza Kasa Rano,8261827503,Ternate,2025-02-23 01:12:48,2025-02-24 18:12:48,2025-02-26 18:12:48,Returned,1
ORD000054,2025-01-13 07:28:12,MDB120,maduboom 120 ml,23000,Limo Nari,8159799549,Singkawang,2025-01-13 09:51:12,2025-01-14 19:51:12,2025-01-18 19:51:12,Returned,1
ORD000055,2025-02-26 02:16:49,MDB200,maduboom 200 ml,32000,Rati Jojo,8264296755,Kendari,2025-02-26 04:48:49,2025-02-26 12:48:49,2025-03-05 12:48:49,Returned,1
ORD000056,2025-01-12 02:14:41,VTMMD60,vitaman madu 60 ml,50000,Riti Diri Rili,8971641130,Madiun,2025-01-12 03:18:41,2025-01-12 23:18:41,2025-01-16 23:18:41,Returned,1
ORD000057,2025-02-09 22:11:11,VTM60,vitaman 60 ml,30000,Moti Misa Kali,8897381742,Bojonegoro,2025-02-10 00:43:11,2025-02-11 22:43:11,,Processed,2
ORD000058,2025-01-04 07:29:11,MDB200,maduboom 200 ml,32000,Limi Nara Ridi,8841796528,Lamongan,2025-01-04 08:11:11,2025-01-05 03:11:11,,Processed,2
ORD000059,2025-02-03 21:27:28,MDB200,maduboom 200 ml,32000,Risa Mono,8256280812,Pontianak,2025-02-03 22:36:28,2025-02-05 16:36:28,,Delivered,3
ORD000060,2025-01-14 04:05:22,MDB120,maduboom 120 ml,23000,Naba Rara,8291707181,Mataram,2025-01-14 05:36:22,2025-01-15 00:36:22,,Delivered,2
ORD000061,2025-01-23 07:35:48,MDB200,maduboom 200 ml,32000,Bati Nami,8287840152,Bangli,2025-01-23 10:21:48,2025-01-23 22:21:48,,Delivered,2
ORD000062,2025-01-07 18:21:18,VTM60,vitaman 60 ml,30000,Nara Nona Rifa,8757640840,Gorontalo,2025-01-07 19:49:18,2025-01-08 09:49:18,,Processed,1
ORD000063,2025-02-14 23:41:27,MDB120,maduboom 120 ml,23000,Jora Moba Timo,8207764495,Ponorogo,2025-02-15 00:18:27,2025-02-15 05:18:27,,On Delivery,3
ORD000064,2025-01-12 12:05:44,MDB120,maduboom 120 ml,23000,Rili Lili Fami,8855718576,Bandar Lampung,2025-01-12 13:07:44,2025-01-14 11:07:44,,On Delivery,2
ORD000065,2025-01-20 04:22:40,MDB200,maduboom 200 ml,32000,Lidi Zaza,8535571186,Yogyakarta,2025-01-20 06:37:40,2025-01-22 06:37:40,,Processed,2
ORD000066,2025-01-17 09:04:59,VTMMD60,vitaman madu 60 ml,50000,Jora Baba Liza,8216125773,Boyolali,2025-01-17 11:26:59,2025-01-18 17:26:59,,Delivered,2
ORD000067,2025-01-01 14:45:54,MDB120,maduboom 120 ml,23000,Nojo Nadi,8423975404,Indramayu,2025-01-01 16:15:54,2025-01-03 08:15:54,2025-01-10 08:15:54,Returned,2
ORD000068,2025-01-30 01:16:08,VTMMD60,vitaman madu 60 ml,50000,Rijo Jori Sadi,8655492391,Jayapura,2025-01-30 03:24:08,2025-01-31 21:24:08,,Delivered,2
ORD000069,2025-01-06 07:34:32,VTM60,vitaman 60 ml,30000,Fari Zati,8577425640,Lombok Barat,2025-01-06 08:26:32,2025-01-07 11:26:32,,Delivered,3
ORD000070,2025-01-15 07:33:58,VTM60,vitaman 60 ml,30000,Lifa Nomo,8549376901,Maumere,2025-01-15 08:26:58,2025-01-15 22:26:58,,Processed,3
ORD000071,2025-02-11 13:40:30,MDB120,maduboom 120 ml,23000,Tino Difa,8673500297,Palu,2025-02-11 14:59:30,2025-02-12 22:59:30,,On Delivery,1
ORD000072,2025-01-30 02:22:06,VTMMD60,vitaman madu 60 ml,50000,Radi Najo Jojo,8773490959,Manado,2025-01-30 03:35:06,2025-01-31 19:35:06,,Processed,3
ORD000073,2025-01-18 14:32:41,JDM,jelly drink madu,20000,Mona Mori,8731493325,Cikarang,2025-01-18 16:32:41,2025-01-19 14:32:41,,Delivered,1
ORD000074,2025-02-19 09:26:26,MDB200,maduboom 200 ml,32000,Lika Rana,8234818473,Jakarta,2025-02-19 11:26:26,2025-02-19 16:26:26,,Processed,1
ORD000075,2025-02-02 01:48:09,MDB200,maduboom 200 ml,32000,Dika Mili Nojo,8605855706,Jakarta,2025-02-02 04:38:09,2025-02-03 21:38:09,2025-02-07 21:38:09,Returned,3
ORD000076,2025-02-18 21:27:22,VTMMD60,vitaman madu 60 ml,50000,Mosa Naza,8273223068,Klaten,2025-02-19 00:16:22,2025-02-20 07:16:22,,Delivered,3
ORD000077,2025-02-12 10:00:53,MDB120,maduboom 120 ml,23000,Raza Naza Jomo,8402240864,Pekanbaru,2025-02-12 11:35:53,2025-02-13 23:35:53,,Processed,3
ORD000078,2025-01-16 00:36:21,VTM60,vitaman 60 ml,30000,Noka Zafa Rafa,8334534559,Jembrana,2025-01-16 02:33:21,2025-01-16 14:33:21,,Delivered,1
ORD000079,2025-02-20 01:06:57,MDB200,maduboom 200 ml,32000,Joba Sana,8868303712,Padang,2025-02-20 01:55:57,2025-02-21 22:55:57,,Processed,2
ORD000080,2025-02-03 11:48:44,JDM,jelly drink madu,20000,Moza Zari,8930217927,Ngawi,2025-02-03 13:13:44,2025-02-03 20:13:44,,Delivered,1
ORD000081,2025-01-14 22:37:34,MDB200,maduboom 200 ml,32000,Rili Limi,8313113540,Palangkaraya,2025-01-14 23:23:34,2025-01-15 05:23:34,,Delivered,2
ORD000082,2025-02-17 09:07:26,VTMMD60,vitaman madu 60 ml,50000,Nori Kati Mona,8301361417,Depok,2025-02-17 10:02:26,2025-02-18 12:02:26,,On Delivery,2
ORD000083,2025-01-19 03:11:02,MDB120,maduboom 120 ml,23000,Nosa Rino,8140226405,Bogor,2025-01-19 04:25:02,2025-01-20 18:25:02,,On Delivery,3
ORD000084,2025-01-25 03:14:02,VTM60,vitaman 60 ml,30000,Bamo Diri Jora,8675434510,Madiun,2025-01-25 05:29:02,2025-01-26 15:29:02,,On Delivery,1
ORD000085,2025-01-31 09:17:11,VTM60,vitaman 60 ml,30000,Moba Jofa Faza,8958842095,Madiun,2025-01-31 11:23:11,2025-02-02 02:23:11,,Processed,2
ORD000086,2025-01-30 23:14:41,VTMMD60,vitaman madu 60 ml,50000,Moba Rano Fana,8538697331,Palangkaraya,2025-01-31 01:00:41,2025-02-01 20:00:41,,On Delivery,3
ORD000087,2025-01-02 00:55:12,MDB200,maduboom 200 ml,32000,Rina Raza Tiba,8598424559,Samarinda,2025-01-02 01:55:12,2025-01-03 00:55:12,2025-01-07 00:55:12,Returned,2
ORD000088,2025-01-05 17:19:51,JDM,jelly drink madu,20000,Joti Jofa,8659138604,Surabaya,2025-01-05 20:13:51,2025-01-07 03:13:51,,Delivered,1
ORD000089,2025-01-02 23:58:30,MDB120,maduboom 120 ml,23000,Tiri Tika Joba,8264016686,Ternate,2025-01-03 00:42:30,2025-01-03 12:42:30,,Processed,1
ORD000090,2025-01-05 18:15:34,MDB200,maduboom 200 ml,32000,Moza Rina Difa,8706563676,Serang,2025-01-05 20:44:34,2025-01-07 06:44:34,,On Delivery,2
ORD000091,2025-02-17 06:36:29,VTM60,vitaman 60 ml,30000,Rimo Nora Rira,8476343208,Kediri,2025-02-17 07:47:29,2025-02-17 22:47:29,,On Delivery,3
ORD000092,2025-02-03 05:42:04,MDB120,maduboom 120 ml,23000,Nono Mira Najo,8586428899,Ambon,2025-02-03 06:59:04,2025-02-04 21:59:04,,Delivered,2
ORD000093,2025-01-07 07:02:01,VTMMD60,vitaman madu 60 ml,50000,Rano Zami,8393457780,Kupang,2025-01-07 07:57:01,2025-01-09 00:57:01,,On Delivery,3
ORD000094,2025-01-30 11:27:11,MDB120,maduboom 120 ml,23000,Lira Baka,8361145126,Bandung,2025-01-30 13:08:11,2025-01-30 18:08:11,,On Delivery,2
ORD000095,2025-01-09 04:37:12,MDB120,maduboom 120 ml,23000,Dimi Nosa Nofa,8782236315,Bengkulu,2025-01-09 07:10:12,2025-01-10 08:10:12,,Delivered,2
ORD000096,2025-02-08 03:14:38,VTM60,vitaman 60 ml,30000,Bajo Rara Nafa,8604844124,Sumedang,2025-02-08 04:05:38,2025-02-09 08:05:38,,On Delivery,1
ORD000097,2025-01-24 20:31:23,VTMMD60,vitaman madu 60 ml,50000,Mora Zaza Dijo,8723002919,Palu,2025-01-24 21:48:23,2025-01-25 22:48:23,,Processed,1
ORD000098,2025-01-26 00:27:09,JDM,jelly drink madu,20000,Diba Tili,8967517878,Sorong,2025-01-26 01:29:09,2025-01-27 13:29:09,,On Delivery,3
ORD000099,2025-01-02 00:58:23,VTM60,vitaman 60 ml,30000,Nari Mori Baza,8806698171,Banjarbaru,2025-01-02 02:46:23,2025-01-02 16:46:23,,On Delivery,1
ORD000100,2025-02-27 01:23:41,VTM60,vitaman 60 ml,30000,Rina Miri,8587181605,Maumere,2025-02-27 04:04:41,2025-02-27 11:04:41,,On Delivery,1
ORD000101,2025-02-19 13:04:48,JDM,jelly drink madu,20000,Fari Raza,8657970346,Bangli,2025-02-19 15:49:48,2025-02-21 06:49:48,,On Delivery,2
ORD000102,2025-01-10 12:38:09,JDM,jelly drink madu,20000,Kara Kaza Faba,8686930503,Gresik,2025-01-10 14:19:09,2025-01-12 11:19:09,,Delivered,2
ORD000103,2025-01-20 11:30:39,JDM,jelly drink madu,20000,Noka Nati,8776732915,Tasikmalaya,2025-01-20 12:44:39,2025-01-22 09:44:39,,Delivered,1
ORD000104,2025-01-11 15:21:43,JDM,jelly drink madu,20000,Nari Diri Riti,8118622293,Serang,2025-01-11 17:12:43,2025-01-12 13:12:43,,Delivered,1
ORD000105,2025-02-09 07:26:30,MDB200,maduboom 200 ml,32000,Liba Zari,8388608394,Blitar,2025-02-09 08:18:30,2025-02-10 16:18:30,,Delivered,3
ORD000106,2025-01-15 02:32:28,MDB200,maduboom 200 ml,32000,Mojo Mono Zajo,8289290422,Lombok Barat,2025-01-15 03:50:28,2025-01-15 21:50:28,,On Delivery,3
ORD000107,2025-01-18 06:33:13,MDB120,maduboom 120 ml,23000,Zaza Nori,8665616230,Medan,2025-01-18 08:59:13,2025-01-18 17:59:13,,On Delivery,3
ORD000108,2025-02-08 17:48:08,VTMMD60,vitaman madu 60 ml,50000,Bati Sari Riza,8862944631,Purwakarta,2025-02-08 19:26:08,2025-02-10 03:26:08,,Processed,2
ORD000109,2025-02-10 10:42:24,MDB200,maduboom 200 ml,32000,Liza Zana Tili,8504984707,Pontianak,2025-02-10 12:58:24,2025-02-11 23:58:24,,On Delivery,2
ORD000110,2025-01-10 18:38:19,JDM,jelly drink madu,20000,Jono Basa,8180050950,Lamongan,2025-01-10 20:23:19,2025-01-11 13:23:19,,Processed,2
ORD000111,2025-01-11 04:23:29,MDB200,maduboom 200 ml,32000,Joba Fano Rana,8855328768,Blitar,2025-01-11 04:55:29,2025-01-12 02:55:29,,Delivered,3
ORD000112,2025-02-13 21:41:09,MDB200,maduboom 200 ml,32000,Zafa Riri,8228635711,Palu,2025-02-13 22:54:09,2025-02-15 08:54:09,,Processed,2
ORD000113,2025-01-23 16:02:44,MDB200,maduboom 200 ml,32000,Joti Titi Nori,8881386015,Pekanbaru,2025-01-23 18:34:44,2025-01-24 13:34:44,,Processed,3
ORD000114,2025-01-21 11:16:59,JDM,jelly drink madu,20000,Lisa Raka Diba,8477516756,Palu,2025-01-21 13:16:59,2025-01-23 10:16:59,,Delivered,2
ORD000115,2025-01-30 10:01:39,MDB120,maduboom 120 ml,23000,Bana Sati,8514300613,Gorontalo,2025-01-30 11:21:39,2025-02-01 03:21:39,,Processed,1
ORD000116,2025-02-03 05:47:57,MDB120,maduboom 120 ml,23000,Riti Tira,8564471309,Ambon,2025-02-03 07:06:57,2025-02-04 22:06:57,,Processed,1
ORD000117,2025-02-08 13:12:29,JDM,jelly drink madu,20000,Nadi Bano,8971960282,Bangli,2025-02-08 15:23:29,2025-02-10 15:23:29,,On Delivery,1
ORD000118,2025-02-18 20:09:45,JDM,jelly drink madu,20000,Diza Rano Kaka,8191455487,Sukabumi,2025-02-18 21:34:45,2025-02-19 05:34:45,2025-02-26 05:34:45,Returned,1
ORD000119,2025-02-03 18:54:47,MDB120,maduboom 120 ml,23000,Sano Tiba,8414780668,Probolinggo,2025-02-03 21:00:47,2025-02-05 20:00:47,2025-02-12 20:00:47,Returned,3
ORD000120,2025-01-22 09:49:36,VTM60,vitaman 60 ml,30000,Difa Kaka Nojo,8279274375,Indramayu,2025-01-22 12:00:36,2025-01-23 00:00:36,,Delivered,3
ORD000121,2025-02-07 04:30:35,JDM,jelly drink madu,20000,Sajo Zaba Fafa,8589591816,Sorong,2025-02-07 06:46:35,2025-02-07 18:46:35,,Delivered,3
ORD000122,2025-01-26 09:57:05,VTMMD60,vitaman madu 60 ml,50000,Modi Mona Fari,8561228783,Banjarbaru,2025-01-26 10:52:05,2025-01-27 12:52:05,,On Delivery,1
ORD000123,2025-02-23 09:02:12,MDB120,maduboom 120 ml,23000,Diti Jora,8614459364,Kendari,2025-02-23 10:58:12,2025-02-24 01:58:12,,Delivered,3
ORD000124,2025-02-14 14:11:39,VTMMD60,vitaman madu 60 ml,50000,Diti Riba,8661182867,Surabaya,2025-02-14 16:17:39,2025-02-16 15:17:39,,Delivered,2
ORD000125,2025-01-22 04:00:36,MDB200,maduboom 200 ml,32000,Dino Lili,8286998722,Surabaya,2025-01-22 05:12:36,2025-01-24 04:12:36,,Delivered,2
ORD000126,2025-01-20 21:48:46,VTM60,vitaman 60 ml,30000,Saza Limi,8274097397,Batam,2025-01-20 22:51:46,2025-01-21 08:51:46,,On Delivery,1
ORD000127,2025-01-17 21:57:15,MDB120,maduboom 120 ml,23000,Kari Fajo,8671387841,Maumere,2025-01-17 23:14:15,2025-01-18 05:14:15,2025-01-22 05:14:15,Returned,3
ORD000128,2025-01-12 01:19:40,MDB200,maduboom 200 ml,32000,Rara Badi Nora,8115060747,Lombok Timur,2025-01-12 02:21:40,2025-01-13 00:21:40,,Delivered,3
ORD000129,2025-01-05 06:40:42,MDB200,maduboom 200 ml,32000,Riti Zano Rara,8127167694,Karawang,2025-01-05 08:06:42,2025-01-07 08:06:42,,On Delivery,3
ORD000130,2025-02-18 11:26:45,MDB200,maduboom 200 ml,32000,Nafa Tijo Lifa,8670808958,Serang,2025-02-18 13:25:45,2025-02-20 03:25:45,,Processed,2
ORD000131,2025-02-09 18:18:06,MDB200,maduboom 200 ml,32000,Baka Rira Bami,8849895283,Jayapura,2025-02-09 20:05:06,2025-02-11 15:05:06,,Processed,2
ORD000132,2025-01-16 11:38:30,VTMMD60,vitaman madu 60 ml,50000,Jodi Moka Zafa,8510482776,Larantuka,2025-01-16 13:49:30,2025-01-17 08:49:30,,On Delivery,1
ORD000133,2025-01-17 18:38:43,JDM,jelly drink madu,20000,Fajo Limo,8458476799,Sorong,2025-01-17 19:53:43,2025-01-19 01:53:43,,Delivered,3
ORD000134,2025-01-19 10:27:33,MDB200,maduboom 200 ml,32000,Zana Jojo,8101210644,Cianjur,2025-01-19 11:30:33,2025-01-20 22:30:33,,On Delivery,2
ORD000135,2025-02-02 17:39:41,JDM,jelly drink madu,20000,Titi Fasa Rira,8307769897,Batu,2025-02-02 20:39:41,2025-02-03 17:39:41,,Delivered,1
ORD000136,2025-01-08 21:18:47,MDB120,maduboom 120 ml,23000,Diti Lino,8817380227,Bojonegoro,2025-01-08 22:26:47,2025-01-10 04:26:47,,On Delivery,1
ORD000137,2025-01-24 18:22:15,VTM60,vitaman 60 ml,30000,Dina Saba,8778403709,Karangasem,2025-01-24 21:20:15,2025-01-25 07:20:15,,Delivered,3
ORD000138,2025-01-25 00:47:50,VTMMD60,vitaman madu 60 ml,50000,Faka Lika,8760414158,Cirebon,2025-01-25 02:37:50,2025-01-25 09:37:50,,Processed,2
ORD000139,2025-02-18 14:07:19,MDB200,maduboom 200 ml,32000,Lidi Dili,8512915678,Banyuwangi,2025-02-18 16:57:19,2025-02-20 10:57:19,2025-02-24 10:57:19,Returned,3
ORD000140,2025-01-20 07:47:45,MDB200,maduboom 200 ml,32000,Moli Zari,8431778550,Surabaya,2025-01-20 10:02:45,2025-01-21 09:02:45,,Delivered,1
ORD000141,2025-02-19 02:23:32,VTM60,vitaman 60 ml,30000,Liza Tisa,8272186430,Palu,2025-02-19 03:26:32,2025-02-19 18:26:32,,On Delivery,1
ORD000142,2025-01-19 00:02:54,VTMMD60,vitaman madu 60 ml,50000,Fari Kaka Zaza,8754129172,Cianjur,2025-01-19 02:51:54,2025-01-20 11:51:54,,Processed,3
ORD000143,2025-02-01 14:35:42,JDM,jelly drink madu,20000,Liza Safa,8677460107,Lombok Timur,2025-02-01 16:44:42,2025-02-03 06:44:42,,Processed,2
ORD000144,2025-01-06 04:05:05,JDM,jelly drink madu,20000,Noba Nana,8322719743,Jepara,2025-01-06 05:30:05,2025-01-06 18:30:05,,On Delivery,2
ORD000145,2025-02-26 10:54:51,VTM60,vitaman 60 ml,30000,Sara Tina,8184730248,Samarinda,2025-02-26 11:43:51,2025-02-26 18:43:51,,Delivered,1
ORD000146,2025-02-17 01:46:49,VTM60,vitaman 60 ml,30000,Dimo Naba Lijo,8580351623,Kupang,2025-02-17 02:27:49,2025-02-17 11:27:49,,Delivered,1
ORD000147,2025-01-08 23:03:12,JDM,jelly drink madu,20000,Sana Nona,8919206612,Kudus,2025-01-09 01:32:12,2025-01-10 08:32:12,,Processed,1
ORD000148,2025-01-16 20:21:51,MDB200,maduboom 200 ml,32000,Fara Nosa Lisa,8802053227,Tangerang,2025-01-16 20:57:51,2025-01-17 13:57:51,,Delivered,3
ORD000149,2025-01-03 03:22:16,MDB120,maduboom 120 ml,23000,Jomo Tili,8763312373,Tangerang,2025-01-03 05:30:16,2025-01-04 09:30:16,,Delivered,2
ORD000150,2025-02-11 12:34:18,JDM,jelly drink madu,20000,Jora Faka Raba,8572710339,Sumedang,2025-02-11 14:27:18,2025-02-12 17:27:18,,Delivered,3
ORD000151,2025-01-10 17:16:27,VTMMD60,vitaman madu 60 ml,50000,Namo Jora Mifa,8190855129,Lombok Timur,2025-01-10 19:31:27,2025-01-12 02:31:27,,Delivered,2
ORD000152,2025-01-17 15:26:45,VTMMD60,vitaman madu 60 ml,50000,Lina Tira,8973832769,Cianjur,2025-01-17 17:09:45,2025-01-18 14:09:45,,Delivered,3
ORD000153,2025-01-30 12:10:07,MDB200,maduboom 200 ml,32000,Moli Rino,8863838666,Bandung,2025-01-30 12:44:07,2025-01-31 10:44:07,,Processed,1
ORD000154,2025-02-16 14:06:51,VTM60,vitaman 60 ml,30000,Sali Fara,8967311780,Palembang,2025-02-16 15:16:51,2025-02-18 13:16:51,2025-02-25 13:16:51,Returned,1
ORD000155,2025-02-11 00:12:38,VTM60,vitaman 60 ml,30000,Fami Ramo Liba,8404353444,Tabanan,2025-02-11 01:48:38,2025-02-11 17:48:38,,Processed,2
ORD000156,2025-02-18 10:27:56,VTMMD60,vitaman madu 60 ml,50000,Dijo Rasa Nori,8218743650,Palembang,2025-02-18 12:52:56,2025-02-19 03:52:56,2025-02-24 03:52:56,Returned,2
ORD000157,2025-01-16 17:57:57,VTMMD60,vitaman madu 60 ml,50000,Raza Bami Rira,8611956343,Larantuka,2025-01-16 20:33:57,2025-01-18 15:33:57,,On Delivery,1
ORD000158,2025-02-27 10:20:50,MDB120,maduboom 120 ml,23000,Lino Zamo Zali,8159748674,Denpasar,2025-02-27 12:53:50,2025-03-01 10:53:50,2025-03-06 10:53:50,Returned,1
ORD000159,2025-01-05 22:32:51,MDB200,maduboom 200 ml,32000,Lika Miti,8743606781,Jembrana,2025-01-06 01:19:51,2025-01-07 05:19:51,2025-01-14 05:19:51,Returned,1
ORD000160,2025-01-02 13:24:18,MDB200,maduboom 200 ml,32000,Rati Kajo,8137966242,Lombok Timur,2025-01-02 16:19:18,2025-01-03 15:19:18,,Processed,3
ORD000161,2025-02-12 08:34:05,MDB120,maduboom 120 ml,23000,Fafa Bati,8230286408,Pekanbaru,2025-02-12 09:06:05,2025-02-14 00:06:05,,On Delivery,1
ORD000162,2025-01-26 07:25:26,VTMMD60,vitaman madu 60 ml,50000,Jona Kara Mona,8528152745,Sukabumi,2025-01-26 09:43:26,2025-01-28 07:43:26,,On Delivery,1
ORD000163,2025-02-02 06:31:27,JDM,jelly drink madu,20000,Nodi Faza Lika,8393004487,Serang,2025-02-02 08:05:27,2025-02-03 23:05:27,,Delivered,3
ORD000164,2025-01-20 03:51:00,VTMMD60,vitaman madu 60 ml,50000,Zano Mino,8254593680,Lamongan,2025-01-20 06:01:00,2025-01-20 12:01:00,,Delivered,1
ORD000165,2025-01-02 09:53:25,MDB120,maduboom 120 ml,23000,Faka Dijo,8615175820,Subang,2025-01-02 10:31:25,2025-01-04 08:31:25,,Processed,3
ORD000166,2025-02-13 00:50:20,MDB200,maduboom 200 ml,32000,Nono Tiri,8863036544,Kendari,2025-02-13 02:57:20,2025-02-14 15:57:20,,Delivered,3
ORD000167,2025-02-07 06:05:04,JDM,jelly drink madu,20000,Liti Disa Nojo,8139586381,Samarinda,2025-02-07 07:03:04,2025-02-08 04:03:04,2025-02-15 04:03:04,Returned,2
ORD000168,2025-01-14 04:09:05,VTM60,vitaman 60 ml,30000,Mili Timi,8405992331,Jakarta,2025-01-14 05:23:05,2025-01-14 22:23:05,2025-01-21 22:23:05,Returned,1
ORD000169,2025-01-19 17:02:08,MDB200,maduboom 200 ml,32000,Nojo Rano Zaza,8990702927,Larantuka,2025-01-19 17:44:08,2025-01-21 15:44:08,,On Delivery,1
ORD000170,2025-02-24 01:25:30,VTM60,vitaman 60 ml,30000,Kafa Mijo Limo,8862363993,Padang,2025-02-24 02:50:30,2025-02-25 12:50:30,,Processed,3
ORD000171,2025-02-10 23:52:49,VTM60,vitaman 60 ml,30000,Jori Tijo,8333146988,Jombang,2025-02-11 01:43:49,2025-02-11 08:43:49,,Processed,1
ORD000172,2025-01-01 01:06:35,MDB120,maduboom 120 ml,23000,Rari Miba,8886146381,Depok,2025-01-01 02:26:35,2025-01-03 02:26:35,,Processed,3
ORD000173,2025-01-26 08:46:11,MDB120,maduboom 120 ml,23000,Moza Mimo,8906387161,Makassar,2025-01-26 11:00:11,2025-01-28 01:00:11,,On Delivery,2
ORD000174,2025-02-07 19:03:39,JDM,jelly drink madu,20000,Kamo Bami,8839461364,Semarang,2025-02-07 20:00:39,2025-02-09 20:00:39,,On Delivery,1
ORD000175,2025-01-17 05:29:54,JDM,jelly drink madu,20000,Nori Mora,8694077339,Pontianak,2025-01-17 06:01:54,2025-01-19 00:01:54,,Processed,3
ORD000176,2025-02-26 20:18:17,MDB200,maduboom 200 ml,32000,Fana Mora,8381094647,Malang,2025-02-26 20:59:17,2025-02-28 13:59:17,,On Delivery,2
ORD000177,2025-01-09 09:20:35,JDM,jelly drink madu,20000,Dili Sari,8948319626,Singaraja,2025-01-09 10:39:35,2025-01-11 06:39:35,,Delivered,2
ORD000178,2025-01-29 09:27:31,MDB200,maduboom 200 ml,32000,Kari Safa,8887283191,Padang,2025-01-29 11:34:31,2025-01-31 09:34:31,2025-02-06 09:34:31,Returned,3
ORD000179,2025-02-21 05:39:43,VTM60,vitaman 60 ml,30000,Riri Jori,8655446728,Palu,2025-02-21 07:44:43,2025-02-23 06:44:43,,Delivered,1
ORD000180,2025-01-11 20:16:20,VTMMD60,vitaman madu 60 ml,50000,Mili Mojo,8422074227,Gresik,2025-01-11 23:00:20,2025-01-12 19:00:20,,Processed,2
ORD000181,2025-01-15 01:28:46,MDB120,maduboom 120 ml,23000,Rali Nodi Noli,8122846648,Cikarang,2025-01-15 03:58:46,2025-01-16 22:58:46,,Delivered,1
ORD000182,2025-01-08 03:09:07,VTM60,vitaman 60 ml,30000,Fasa Miri Liza,8526172253,Ngawi,2025-01-08 05:54:07,2025-01-10 05:54:07,,Delivered,3
ORD000183,2025-02-04 23:09:59,MDB200,maduboom 200 ml,32000,Lijo Saza,8416278897,Kudus,2025-02-05 01:50:59,2025-02-05 17:50:59,2025-02-11 17:50:59,Returned,3
ORD000184,2025-01-18 22:25:56,MDB120,maduboom 120 ml,23000,Dimo Nana,8820284358,Gresik,2025-01-19 01:00:56,2025-01-20 09:00:56,,Delivered,1
ORD000185,2025-02-14 03:08:21,MDB200,maduboom 200 ml,32000,Momi Tiza,8452322638,Gorontalo,2025-02-14 05:57:21,2025-02-15 03:57:21,,On Delivery,3
ORD000186,2025-01-02 01:44:50,VTM60,vitaman 60 ml,30000,Mosa Nono,8723653889,Bandung,2025-01-02 02:26:50,2025-01-03 18:26:50,,Delivered,1
ORD000187,2025-01-13 16:08:30,MDB200,maduboom 200 ml,32000,Fana Mimo Moba,8862130733,Madiun,2025-01-13 18:57:30,2025-01-15 02:57:30,,Processed,3
ORD000188,2025-01-07 18:30:32,JDM,jelly drink madu,20000,Nafa Timi,8158741120,Jambi,2025-01-07 21:21:32,2025-01-08 04:21:32,2025-01-12 04:21:32,Returned,3
ORD000189,2025-01-01 18:45:12,MDB200,maduboom 200 ml,32000,Momo Ridi Zali,8580174711,Batam,2025-01-01 20:18:12,2025-01-03 00:18:12,,Delivered,3
ORD000190,2025-02-10 07:25:28,MDB120,maduboom 120 ml,23000,Moli Mika,8616186759,Batam,2025-02-10 08:13:28,2025-02-10 23:13:28,,Delivered,2
ORD000191,2025-02-17 14:11:52,MDB120,maduboom 120 ml,23000,Nami Mora Kana,8541772529,Lombok Barat,2025-02-17 16:18:52,2025-02-18 20:18:52,,Processed,3
ORD000192,2025-02-09 14:32:50,MDB120,maduboom 120 ml,23000,Mimo Ramo,8506846234,Banjarbaru,2025-02-09 16:32:50,2025-02-10 10:32:50,,On Delivery,3
ORD000193,2025-01-31 17:20:49,VTM60,vitaman 60 ml,30000,Nono Moli,8707525687,Ambon,2025-01-31 18:48:49,2025-02-02 08:48:49,,On Delivery,2
ORD000194,2025-01-23 15:20:10,MDB120,maduboom 120 ml,23000,Liza Tino,8870942336,Palangkaraya,2025-01-23 16:12:10,2025-01-25 13:12:10,,Processed,3
ORD000195,2025-01-19 19:58:07,VTM60,vitaman 60 ml,30000,Kasa Safa,8627769742,Banjarmasin,2025-01-19 22:36:07,2025-01-21 07:36:07,2025-01-26 07:36:07,Returned,1
ORD000196,2025-02-06 00:59:21,MDB120,maduboom 120 ml,23000,Jora Raba,8548981784,Gresik,2025-02-06 01:30:21,2025-02-07 03:30:21,,Processed,2
ORD000197,2025-02-01 00:37:33,MDB120,maduboom 120 ml,23000,Lira Miba,8165470104,Batu,2025-02-01 02:00:33,2025-02-02 22:00:33,,On Delivery,1
ORD000198,2025-01-24 07:44:56,MDB120,maduboom 120 ml,23000,Rari Dijo,8370927994,Batu,2025-01-24 10:06:56,2025-01-26 10:06:56,,Processed,2
ORD000199,2025-02-03 22:09:49,VTMMD60,vitaman madu 60 ml,50000,Namo Timi Rino,8984331774,Boyolali,2025-02-04 00:12:49,2025-02-05 13:12:49,2025-02-09 13:12:49,Returned,1
ORD000200,2025-01-28 18:50:55,VTMMD60,vitaman madu 60 ml,50000,Rino Titi,8386769941,Ende,2025-01-28 20:53:55,2025-01-29 04:53:55,,Processed,1
ORD000201,2025-01-26 20:44:49,MDB200,maduboom 200 ml,32000,Noba Rina,8506670758,Ponorogo,2025-01-26 22:10:49,2025-01-27 04:10:49,,Processed,2
ORD000202,2025-02-26 06:13:49,MDB120,maduboom 120 ml,23000,Tili Zafa,8219428559,Garut,2025-02-26 08:08:49,2025-02-27 11:08:49,,Processed,1
ORD000203,2025-02-18 03:43:56,JDM,jelly drink madu,20000,Kaba Lino Jona,8848934912,Larantuka,2025-02-18 05:45:56,2025-02-19 20:45:56,,Processed,1
ORD000204,2025-02-05 01:33:32,VTMMD60,vitaman madu 60 ml,50000,Baba Tiba,8389425369,Bojonegoro,2025-02-05 02:35:32,2025-02-05 20:35:32,,Processed,3
ORD000205,2025-02-22 23:58:10,VTM60,vitaman 60 ml,30000,Nana Nomo,8275507568,Magelang,2025-02-23 01:46:10,2025-02-24 00:46:10,,Processed,2
ORD000206,2025-02-02 04:22:34,MDB120,maduboom 120 ml,23000,Diba Ridi,8952839952,Tegal,2025-02-02 05:19:34,2025-02-02 21:19:34,,Processed,3
ORD000207,2025-01-04 17:12:55,VTM60,vitaman 60 ml,30000,Mimo Bari,8493649557,Tegal,2025-01-04 18:23:55,2025-01-06 02:23:55,,Processed,2
ORD000208,2025-01-12 10:15:39,VTMMD60,vitaman madu 60 ml,50000,Rali Risa Zamo,8539158194,Bandung,2025-01-12 11:13:39,2025-01-13 19:13:39,,Delivered,3
ORD000209,2025-01-19 09:09:05,VTM60,vitaman 60 ml,30000,Noli Mora,8281628326,Singkawang,2025-01-19 11:35:05,2025-01-20 08:35:05,,Delivered,3
ORD000210,2025-02-02 19:53:11,VTM60,vitaman 60 ml,30000,Josa Joza Josa,8561784657,Bogor,2025-02-02 21:08:11,2025-02-04 06:08:11,,Delivered,1
ORD000211,2025-02-06 09:40:10,VTM60,vitaman 60 ml,30000,Liba Dimo Lijo,8133218358,Bandar Lampung,2025-02-06 10:17:10,2025-02-08 06:17:10,,Delivered,1
ORD000212,2025-02-26 13:54:23,MDB200,maduboom 200 ml,32000,Sali Rasa Diba,8347425998,Banjarmasin,2025-02-26 16:29:23,2025-02-28 08:29:23,,On Delivery,1
ORD000213,2025-01-09 03:11:43,VTMMD60,vitaman madu 60 ml,50000,Diti Rafa Lifa,8258884842,Garut,2025-01-09 03:48:43,2025-01-10 22:48:43,,On Delivery,2
ORD000214,2025-01-08 11:26:47,VTMMD60,vitaman madu 60 ml,50000,Dili Sadi,8444087090,Madiun,2025-01-08 12:55:47,2025-01-08 23:55:47,2025-01-12 23:55:47,Returned,3
ORD000215,2025-01-10 13:12:31,VTM60,vitaman 60 ml,30000,Mijo Kati,8726997825,Sorong,2025-01-10 13:55:31,2025-01-11 19:55:31,,Delivered,2
ORD000216,2025-02-23 20:47:18,MDB120,maduboom 120 ml,23000,Misa Fafa Mojo,8812804953,Sumedang,2025-02-23 22:00:18,2025-02-25 06:00:18,2025-03-03 06:00:18,Returned,3
ORD000217,2025-02-19 23:28:57,MDB200,maduboom 200 ml,32000,Joti Faza,8188200612,Kudus,2025-02-20 01:32:57,2025-02-20 23:32:57,,On Delivery,1
ORD000218,2025-02-14 20:14:12,MDB200,maduboom 200 ml,32000,Zaza Mona Kana,8782634602,Balikpapan,2025-02-14 21:03:12,2025-02-16 18:03:12,,Processed,1
ORD000219,2025-01-06 02:48:30,JDM,jelly drink madu,20000,Zaka Lidi,8459748273,Buleleng,2025-01-06 04:43:30,2025-01-07 07:43:30,,On Delivery,1
ORD000220,2025-01-14 04:38:22,VTMMD60,vitaman madu 60 ml,50000,Nati Basa Bari,8377982660,Blitar,2025-01-14 05:18:22,2025-01-15 19:18:22,2025-01-21 19:18:22,Returned,1
ORD000221,2025-01-16 09:10:19,JDM,jelly drink madu,20000,Nofa Nara Zami,8508034203,Gorontalo,2025-01-16 10:09:19,2025-01-18 01:09:19,,On Delivery,2
ORD000222,2025-02-20 00:11:16,VTM60,vitaman 60 ml,30000,Mimo Sadi,8224579710,Pasuruan,2025-02-20 01:05:16,2025-02-20 23:05:16,2025-02-23 23:05:16,Returned,2
ORD000223,2025-01-24 04:17:26,JDM,jelly drink madu,20000,Dimi Miti,8975150062,Klaten,2025-01-24 06:13:26,2025-01-25 06:13:26,,Processed,1
ORD000224,2025-01-12 02:26:19,VTMMD60,vitaman madu 60 ml,50000,Moli Rafa,8746733869,Tuban,2025-01-12 03:59:19,2025-01-12 08:59:19,,On Delivery,2
ORD000225,2025-02-03 21:58:30,MDB120,maduboom 120 ml,23000,Mori Limo Nona,8136276130,Bangli,2025-02-04 00:09:30,2025-02-04 08:09:30,,Delivered,1
ORD000226,2025-01-06 22:04:04,VTM60,vitaman 60 ml,30000,Rimi Joza,8108565648,Ternate,2025-01-07 00:30:04,2025-01-08 15:30:04,,Delivered,3
ORD000227,2025-02-05 12:48:21,VTMMD60,vitaman madu 60 ml,50000,Tika Saka Didi,8617144602,Blitar,2025-02-05 13:32:21,2025-02-06 09:32:21,,On Delivery,1
ORD000228,2025-02-13 16:08:44,MDB200,maduboom 200 ml,32000,Baba Riri Josa,8607202936,Subang,2025-02-13 18:05:44,2025-02-15 00:05:44,2025-02-18 00:05:44,Returned,3
ORD000229,2025-01-16 18:36:46,VTM60,vitaman 60 ml,30000,Zami Mira Diba,8527220792,Batam,2025-01-16 20:17:46,2025-01-18 07:17:46,,Processed,3
ORD000230,2025-01-24 05:11:43,MDB120,maduboom 120 ml,23000,Sasa Zari Dino,8827387062,Jombang,2025-01-24 07:19:43,2025-01-25 09:19:43,,On Delivery,3
ORD000231,2025-02-20 21:05:31,VTM60,vitaman 60 ml,30000,Nafa Zana Difa,8404302091,Banjarbaru,2025-02-20 23:28:31,2025-02-22 18:28:31,,Processed,1
ORD000232,2025-01-05 21:37:03,VTMMD60,vitaman madu 60 ml,50000,Lina Mona Sali,8745164216,Pasuruan,2025-01-05 22:54:03,2025-01-06 07:54:03,,Delivered,1
ORD000233,2025-01-24 08:11:22,MDB120,maduboom 120 ml,23000,Nati Sajo,8467430225,Ponorogo,2025-01-24 10:25:22,2025-01-26 03:25:22,,Processed,3
ORD000234,2025-01-13 16:35:15,JDM,jelly drink madu,20000,Liri Zati Nana,8475703565,Blitar,2025-01-13 18:39:15,2025-01-14 22:39:15,,On Delivery,1
ORD000235,2025-02-04 13:31:07,VTMMD60,vitaman madu 60 ml,50000,Sali Rami,8702651980,Jambi,2025-02-04 16:19:07,2025-02-05 01:19:07,,On Delivery,1
ORD000236,2025-01-19 11:35:12,JDM,jelly drink madu,20000,Ridi Rari Miti,8959866039,Cirebon,2025-01-19 13:15:12,2025-01-21 12:15:12,,Processed,3
ORD000237,2025-01-02 04:31:19,MDB200,maduboom 200 ml,32000,Raza Mika,8800411969,Situbondo,2025-01-02 05:34:19,2025-01-04 04:34:19,,Delivered,3
ORD000238,2025-02-04 07:54:17,VTM60,vitaman 60 ml,30000,Kano Nati Limo,8930614447,Karangasem,2025-02-04 10:27:17,2025-02-04 15:27:17,,Delivered,1
ORD000239,2025-02-09 18:15:49,JDM,jelly drink madu,20000,Tiza Sajo,8222107941,Serang,2025-02-09 19:22:49,2025-02-10 09:22:49,,On Delivery,2
ORD000240,2025-01-18 09:32:51,MDB120,maduboom 120 ml,23000,Bari Kamo,8110077849,Serang,2025-01-18 10:47:51,2025-01-19 04:47:51,,Processed,3
ORD000241,2025-02-25 06:26:32,MDB120,maduboom 120 ml,23000,Kari Rali Nora,8605904641,Purwokerto,2025-02-25 07:29:32,2025-02-26 06:29:32,,Processed,1
ORD000242,2025-02-07 11:11:08,MDB120,maduboom 120 ml,23000,Difa Limo,8301171622,Sukabumi,2025-02-07 12:05:08,2025-02-08 13:05:08,,Delivered,2
ORD000243,2025-01-18 23:02:56,MDB200,maduboom 200 ml,32000,Rano Mira,8180052253,Banjarmasin,2025-01-19 00:09:56,2025-01-20 12:09:56,2025-01-24 12:09:56,Returned,3
ORD000244,2025-02-03 06:27:22,VTMMD60,vitaman madu 60 ml,50000,Bami Sana,8822371278,Manado,2025-02-03 07:58:22,2025-02-04 21:58:22,,Processed,3
ORD000245,2025-01-03 04:22:14,JDM,jelly drink madu,20000,Sajo Jori,8302084361,Gresik,2025-01-03 05:18:14,2025-01-04 20:18:14,,Processed,1
ORD000246,2025-02-23 13:43:28,MDB120,maduboom 120 ml,23000,Jomo Raza,8887464631,Surabaya,2025-02-23 16:27:28,2025-02-24 12:27:28,,On Delivery,2
ORD000247,2025-01-11 05:08:26,VTMMD60,vitaman madu 60 ml,50000,Lika Moli,8171365557,Padang,2025-01-11 06:21:26,2025-01-11 16:21:26,,Delivered,1
ORD000248,2025-01-04 00:04:34,MDB120,maduboom 120 ml,23000,Lili Joka Noka,8718568831,Bekasi,2025-01-04 02:47:34,2025-01-05 19:47:34,,Processed,2
ORD000249,2025-01-28 07:51:25,JDM,jelly drink madu,20000,Saka Zajo,8447173721,Jayapura,2025-01-28 09:41:25,2025-01-28 14:41:25,2025-01-30 14:41:25,Returned,2
ORD000250,2025-02-20 06:21:21,MDB200,maduboom 200 ml,32000,Fari Mino Badi,8719194304,Bojonegoro,2025-02-20 08:50:21,2025-02-20 14:50:21,,On Delivery,1
ORD000251,2025-01-19 03:04:01,MDB200,maduboom 200 ml,32000,Basa Rano Jofa,8207399957,Ende,2025-01-19 04:32:01,2025-01-21 02:32:01,,Delivered,2
ORD000252,2025-01-09 14:29:08,VTM60,vitaman 60 ml,30000,Diti Nona,8505253112,Tuban,2025-01-09 15:12:08,2025-01-10 11:12:08,2025-01-13 11:12:08,Returned,3
ORD000253,2025-01-10 17:25:46,JDM,jelly drink madu,20000,Lili Rimi,8754591830,Pasuruan,2025-01-10 19:59:46,2025-01-11 14:59:46,,Processed,2
ORD000254,2025-01-12 19:53:07,JDM,jelly drink madu,20000,Bafa Mora,8431616266,Badung,2025-01-12 22:23:07,2025-01-14 14:23:07,,On Delivery,2
ORD000255,2025-02-07 04:59:22,MDB120,maduboom 120 ml,23000,Faza Miti,8447104978,Bekasi,2025-02-07 05:44:22,2025-02-08 15:44:22,,On Delivery,3
ORD000256,2025-01-10 21:06:10,VTMMD60,vitaman madu 60 ml,50000,Sajo Mona Lina,8259960725,Bekasi,2025-01-10 23:42:10,2025-01-11 20:42:10,,Processed,1
ORD000257,2025-01-30 23:53:38,MDB120,maduboom 120 ml,23000,Sari Titi Mojo,8911240364,Maumere,2025-01-31 00:42:38,2025-02-01 07:42:38,2025-02-05 07:42:38,Returned,3
ORD000258,2025-02-02 15:51:39,VTM60,vitaman 60 ml,30000,Kaza Jori Kara,8417134506,Kupang,2025-02-02 16:29:39,2025-02-03 03:29:39,,Processed,1
ORD000259,2025-02-15 23:17:57,MDB120,maduboom 120 ml,23000,Nora Noza,8235108359,Banyuwangi,2025-02-16 01:18:57,2025-02-16 17:18:57,,Delivered,3
ORD000260,2025-02-21 03:26:42,VTM60,vitaman 60 ml,30000,Jono Tira Baza,8194378946,Yogyakarta,2025-02-21 04:09:42,2025-02-21 23:09:42,,Delivered,1
ORD000261,2025-01-19 16:57:32,VTM60,vitaman 60 ml,30000,Nara Faza,8688129444,Purwakarta,2025-01-19 19:19:32,2025-01-20 05:19:32,,On Delivery,1
ORD000262,2025-02-01 20:52:06,VTMMD60,vitaman madu 60 ml,50000,Mino Liza Liti,8259751921,Boyolali,2025-02-01 23:28:06,2025-02-02 16:28:06,,On Delivery,1
ORD000263,2025-02-20 23:34:14,MDB120,maduboom 120 ml,23000,Joka Mojo,8214751975,Singaraja,2025-02-21 00:32:14,2025-02-22 20:32:14,,Processed,3
ORD000264,2025-01-09 01:18:01,MDB120,maduboom 120 ml,23000,Jofa Rafa,8700077870,Blitar,2025-01-09 03:48:01,2025-01-10 19:48:01,,Processed,3
ORD000265,2025-02-23 00:37:14,JDM,jelly drink madu,20000,Zajo Moli Lidi,8306680067,Sorong,2025-02-23 03:16:14,2025-02-24 08:16:14,,On Delivery,2
ORD000266,2025-01-16 17:01:21,MDB120,maduboom 120 ml,23000,Didi Mono Nafa,8492354313,Tegal,2025-01-16 18:12:21,2025-01-17 15:12:21,,Processed,3
ORD000267,2025-02-21 10:04:47,JDM,jelly drink madu,20000,Kali Zano Famo,8482882929,Padang,2025-02-21 12:19:47,2025-02-23 06:19:47,,Processed,1
ORD000268,2025-01-16 16:39:24,JDM,jelly drink madu,20000,Mori Joli Josa,8560633381,Bandung,2025-01-16 17:55:24,2025-01-17 19:55:24,,On Delivery,2
ORD000269,2025-01-18 00:27:40,VTM60,vitaman 60 ml,30000,Kamo Mifa Kajo,8474338519,Surabaya,2025-01-18 02:13:40,2025-01-18 18:13:40,,Delivered,1
ORD000270,2025-02-22 08:23:08,MDB200,maduboom 200 ml,32000,Nafa Timo Jona,8784466933,Palu,2025-02-22 11:12:08,2025-02-22 19:12:08,,Processed,2
ORD000271,2025-01-25 07:23:47,JDM,jelly drink madu,20000,Disa Diri,8598975567,Palangkaraya,2025-01-25 09:34:47,2025-01-26 23:34:47,,On Delivery,1
ORD000272,2025-02-09 09:12:03,MDB120,maduboom 120 ml,23000,Timo Momo Rino,8851950255,Sidoarjo,2025-02-09 11:01:03,2025-02-10 09:01:03,,Delivered,3
ORD000273,2025-02-02 20:27:02,JDM,jelly drink madu,20000,Nadi Noli Kaba,8991504155,Sorong,2025-02-02 23:24:02,2025-02-03 21:24:02,,Delivered,3
ORD000274,2025-02-19 23:12:57,MDB120,maduboom 120 ml,23000,Kati Bami,8768472619,Cikarang,2025-02-20 00:49:57,2025-02-21 12:49:57,,On Delivery,2
ORD000275,2025-02-06 10:06:34,VTM60,vitaman 60 ml,30000,Titi Tina,8616284221,Singkawang,2025-02-06 12:32:34,2025-02-07 12:32:34,,Delivered,3
ORD000276,2025-02-05 23:38:04,MDB120,maduboom 120 ml,23000,Lidi Rari,8668606363,Semarang,2025-02-06 00:23:04,2025-02-07 19:23:04,2025-02-11 19:23:04,Returned,1
ORD000277,2025-02-22 06:59:14,MDB200,maduboom 200 ml,32000,Moka Tiza Mili,8838720566,Surabaya,2025-02-22 08:38:14,2025-02-23 10:38:14,,Processed,2
ORD000278,2025-02-23 05:15:14,MDB200,maduboom 200 ml,32000,Zati Rajo,8317950656,Badung,2025-02-23 08:10:14,2025-02-24 11:10:14,,Processed,1
ORD000279,2025-01-15 15:14:26,MDB200,maduboom 200 ml,32000,Kati Mojo Nofa,8601168348,Indramayu,2025-01-15 18:13:26,2025-01-16 23:13:26,,Processed,1
ORD000280,2025-02-07 09:15:30,MDB120,maduboom 120 ml,23000,Nadi Kati,8711294436,Purwakarta,2025-02-07 11:24:30,2025-02-08 15:24:30,,Processed,2
ORD000281,2025-01-09 15:25:13,VTM60,vitaman 60 ml,30000,Mifa Basa,8955392384,Medan,2025-01-09 18:16:13,2025-01-11 10:16:13,,On Delivery,3
ORD000282,2025-02-11 01:08:49,VTMMD60,vitaman madu 60 ml,50000,Bafa Josa,8901677408,Larantuka,2025-02-11 03:52:49,2025-02-12 06:52:49,,On Delivery,1
ORD000283,2025-02-09 02:33:35,VTMMD60,vitaman madu 60 ml,50000,Samo Samo,8758694175,Magelang,2025-02-09 04:02:35,2025-02-09 17:02:35,2025-02-13 17:02:35,Returned,3
ORD000284,2025-02-23 12:16:54,VTMMD60,vitaman madu 60 ml,50000,Lijo Baka,8606411883,Karawang,2025-02-23 13:10:54,2025-02-25 12:10:54,,Delivered,3
ORD000285,2025-01-06 09:38:03,MDB200,maduboom 200 ml,32000,Najo Limo Kati,8572498483,Ende,2025-01-06 11:35:03,2025-01-07 02:35:03,,Processed,3
ORD000286,2025-01-25 09:39:45,VTM60,vitaman 60 ml,30000,Nana Nana,8409509468,Mataram,2025-01-25 11:26:45,2025-01-26 19:26:45,,On Delivery,1
ORD000287,2025-01-30 05:23:37,VTM60,vitaman 60 ml,30000,Rafa Fana Fajo,8535517469,Ende,2025-01-30 08:18:37,2025-01-31 05:18:37,,On Delivery,3
ORD000288,2025-01-30 10:47:22,MDB200,maduboom 200 ml,32000,Rino Saza,8743056238,Ponorogo,2025-01-30 11:23:22,2025-01-31 15:23:22,,Processed,1
ORD000289,2025-01-26 17:14:46,VTM60,vitaman 60 ml,30000,Baka Momo Sari,8644478756,Sidoarjo,2025-01-26 20:06:46,2025-01-27 08:06:46,,On Delivery,3
ORD000290,2025-01-19 03:28:29,MDB200,maduboom 200 ml,32000,Fafa Josa,8484506298,Gresik,2025-01-19 05:24:29,2025-01-19 22:24:29,,On Delivery,1
ORD000291,2025-02-01 22:07:46,VTM60,vitaman 60 ml,30000,Dino Lidi,8997782887,Jayapura,2025-02-01 23:46:46,2025-02-03 06:46:46,,On Delivery,3
ORD000292,2025-02-03 13:53:02,MDB200,maduboom 200 ml,32000,Miza Lijo,8730992728,Situbondo,2025-02-03 15:12:02,2025-02-04 01:12:02,,Delivered,1
ORD000293,2025-02-07 08:19:22,JDM,jelly drink madu,20000,Rifa Rina Rimo,8315164099,Ende,2025-02-07 10:58:22,2025-02-08 00:58:22,,Processed,1
ORD000294,2025-01-19 01:58:31,VTMMD60,vitaman madu 60 ml,50000,Mimi Jomi,8690970228,Singkawang,2025-01-19 04:11:31,2025-01-20 11:11:31,,Delivered,3
ORD000295,2025-01-22 23:43:29,VTM60,vitaman 60 ml,30000,Jona Kara,8285351632,Palu,2025-01-23 00:48:29,2025-01-24 21:48:29,,Processed,3
ORD000296,2025-01-05 02:28:25,VTM60,vitaman 60 ml,30000,Fati Nodi Nari,8294774293,Gorontalo,2025-01-05 03:23:25,2025-01-06 10:23:25,,On Delivery,1
ORD000297,2025-02-26 21:34:55,JDM,jelly drink madu,20000,Kara Misa,8232289375,Samarinda,2025-02-27 00:34:55,2025-02-28 15:34:55,,Delivered,2
ORD000298,2025-01-15 16:55:43,VTM60,vitaman 60 ml,30000,Baba Zami,8812840249,Padang,2025-01-15 17:48:43,2025-01-17 00:48:43,,On Delivery,1
ORD000299,2025-02-07 16:45:11,VTMMD60,vitaman madu 60 ml,50000,Nami Zajo,8907476286,Jakarta,2025-02-07 19:32:11,2025-02-08 08:32:11,,Delivered,1
ORD000300,2025-01-30 12:16:37,VTM60,vitaman 60 ml,30000,Zati Timi,8227079494,Bogor,2025-01-30 14:29:37,2025-01-31 19:29:37,,Delivered,3
ORD000301,2025-02-19 09:11:08,MDB200,maduboom 200 ml,32000,Nali Tili,8178212010,Palembang,2025-02-19 09:57:08,2025-02-20 23:57:08,,Processed,2
ORD000302,2025-01-11 01:11:52,VTMMD60,vitaman madu 60 ml,50000,Dina Liti Diri,8969374997,Malang,2025-01-11 04:04:52,2025-01-12 05:04:52,,On Delivery,1
ORD000303,2025-02-02 21:51:26,VTMMD60,vitaman madu 60 ml,50000,Jomo Jona,8742218890,Bandung,2025-02-02 23:44:26,2025-02-04 17:44:26,,Delivered,3
ORD000304,2025-02-03 10:13:31,VTM60,vitaman 60 ml,30000,Zara Mona,8324081563,Jembrana,2025-02-03 10:53:31,2025-02-04 12:53:31,,Processed,3
ORD000305,2025-02-03 07:55:26,MDB120,maduboom 120 ml,23000,Tina Jori,8492220745,Ngawi,2025-02-03 09:40:26,2025-02-03 16:40:26,,On Delivery,1
ORD000306,2025-01-30 17:19:26,JDM,jelly drink madu,20000,Jofa Baka,8414099507,Indramayu,2025-01-30 19:32:26,2025-01-31 11:32:26,,Delivered,1
ORD000307,2025-01-22 02:42:18,MDB200,maduboom 200 ml,32000,Mofa Rira,8487044116,Karangasem,2025-01-22 04:08:18,2025-01-23 00:08:18,,Delivered,2
ORD000308,2025-02-28 22:31:33,MDB200,maduboom 200 ml,32000,Rano Moka,8767872214,Lombok Timur,2025-02-28 23:32:33,2025-03-01 21:32:33,,Processed,1
ORD000309,2025-01-09 02:52:19,MDB120,maduboom 120 ml,23000,Mika Dina,8524641219,Tabanan,2025-01-09 05:46:19,2025-01-09 14:46:19,2025-01-11 14:46:19,Returned,2
ORD000310,2025-02-11 12:09:43,JDM,jelly drink madu,20000,Tiza Jomo,8331569615,Kupang,2025-02-11 14:46:43,2025-02-12 01:46:43,,On Delivery,3
ORD000311,2025-01-06 20:53:27,MDB200,maduboom 200 ml,32000,Liri Fadi Nojo,8300154517,Palangkaraya,2025-01-06 22:44:27,2025-01-07 06:44:27,,On Delivery,1
ORD000312,2025-02-07 12:55:01,JDM,jelly drink madu,20000,Jofa Liti,8721467710,Jakarta,2025-02-07 14:21:01,2025-02-09 00:21:01,,Processed,1
ORD000313,2025-01-02 23:53:20,VTMMD60,vitaman madu 60 ml,50000,Didi Moka,8984418324,Palu,2025-01-03 01:02:20,2025-01-03 21:02:20,,Processed,3
ORD000314,2025-02-20 14:48:40,MDB200,maduboom 200 ml,32000,Rina Kana,8412338539,Sidoarjo,2025-02-20 17:48:40,2025-02-21 08:48:40,,Delivered,3
ORD000315,2025-01-07 23:58:20,VTM60,vitaman 60 ml,30000,Basa Lidi,8884851679,Batam,2025-01-08 01:20:20,2025-01-09 00:20:20,2025-01-14 00:20:20,Returned,2
ORD000316,2025-01-16 07:11:55,VTM60,vitaman 60 ml,30000,Kano Fano Bati,8644370182,Sukabumi,2025-01-16 10:09:55,2025-01-18 10:09:55,,Processed,2
ORD000317,2025-01-19 07:14:45,MDB120,maduboom 120 ml,23000,Zali Zami Noli,8558114035,Boyolali,2025-01-19 08:09:45,2025-01-21 02:09:45,,Delivered,3
ORD000318,2025-01-21 15:07:56,MDB120,maduboom 120 ml,23000,Mona Ridi,8116007246,Karawang,2025-01-21 16:29:56,2025-01-22 10:29:56,,Delivered,2
ORD000319,2025-02-07 14:07:49,JDM,jelly drink madu,20000,Mori Rifa,8487021213,Palembang,2025-02-07 15:30:49,2025-02-09 01:30:49,,Processed,1
ORD000320,2025-02-25 04:47:26,VTMMD60,vitaman madu 60 ml,50000,Lili Zaza Joza,8623863229,Ponorogo,2025-02-25 05:22:26,2025-02-26 21:22:26,,Processed,2
ORD000321,2025-02-09 18:09:32,MDB200,maduboom 200 ml,32000,Raza Dira,8492998149,Subang,2025-02-09 20:29:32,2025-02-10 14:29:32,,Processed,3
ORD000322,2025-01-13 00:54:08,VTMMD60,vitaman madu 60 ml,50000,Riba Nora,8686500503,Padang,2025-01-13 01:46:08,2025-01-14 12:46:08,,Delivered,3
ORD000323,2025-02-20 04:30:11,MDB120,maduboom 120 ml,23000,Misa Baka,8888124437,Sorong,2025-02-20 05:44:11,2025-02-22 00:44:11,,Processed,3
ORD000324,2025-02-19 19:47:18,VTMMD60,vitaman madu 60 ml,50000,Dira Liri,8100222647,Tuban,2025-02-19 20:36:18,2025-02-20 08:36:18,,On Delivery,3
ORD000325,2025-02-01 02:12:11,MDB200,maduboom 200 ml,32000,Bana Zari Faza,8572485257,Cianjur,2025-02-01 04:05:11,2025-02-02 04:05:11,,Processed,3
ORD000326,2025-02-06 18:52:26,VTM60,vitaman 60 ml,30000,Lisa Naka,8489473276,Boyolali,2025-02-06 21:09:26,2025-02-08 02:09:26,,Processed,3
ORD000327,2025-01-28 12:28:58,JDM,jelly drink madu,20000,Baba Kari Jori,8395519691,Gresik,2025-01-28 13:28:58,2025-01-30 08:28:58,,Delivered,1
ORD000328,2025-01-23 23:31:53,MDB120,maduboom 120 ml,23000,Kadi Mosa,8226230024,Jepara,2025-01-24 00:40:53,2025-01-24 19:40:53,,Processed,3
ORD000329,2025-02-10 01:27:19,MDB120,maduboom 120 ml,23000,Fadi Bali Zamo,8570356581,Bandung,2025-02-10 03:26:19,2025-02-11 01:26:19,,Delivered,2
ORD000330,2025-01-25 02:11:58,MDB120,maduboom 120 ml,23000,Lira Sadi Joti,8570630799,Gianyar,2025-01-25 05:05:58,2025-01-25 15:05:58,,Processed,2
ORD000331,2025-02-07 20:12:06,MDB200,maduboom 200 ml,32000,Fara Nasa,8545474829,Palu,2025-02-07 21:22:06,2025-02-08 07:22:06,,Delivered,3
ORD000332,2025-01-26 06:15:08,JDM,jelly drink madu,20000,Kati Bari Faka,8457271353,Manado,2025-01-26 06:52:08,2025-01-27 21:52:08,,Processed,1
ORD000333,2025-01-02 19:51:58,VTM60,vitaman 60 ml,30000,Dimi Rami Saka,8223939639,Singkawang,2025-01-02 21:29:58,2025-01-03 02:29:58,,Delivered,2
ORD000334,2025-01-30 13:13:22,MDB200,maduboom 200 ml,32000,Nadi Zaza,8832410853,Ambon,2025-01-30 15:56:22,2025-02-01 00:56:22,,On Delivery,3
ORD000335,2025-02-13 09:36:27,VTM60,vitaman 60 ml,30000,Liba Zano Tili,8404883210,Palembang,2025-02-13 11:25:27,2025-02-15 06:25:27,,Processed,1
ORD000336,2025-02-28 00:51:25,JDM,jelly drink madu,20000,Jomi Bali Rajo,8187313229,Purwakarta,2025-02-28 02:14:25,2025-02-28 21:14:25,2025-03-04 21:14:25,Returned,2
ORD000337,2025-02-22 07:16:19,JDM,jelly drink madu,20000,Moka Momi,8337540680,Kediri,2025-02-22 09:14:19,2025-02-23 20:14:19,,On Delivery,2
ORD000338,2025-01-06 09:15:18,JDM,jelly drink madu,20000,Nami Lira Modi,8271491209,Banjarbaru,2025-01-06 10:51:18,2025-01-07 22:51:18,,On Delivery,2
ORD000339,2025-01-06 12:49:15,MDB200,maduboom 200 ml,32000,Mifa Nora,8384897277,Bengkulu,2025-01-06 14:03:15,2025-01-07 08:03:15,,Processed,2
ORD000340,2025-02-14 06:56:49,JDM,jelly drink madu,20000,Zari Tidi,8538827119,Situbondo,2025-02-14 09:30:49,2025-02-15 15:30:49,,On Delivery,1
ORD000341,2025-01-06 12:40:09,VTM60,vitaman 60 ml,30000,Zaka Liza,8513223834,Karangasem,2025-01-06 14:08:09,2025-01-08 00:08:09,,On Delivery,3
ORD000342,2025-01-26 14:14:43,MDB200,maduboom 200 ml,32000,Riza Misa Nosa,8367843322,Karawang,2025-01-26 15:25:43,2025-01-28 05:25:43,,Delivered,2
ORD000343,2025-01-10 11:21:05,VTM60,vitaman 60 ml,30000,Raka Kaba Liza,8580413842,Cianjur,2025-01-10 14:04:05,2025-01-10 21:04:05,,Processed,2
ORD000344,2025-01-29 23:47:38,JDM,jelly drink madu,20000,Fadi Lijo Diza,8935040888,Bandar Lampung,2025-01-30 00:54:38,2025-01-30 12:54:38,2025-02-05 12:54:38,Returned,3
ORD000345,2025-01-08 15:09:31,MDB200,maduboom 200 ml,32000,Noba Bajo Tiri,8758961544,Batu,2025-01-08 16:02:31,2025-01-10 15:02:31,,Delivered,1
ORD000346,2025-01-14 03:04:59,VTMMD60,vitaman madu 60 ml,50000,Mira Rika,8281330169,Depok,2025-01-14 05:41:59,2025-01-15 15:41:59,,Delivered,1
ORD000347,2025-01-16 22:06:37,MDB200,maduboom 200 ml,32000,Rami Tifa,8821932701,Purwakarta,2025-01-16 23:33:37,2025-01-18 09:33:37,,Processed,1
ORD000348,2025-01-28 07:07:35,VTM60,vitaman 60 ml,30000,Mimo Dimi,8518558108,Gorontalo,2025-01-28 09:14:35,2025-01-30 09:14:35,,Delivered,1
ORD000349,2025-02-24 08:28:32,VTM60,vitaman 60 ml,30000,Difa Rifa Sati,8797314669,Maumere,2025-02-24 09:23:32,2025-02-26 06:23:32,,Delivered,2
ORD000350,2025-01-20 02:05:36,VTMMD60,vitaman madu 60 ml,50000,Zajo Rimi Zano,8414829695,Sumedang,2025-01-20 03:57:36,2025-01-21 13:57:36,,Delivered,1
ORD000351,2025-01-01 05:19:57,MDB200,maduboom 200 ml,32000,Naba Moka Lijo,8294465788,Sukabumi,2025-01-01 07:38:57,2025-01-01 20:38:57,2025-01-07 20:38:57,Returned,2
ORD000352,2025-02-28 15:25:58,VTM60,vitaman 60 ml,30000,Momi Nomo Modi,8657966569,Bojonegoro,2025-02-28 18:00:58,2025-03-02 14:00:58,,Processed,3
ORD000353,2025-02-21 03:19:19,MDB200,maduboom 200 ml,32000,Tiba Lifa Zaza,8419484623,Cianjur,2025-02-21 05:41:19,2025-02-21 21:41:19,,Processed,2
ORD000354,2025-01-19 23:16:16,MDB120,maduboom 120 ml,23000,Kari Miza,8247191777,Jepara,2025-01-20 01:53:16,2025-01-21 15:53:16,,Delivered,1
ORD000355,2025-02-08 10:47:07,MDB120,maduboom 120 ml,23000,Fara Nari Naza,8471158199,Banyuwangi,2025-02-08 11:25:07,2025-02-09 22:25:07,,Delivered,1
ORD000356,2025-02-07 01:21:58,MDB120,maduboom 120 ml,23000,Jona Diti Kadi,8197422068,Subang,2025-02-07 03:41:58,2025-02-08 08:41:58,2025-02-11 08:41:58,Returned,2
ORD000357,2025-01-22 09:35:06,MDB120,maduboom 120 ml,23000,Bati Radi,8827169813,Ambon,2025-01-22 11:10:06,2025-01-24 06:10:06,,Processed,3
ORD000358,2025-02-20 22:25:23,VTM60,vitaman 60 ml,30000,Mimi Sasa Mino,8106625523,Karangasem,2025-02-20 23:26:23,2025-02-22 03:26:23,,Processed,3
ORD000359,2025-02-04 08:19:48,MDB120,maduboom 120 ml,23000,Kati Diti Zana,8825327915,Semarang,2025-02-04 10:07:48,2025-02-06 07:07:48,,Delivered,2
ORD000360,2025-01-18 18:29:03,MDB120,maduboom 120 ml,23000,Dimi Moka Zadi,8307501787,Sorong,2025-01-18 20:48:03,2025-01-20 04:48:03,,On Delivery,2
ORD000361,2025-01-31 04:24:42,VTMMD60,vitaman madu 60 ml,50000,Zaza Kaka,8615438484,Sorong,2025-01-31 05:59:42,2025-01-31 12:59:42,,On Delivery,1
ORD000362,2025-02-21 14:36:30,MDB200,maduboom 200 ml,32000,Lira Lisa,8316897894,Lamongan,2025-02-21 15:50:30,2025-02-22 07:50:30,,Delivered,1
ORD000363,2025-01-17 09:12:04,JDM,jelly drink madu,20000,Nojo Miti,8186631951,Gorontalo,2025-01-17 09:44:04,2025-01-19 06:44:04,,On Delivery,1
ORD000364,2025-01-02 17:50:32,VTMMD60,vitaman madu 60 ml,50000,Nara Midi Lina,8101446191,Larantuka,2025-01-02 19:34:32,2025-01-04 06:34:32,,Delivered,1
ORD000365,2025-01-30 22:24:24,MDB200,maduboom 200 ml,32000,Noka Rami,8159639081,Mataram,2025-01-31 00:57:24,2025-02-01 10:57:24,,On Delivery,3
ORD000366,2025-01-25 04:58:16,JDM,jelly drink madu,20000,Nofa Sadi Zaka,8960525574,Tegal,2025-01-25 06:50:16,2025-01-25 18:50:16,2025-01-28 18:50:16,Returned,2
ORD000367,2025-02-27 03:34:23,VTM60,vitaman 60 ml,30000,Liba Kaka Liba,8690466536,Ponorogo,2025-02-27 06:05:23,2025-02-27 13:05:23,,Processed,2
ORD000368,2025-02-23 01:34:07,MDB120,maduboom 120 ml,23000,Baza Rira,8457062849,Banjarbaru,2025-02-23 03:01:07,2025-02-24 22:01:07,,On Delivery,1
ORD000369,2025-02-23 17:18:01,VTM60,vitaman 60 ml,30000,Tika Rana,8524714829,Pontianak,2025-02-23 18:35:01,2025-02-24 06:35:01,,On Delivery,1
ORD000370,2025-02-05 08:46:44,MDB200,maduboom 200 ml,32000,Rifa Diza,8317470457,Medan,2025-02-05 10:32:44,2025-02-06 07:32:44,,On Delivery,2
ORD000371,2025-01-10 23:37:38,VTM60,vitaman 60 ml,30000,Lira Bajo Zaza,8127826951,Palangkaraya,2025-01-11 00:11:38,2025-01-11 22:11:38,,Processed,1
ORD000372,2025-02-23 12:38:12,MDB200,maduboom 200 ml,32000,Limo Rara,8414079555,Semarang,2025-02-23 13:53:12,2025-02-25 11:53:12,2025-03-02 11:53:12,Returned,3
ORD000373,2025-02-01 20:19:32,VTM60,vitaman 60 ml,30000,Momo Tijo Moti,8709520212,Denpasar,2025-02-01 20:53:32,2025-02-03 18:53:32,,Processed,2
ORD000374,2025-02-04 12:20:09,MDB120,maduboom 120 ml,23000,Raza Moti,8218794464,Serang,2025-02-04 15:09:09,2025-02-05 17:09:09,,Processed,3
ORD000375,2025-01-04 23:59:51,MDB120,maduboom 120 ml,23000,Fami Noti,8578321301,Jepara,2025-01-05 02:22:51,2025-01-05 16:22:51,,Delivered,2
ORD000376,2025-01-06 03:12:24,JDM,jelly drink madu,20000,Miba Riti Rira,8773284910,Probolinggo,2025-01-06 05:35:24,2025-01-08 00:35:24,2025-01-13 00:35:24,Returned,3
ORD000377,2025-02-09 11:38:01,VTM60,vitaman 60 ml,30000,Dika Noba,8269880715,Cikarang,2025-02-09 14:15:01,2025-02-10 14:15:01,,Processed,2
ORD000378,2025-01-20 10:59:22,JDM,jelly drink madu,20000,Rino Limi Dijo,8865649225,Cirebon,2025-01-20 12:19:22,2025-01-22 12:19:22,,Processed,3
ORD000379,2025-01-13 15:30:16,MDB120,maduboom 120 ml,23000,Lifa Bami Nosa,8416634278,Gresik,2025-01-13 18:15:16,2025-01-14 17:15:16,,Processed,1
ORD000380,2025-02-28 19:23:58,MDB200,maduboom 200 ml,32000,Lika Nali Moti,8242975188,Medan,2025-02-28 21:18:58,2025-03-01 19:18:58,,Processed,2
ORD000381,2025-01-23 15:09:39,JDM,jelly drink madu,20000,Tisa Ramo Raza,8728831184,Sumedang,2025-01-23 16:38:39,2025-01-24 14:38:39,,Delivered,1
ORD000382,2025-01-18 04:13:23,MDB200,maduboom 200 ml,32000,Dimi Modi,8626239199,Kudus,2025-01-18 06:22:23,2025-01-18 15:22:23,,On Delivery,2
ORD000383,2025-01-13 00:12:10,VTM60,vitaman 60 ml,30000,Jono Tino Fasa,8869871317,Serang,2025-01-13 01:42:10,2025-01-13 10:42:10,,On Delivery,2
ORD000384,2025-01-21 16:57:52,VTM60,vitaman 60 ml,30000,Raba Rajo Nora,8969205120,Tegal,2025-01-21 18:45:52,2025-01-22 09:45:52,,On Delivery,3
ORD000385,2025-02-28 12:02:01,VTMMD60,vitaman madu 60 ml,50000,Saza Nosa,8696049713,Garut,2025-02-28 13:28:01,2025-03-01 08:28:01,,On Delivery,2
ORD000386,2025-02-10 14:01:52,VTM60,vitaman 60 ml,30000,Dili Sajo,8648429911,Kudus,2025-02-10 15:28:52,2025-02-12 09:28:52,2025-02-16 09:28:52,Returned,2
ORD000387,2025-01-19 18:02:54,VTMMD60,vitaman madu 60 ml,50000,Nara Bara,8921325202,Banyuwangi,2025-01-19 20:13:54,2025-01-20 11:13:54,,Delivered,3
ORD000388,2025-01-07 13:55:17,MDB200,maduboom 200 ml,32000,Mimi Tina,8166815074,Sukabumi,2025-01-07 15:14:17,2025-01-09 05:14:17,,Processed,1
ORD000389,2025-02-14 14:10:03,JDM,jelly drink madu,20000,Moba Rara Jojo,8485142788,Bekasi,2025-02-14 16:17:03,2025-02-15 19:17:03,,Processed,1
ORD000390,2025-02-07 23:41:38,VTM60,vitaman 60 ml,30000,Ramo Nami Rana,8723840740,Gorontalo,2025-02-08 02:12:38,2025-02-08 14:12:38,2025-02-12 14:12:38,Returned,3
ORD000391,2025-02-08 15:51:09,VTM60,vitaman 60 ml,30000,Miri Nomi,8542374462,Ponorogo,2025-02-08 18:09:09,2025-02-10 14:09:09,,Processed,3
ORD000392,2025-02-09 18:26:44,VTMMD60,vitaman madu 60 ml,50000,Baka Lika,8846591726,Kudus,2025-02-09 18:56:44,2025-02-10 16:56:44,,Processed,1
ORD000393,2025-01-10 02:44:01,JDM,jelly drink madu,20000,Kaba Tiza Rana,8447707863,Kendari,2025-01-10 04:23:01,2025-01-11 03:23:01,,On Delivery,1
ORD000394,2025-02-22 16:36:54,VTM60,vitaman 60 ml,30000,Nasa Nana Rami,8309879041,Singaraja,2025-02-22 17:30:54,2025-02-24 14:30:54,,Processed,3
ORD000395,2025-01-01 18:47:48,VTM60,vitaman 60 ml,30000,Baka Liza Rijo,8706358243,Subang,2025-01-01 19:37:48,2025-01-03 16:37:48,,Delivered,2
ORD000396,2025-01-10 03:39:13,MDB120,maduboom 120 ml,23000,Tiri Jojo,8825704873,Palembang,2025-01-10 05:34:13,2025-01-11 13:34:13,,On Delivery,2
ORD000397,2025-01-28 06:47:38,MDB200,maduboom 200 ml,32000,Rara Timi Lino,8667174438,Cianjur,2025-01-28 08:34:38,2025-01-29 10:34:38,,Delivered,3
ORD000398,2025-01-30 18:49:03,VTMMD60,vitaman madu 60 ml,50000,Zaza Joli Risa,8423995843,Serang,2025-01-30 19:24:03,2025-01-31 11:24:03,,On Delivery,1
ORD000399,2025-01-01 14:48:03,VTMMD60,vitaman madu 60 ml,50000,Fano Diti,8418533690,Sumedang,2025-01-01 17:41:03,2025-01-03 04:41:03,,On Delivery,3
ORD000400,2025-02-21 19:40:40,VTM60,vitaman 60 ml,30000,Kari Jodi,8368882421,Indramayu,2025-02-21 22:27:40,2025-02-22 11:27:40,,Delivered,2
ORD000401,2025-01-31 16:54:18,VTMMD60,vitaman madu 60 ml,50000,Disa Dimo,8585507555,Tangerang,2025-01-31 18:58:18,2025-02-02 04:58:18,,Processed,1
ORD000402,2025-02-17 17:55:46,VTMMD60,vitaman madu 60 ml,50000,Bana Dili,8577536042,Batu,2025-02-17 20:03:46,2025-02-19 12:03:46,,Delivered,3
ORD000403,2025-01-10 20:04:46,VTM60,vitaman 60 ml,30000,Bara Tili Momi,8235717504,Indramayu,2025-01-10 22:41:46,2025-01-11 03:41:46,,On Delivery,1
ORD000404,2025-02-08 14:09:58,VTMMD60,vitaman madu 60 ml,50000,Sali Joli,8875332061,Gresik,2025-02-08 16:00:58,2025-02-09 18:00:58,,Processed,1
ORD000405,2025-02-27 09:33:32,MDB120,maduboom 120 ml,23000,Titi Noka Dira,8638715065,Palembang,2025-02-27 11:42:32,2025-02-28 08:42:32,,Delivered,2
ORD000406,2025-01-16 21:14:53,JDM,jelly drink madu,20000,Miri Baba,8337170344,Tegal,2025-01-16 22:16:53,2025-01-18 09:16:53,,Processed,2
ORD000407,2025-01-21 05:45:30,JDM,jelly drink madu,20000,Nali Kami Saba,8424701501,Pasuruan,2025-01-21 06:59:30,2025-01-22 00:59:30,,Processed,2
ORD000408,2025-01-09 00:37:19,VTMMD60,vitaman madu 60 ml,50000,Rari Faza Riti,8443120914,Garut,2025-01-09 02:50:19,2025-01-10 10:50:19,,Delivered,3
ORD000409,2025-01-25 17:00:29,VTM60,vitaman 60 ml,30000,Mifa Fati,8210559890,Purwokerto,2025-01-25 19:33:29,2025-01-26 04:33:29,,On Delivery,3
ORD000410,2025-01-12 15:20:18,MDB120,maduboom 120 ml,23000,Nano Zaba,8459568517,Tuban,2025-01-12 17:51:18,2025-01-13 09:51:18,,Processed,1
ORD000411,2025-01-11 06:54:23,VTM60,vitaman 60 ml,30000,Jono Disa Momo,8356162102,Gorontalo,2025-01-11 09:40:23,2025-01-13 01:40:23,,Delivered,3
ORD000412,2025-01-17 15:11:37,VTMMD60,vitaman madu 60 ml,50000,Risa Mimi Raba,8791296874,Bojonegoro,2025-01-17 16:25:37,2025-01-19 13:25:37,,Processed,2
ORD000413,2025-01-31 02:08:07,JDM,jelly drink madu,20000,Nami Bano Nafa,8649426739,Sukabumi,2025-01-31 04:58:07,2025-02-02 03:58:07,,On Delivery,3
ORD000414,2025-02-13 11:47:38,JDM,jelly drink madu,20000,Sajo Mimo,8739040385,Jakarta,2025-02-13 13:03:38,2025-02-14 07:03:38,,On Delivery,1
ORD000415,2025-02-21 03:39:49,VTM60,vitaman 60 ml,30000,Naza Tino,8473637989,Pasuruan,2025-02-21 05:11:49,2025-02-22 12:11:49,,Processed,3
ORD000416,2025-01-26 22:25:14,MDB120,maduboom 120 ml,23000,Dika Risa Mofa,8750324975,Gorontalo,2025-01-27 00:12:14,2025-01-28 14:12:14,,Processed,3
ORD000417,2025-01-21 16:43:56,MDB200,maduboom 200 ml,32000,Faba Liza,8931684100,Manado,2025-01-21 18:49:56,2025-01-23 11:49:56,2025-01-26 11:49:56,Returned,3
ORD000418,2025-02-21 00:43:43,MDB120,maduboom 120 ml,23000,Riza Jofa Joba,8495187178,Palu,2025-02-21 03:33:43,2025-02-21 08:33:43,,On Delivery,3
ORD000419,2025-01-18 20:13:32,VTMMD60,vitaman madu 60 ml,50000,Sadi Noti Nana,8786047982,Probolinggo,2025-01-18 22:22:32,2025-01-20 07:22:32,,On Delivery,1
ORD000420,2025-01-31 23:59:05,MDB120,maduboom 120 ml,23000,Dili Moli,8494514223,Subang,2025-02-01 02:45:05,2025-02-01 21:45:05,,Delivered,1
ORD000421,2025-01-14 10:24:33,MDB200,maduboom 200 ml,32000,Fami Bari Rira,8442722008,Cianjur,2025-01-14 12:36:33,2025-01-14 21:36:33,,Delivered,1
ORD000422,2025-01-20 03:10:59,VTM60,vitaman 60 ml,30000,Saza Joka Mofa,8626286317,Depok,2025-01-20 05:59:59,2025-01-21 02:59:59,2025-01-28 02:59:59,Returned,1
ORD000423,2025-02-24 08:43:52,JDM,jelly drink madu,20000,Miza Fali,8831320926,Singkawang,2025-02-24 10:45:52,2025-02-26 01:45:52,,Processed,1
ORD000424,2025-01-29 21:14:34,MDB200,maduboom 200 ml,32000,Rika Jora,8964775424,Jakarta,2025-01-29 22:32:34,2025-01-31 03:32:34,,Delivered,2
ORD000425,2025-01-31 18:53:22,JDM,jelly drink madu,20000,Faba Miri Lina,8993888353,Tangerang,2025-01-31 21:37:22,2025-02-02 13:37:22,,Processed,1
ORD000426,2025-01-19 12:47:34,MDB200,maduboom 200 ml,32000,Rano Zami,8777738108,Bogor,2025-01-19 14:08:34,2025-01-21 07:08:34,2025-01-24 07:08:34,Returned,2
ORD000427,2025-01-11 17:22:28,MDB200,maduboom 200 ml,32000,Tili Dino,8793868427,Ponorogo,2025-01-11 19:53:28,2025-01-13 09:53:28,,Delivered,2
ORD000428,2025-02-25 23:48:47,VTMMD60,vitaman madu 60 ml,50000,Fano Jora,8914196166,Malang,2025-02-26 01:22:47,2025-02-27 12:22:47,,Delivered,3
ORD000429,2025-01-29 15:33:22,JDM,jelly drink madu,20000,Liza Mofa,8725072701,Bojonegoro,2025-01-29 18:13:22,2025-01-30 03:13:22,,Delivered,2
ORD000430,2025-01-05 22:37:13,JDM,jelly drink madu,20000,Dira Dimo Nora,8702106775,Bekasi,2025-01-05 23:54:13,2025-01-07 22:54:13,,Processed,3
ORD000431,2025-02-15 04:03:34,MDB200,maduboom 200 ml,32000,Liba Ramo Mofa,8344951886,Tegal,2025-02-15 06:01:34,2025-02-17 00:01:34,,On Delivery,2
ORD000432,2025-01-31 06:32:19,MDB120,maduboom 120 ml,23000,Sadi Nati Sadi,8557928290,Ambon,2025-01-31 08:36:19,2025-02-01 23:36:19,,Processed,2
ORD000433,2025-01-30 06:04:51,JDM,jelly drink madu,20000,Lijo Moli,8538122952,Cianjur,2025-01-30 07:06:51,2025-01-31 01:06:51,,Delivered,2
ORD000434,2025-01-15 06:07:34,VTMMD60,vitaman madu 60 ml,50000,Mono Kadi Sara,8388381078,Serang,2025-01-15 07:09:34,2025-01-16 14:09:34,,On Delivery,1
ORD000435,2025-02-09 08:22:00,MDB120,maduboom 120 ml,23000,Rijo Noka Moza,8150227125,Serang,2025-02-09 10:23:00,2025-02-10 18:23:00,,On Delivery,1
ORD000436,2025-01-20 01:58:49,VTMMD60,vitaman madu 60 ml,50000,Mimi Midi,8529832154,Jambi,2025-01-20 03:36:49,2025-01-21 06:36:49,,Delivered,1
ORD000437,2025-02-06 20:57:49,VTM60,vitaman 60 ml,30000,Nori Nono,8610852322,Bengkulu,2025-02-06 23:10:49,2025-02-08 21:10:49,,Delivered,1
ORD000438,2025-02-28 15:49:51,VTMMD60,vitaman madu 60 ml,50000,Rili Zami,8230618133,Indramayu,2025-02-28 18:06:51,2025-03-02 16:06:51,,On Delivery,1
ORD000439,2025-02-11 18:51:14,VTMMD60,vitaman madu 60 ml,50000,Mosa Moba Rasa,8600062732,Jombang,2025-02-11 19:24:14,2025-02-12 22:24:14,,On Delivery,2
ORD000440,2025-02-17 03:33:14,JDM,jelly drink madu,20000,Tiza Kaba,8259771635,Larantuka,2025-02-17 05:02:14,2025-02-18 03:02:14,,Delivered,2
ORD000441,2025-01-01 20:20:30,VTM60,vitaman 60 ml,30000,Nari Radi Fano,8854455478,Batam,2025-01-01 22:50:30,2025-01-02 15:50:30,,On Delivery,1
ORD000442,2025-01-05 21:23:58,VTM60,vitaman 60 ml,30000,Rari Miti Kano,8172151266,Balikpapan,2025-01-05 23:42:58,2025-01-07 06:42:58,,Processed,2
ORD000443,2025-02-07 11:54:17,VTM60,vitaman 60 ml,30000,Lisa Kara,8231189387,Blitar,2025-02-07 12:42:17,2025-02-08 12:42:17,,On Delivery,1
ORD000444,2025-01-06 21:06:43,VTM60,vitaman 60 ml,30000,Nami Lifa Risa,8733357662,Depok,2025-01-06 22:23:43,2025-01-08 04:23:43,,Processed,3
ORD000445,2025-01-18 08:11:41,VTM60,vitaman 60 ml,30000,Mili Namo,8868503824,Lombok Timur,2025-01-18 09:05:41,2025-01-19 19:05:41,,Delivered,3
ORD000446,2025-01-02 02:13:47,JDM,jelly drink madu,20000,Lika Tiza Moka,8114992431,Jepara,2025-01-02 04:47:47,2025-01-04 04:47:47,,Processed,3
ORD000447,2025-01-13 13:40:24,VTMMD60,vitaman madu 60 ml,50000,Saba Sano Sana,8524976413,Ponorogo,2025-01-13 14:13:24,2025-01-14 19:13:24,2025-01-18 19:13:24,Returned,1
ORD000448,2025-01-26 04:18:54,MDB120,maduboom 120 ml,23000,Noza Momi Mika,8186687867,Kendari,2025-01-26 07:11:54,2025-01-27 21:11:54,,Delivered,2
ORD000449,2025-01-04 08:35:57,JDM,jelly drink madu,20000,Nafa Noka Rifa,8277639424,Probolinggo,2025-01-04 11:20:57,2025-01-06 10:20:57,,Processed,3
ORD000450,2025-02-20 06:33:53,JDM,jelly drink madu,20000,Nali Joli Fati,8573242688,Pekanbaru,2025-02-20 09:25:53,2025-02-21 17:25:53,,On Delivery,3
ORD000451,2025-01-11 08:59:12,MDB200,maduboom 200 ml,32000,Badi Dika Zami,8902325173,Jakarta,2025-01-11 09:50:12,2025-01-11 17:50:12,,Processed,3
ORD000452,2025-02-05 19:23:58,VTM60,vitaman 60 ml,30000,Dika Kaba,8707107709,Ngawi,2025-02-05 20:22:58,2025-02-07 07:22:58,,Processed,1
ORD000453,2025-01-12 08:35:00,VTMMD60,vitaman madu 60 ml,50000,Raza Naka Baka,8235253865,Subang,2025-01-12 11:05:00,2025-01-13 07:05:00,,Delivered,3
ORD000454,2025-01-15 06:14:06,JDM,jelly drink madu,20000,Nasa Zadi Nojo,8997109321,Padang,2025-01-15 07:40:06,2025-01-15 14:40:06,2025-01-20 14:40:06,Returned,1
ORD000455,2025-02-21 17:03:48,VTM60,vitaman 60 ml,30000,Dimi Tina,8801041061,Kendari,2025-02-21 19:00:48,2025-02-22 07:00:48,,Delivered,1
ORD000456,2025-02-28 20:53:22,JDM,jelly drink madu,20000,Mili Mojo Bali,8726262414,Serang,2025-02-28 21:36:22,2025-03-02 19:36:22,2025-03-09 19:36:22,Returned,2
ORD000457,2025-02-13 17:43:57,MDB120,maduboom 120 ml,23000,Mino Lifa,8898524107,Jepara,2025-02-13 19:25:57,2025-02-14 09:25:57,,Processed,2
ORD000458,2025-01-28 21:26:31,MDB120,maduboom 120 ml,23000,Nona Lino Rira,8351944567,Pontianak,2025-01-28 23:18:31,2025-01-30 21:18:31,2025-02-03 21:18:31,Returned,3
ORD000459,2025-02-06 10:13:33,MDB200,maduboom 200 ml,32000,Mojo Zami,8429136160,Padang,2025-02-06 11:44:33,2025-02-07 14:44:33,,Processed,1
ORD000460,2025-02-04 09:20:10,MDB120,maduboom 120 ml,23000,Fasa Samo Tiba,8784389385,Indramayu,2025-02-04 11:17:10,2025-02-06 07:17:10,,On Delivery,3
ORD000461,2025-02-23 14:11:06,MDB200,maduboom 200 ml,32000,Sami Baba Mona,8555347541,Cianjur,2025-02-23 15:50:06,2025-02-25 12:50:06,,Processed,3
ORD000462,2025-01-08 14:59:16,JDM,jelly drink madu,20000,Jojo Zaka,8324732488,Tuban,2025-01-08 17:08:16,2025-01-09 13:08:16,,Processed,2
ORD000463,2025-02-03 07:34:40,MDB200,maduboom 200 ml,32000,Raka Kati,8815876616,Palu,2025-02-03 09:12:40,2025-02-03 14:12:40,,On Delivery,3
ORD000464,2025-01-31 15:20:30,MDB120,maduboom 120 ml,23000,Rika Kari Fali,8396430984,Manado,2025-01-31 17:54:30,2025-02-01 20:54:30,,Delivered,1
ORD000465,2025-02-21 13:07:41,VTM60,vitaman 60 ml,30000,Kamo Zajo,8805658313,Manado,2025-02-21 13:43:41,2025-02-22 13:43:41,2025-02-28 13:43:41,Returned,2
ORD000466,2025-01-07 14:59:53,JDM,jelly drink madu,20000,Kali Dimo,8125819478,Makassar,2025-01-07 16:26:53,2025-01-09 03:26:53,,Delivered,1
ORD000467,2025-01-24 08:32:01,VTM60,vitaman 60 ml,30000,Dili Diri,8344871092,Gianyar,2025-01-24 09:17:01,2025-01-25 21:17:01,,On Delivery,2
ORD000468,2025-02-21 23:49:12,JDM,jelly drink madu,20000,Joka Moza Tisa,8495266883,Bangli,2025-02-22 02:15:12,2025-02-23 09:15:12,2025-02-25 09:15:12,Returned,1
ORD000469,2025-02-05 21:59:46,MDB120,maduboom 120 ml,23000,Bafa Limi,8488212839,Ende,2025-02-06 00:10:46,2025-02-07 10:10:46,,Processed,2
ORD000470,2025-01-05 16:05:51,MDB120,maduboom 120 ml,23000,Dina Rali Nati,8997000497,Badung,2025-01-05 18:27:51,2025-01-06 19:27:51,,Delivered,1
ORD000471,2025-02-16 17:32:53,MDB200,maduboom 200 ml,32000,Fano Sasa Miba,8514120645,Singaraja,2025-02-16 18:59:53,2025-02-17 11:59:53,,Processed,1
ORD000472,2025-02-23 15:46:41,VTM60,vitaman 60 ml,30000,Mojo Diba Dira,8122519562,Balikpapan,2025-02-23 16:49:41,2025-02-24 21:49:41,,On Delivery,2
ORD000473,2025-02-17 18:07:15,JDM,jelly drink madu,20000,Ridi Mili,8779901803,Batam,2025-02-17 19:17:15,2025-02-18 15:17:15,,Delivered,1
ORD000474,2025-01-24 03:44:45,VTMMD60,vitaman madu 60 ml,50000,Nofa Jora,8806683373,Gresik,2025-01-24 06:27:45,2025-01-25 07:27:45,2025-01-31 07:27:45,Returned,1
ORD000475,2025-01-21 06:28:42,VTMMD60,vitaman madu 60 ml,50000,Tifa Fami Diba,8587223681,Blitar,2025-01-21 07:26:42,2025-01-22 00:26:42,2025-01-24 00:26:42,Returned,2
ORD000476,2025-01-26 01:58:15,VTM60,vitaman 60 ml,30000,Mimo Samo,8397378941,Ambon,2025-01-26 04:16:15,2025-01-26 22:16:15,,Processed,1
ORD000477,2025-01-05 13:25:44,JDM,jelly drink madu,20000,Tidi Dimo,8724493927,Blitar,2025-01-05 14:40:44,2025-01-06 20:40:44,,On Delivery,2
ORD000478,2025-02-23 04:16:51,JDM,jelly drink madu,20000,Raka Zajo,8610445329,Bengkulu,2025-02-23 07:02:51,2025-02-24 07:02:51,,Processed,1
ORD000479,2025-02-16 17:10:18,MDB120,maduboom 120 ml,23000,Rino Jojo Tiba,8341374017,Bengkulu,2025-02-16 19:30:18,2025-02-18 15:30:18,,Delivered,1
ORD000480,2025-02-07 20:30:41,VTM60,vitaman 60 ml,30000,Fasa Jomo Tiba,8801100091,Jambi,2025-02-07 21:23:41,2025-02-09 18:23:41,,Delivered,2
ORD000481,2025-01-22 04:35:57,JDM,jelly drink madu,20000,Mora Nora,8185802559,Bekasi,2025-01-22 06:40:57,2025-01-23 19:40:57,,Delivered,3
ORD000482,2025-01-06 06:28:35,VTMMD60,vitaman madu 60 ml,50000,Rati Kami,8651238893,Palembang,2025-01-06 08:29:35,2025-01-08 05:29:35,,On Delivery,3
ORD000483,2025-01-26 05:51:37,JDM,jelly drink madu,20000,Rara Zano Rino,8791110911,Batu,2025-01-26 07:04:37,2025-01-28 00:04:37,,Processed,1
ORD000484,2025-02-19 19:38:36,JDM,jelly drink madu,20000,Mono Nati,8988033404,Lombok Barat,2025-02-19 22:36:36,2025-02-20 13:36:36,,Processed,1
ORD000485,2025-02-27 00:09:50,MDB200,maduboom 200 ml,32000,Naba Fari Noba,8658005739,Subang,2025-02-27 02:26:50,2025-02-27 13:26:50,2025-03-01 13:26:50,Returned,3
ORD000486,2025-01-11 08:05:13,VTM60,vitaman 60 ml,30000,Limi Modi,8430078033,Pasuruan,2025-01-11 10:40:13,2025-01-12 18:40:13,,Processed,2
ORD000487,2025-02-14 15:00:42,VTMMD60,vitaman madu 60 ml,50000,Nami Rino,8141704393,Cikarang,2025-02-14 15:37:42,2025-02-15 21:37:42,,On Delivery,2
ORD000488,2025-02-15 15:50:14,MDB200,maduboom 200 ml,32000,Miri Rira,8856512019,Bengkulu,2025-02-15 16:46:14,2025-02-16 02:46:14,,Delivered,1
ORD000489,2025-01-11 11:57:37,JDM,jelly drink madu,20000,Zami Rasa,8331281316,Sukabumi,2025-01-11 12:59:37,2025-01-12 16:59:37,,On Delivery,2
ORD000490,2025-01-21 05:44:33,VTMMD60,vitaman madu 60 ml,50000,Tijo Tidi Baba,8266906403,Palu,2025-01-21 07:02:33,2025-01-22 20:02:33,,On Delivery,1
ORD000491,2025-01-10 15:53:18,VTM60,vitaman 60 ml,30000,Saba Kajo Bali,8276206019,Banjarbaru,2025-01-10 16:26:18,2025-01-12 08:26:18,,Delivered,3
ORD000492,2025-01-30 21:10:45,MDB120,maduboom 120 ml,23000,Nami Limi Saba,8904049346,Karangasem,2025-01-30 23:26:45,2025-02-01 21:26:45,,Processed,3
ORD000493,2025-01-01 14:06:27,MDB200,maduboom 200 ml,32000,Bano Mori Zadi,8913594932,Magelang,2025-01-01 15:48:27,2025-01-03 15:48:27,,On Delivery,2
ORD000494,2025-01-01 05:21:41,JDM,jelly drink madu,20000,Dimo Bafa Tiri,8227323085,Samarinda,2025-01-01 06:23:41,2025-01-01 12:23:41,,On Delivery,3
ORD000495,2025-01-14 12:44:18,VTM60,vitaman 60 ml,30000,Rifa Tika Fali,8129952550,Batu,2025-01-14 15:22:18,2025-01-16 15:22:18,,On Delivery,3
ORD000496,2025-02-15 02:52:22,MDB200,maduboom 200 ml,32000,Kano Kara Tifa,8656450562,Lamongan,2025-02-15 03:28:22,2025-02-16 19:28:22,,Delivered,1
ORD000497,2025-01-09 17:53:38,MDB200,maduboom 200 ml,32000,Zamo Mofa Ramo,8148808355,Magelang,2025-01-09 20:01:38,2025-01-10 13:01:38,,Delivered,3
ORD000498,2025-02-17 01:28:09,MDB200,maduboom 200 ml,32000,Zaba Joti,8786264632,Ende,2025-02-17 03:46:09,2025-02-17 21:46:09,,Delivered,3
ORD000499,2025-01-05 14:48:13,VTM60,vitaman 60 ml,30000,Kamo Sasa,8918694665,Lamongan,2025-01-05 17:19:13,2025-01-07 06:19:13,2025-01-13 06:19:13,Returned,3
ORD000500,2025-01-05 00:05:19,VTM60,vitaman 60 ml,30000,Tiza Ramo Mosa,8701122394,Palangkaraya,2025-01-05 02:33:19,2025-01-05 18:33:19,,On Delivery,3
ORD000501,2025-01-21 15:51:05,VTMMD60,vitaman madu 60 ml,50000,Nodi Faka Kadi,8214748438,Sorong,2025-01-21 17:55:05,2025-01-22 09:55:05,,Processed,1
ORD000502,2025-02-25 03:22:42,MDB200,maduboom 200 ml,32000,Kali Diba Mora,8625754936,Ternate,2025-02-25 04:06:42,2025-02-26 10:06:42,,Processed,1
ORD000503,2025-01-29 20:50:49,MDB120,maduboom 120 ml,23000,Jodi Fali,8213391595,Maumere,2025-01-29 22:15:49,2025-01-31 07:15:49,2025-02-07 07:15:49,Returned,3
ORD000504,2025-01-08 20:39:55,VTM60,vitaman 60 ml,30000,Famo Naza,8217460407,Karawang,2025-01-08 21:55:55,2025-01-09 07:55:55,,Processed,2
ORD000505,2025-01-18 03:35:42,MDB120,maduboom 120 ml,23000,Nafa Liza,8397147710,Larantuka,2025-01-18 05:36:42,2025-01-18 11:36:42,,On Delivery,1
ORD000506,2025-01-28 18:39:25,MDB120,maduboom 120 ml,23000,Rami Rasa Sara,8303798161,Tabanan,2025-01-28 19:16:25,2025-01-30 00:16:25,,Processed,2
ORD000507,2025-01-03 05:27:23,JDM,jelly drink madu,20000,Fano Miba Josa,8625957525,Madiun,2025-01-03 07:50:23,2025-01-04 04:50:23,2025-01-10 04:50:23,Returned,2
ORD000508,2025-01-20 10:43:26,VTMMD60,vitaman madu 60 ml,50000,Sano Noka Mosa,8139442392,Manado,2025-01-20 11:28:26,2025-01-21 19:28:26,,Delivered,1
ORD000509,2025-02-01 06:08:13,VTMMD60,vitaman madu 60 ml,50000,Rika Saba Namo,8290882679,Badung,2025-02-01 07:08:13,2025-02-02 13:08:13,,Processed,1
ORD000510,2025-01-05 17:51:16,VTM60,vitaman 60 ml,30000,Rasa Nomi,8265004275,Yogyakarta,2025-01-05 20:05:16,2025-01-06 12:05:16,,On Delivery,3
ORD000511,2025-02-21 07:11:45,MDB120,maduboom 120 ml,23000,Jodi Kaza,8122083260,Karangasem,2025-02-21 08:04:45,2025-02-21 17:04:45,,Processed,3
ORD000512,2025-01-29 20:16:40,JDM,jelly drink madu,20000,Nana Bati Tira,8680672931,Gresik,2025-01-29 22:29:40,2025-01-30 16:29:40,,Processed,2
ORD000513,2025-02-04 07:51:04,MDB200,maduboom 200 ml,32000,Rara Mojo Baba,8211940417,Sidoarjo,2025-02-04 08:41:04,2025-02-05 20:41:04,,Processed,1
ORD000514,2025-01-15 19:28:25,VTMMD60,vitaman madu 60 ml,50000,Fajo Joti,8545704390,Lombok Timur,2025-01-15 21:01:25,2025-01-16 12:01:25,,On Delivery,3
ORD000515,2025-02-23 01:20:26,VTMMD60,vitaman madu 60 ml,50000,Zasa Liba Lina,8614443158,Gresik,2025-02-23 02:34:26,2025-02-24 16:34:26,,Processed,3
ORD000516,2025-02-07 11:51:59,VTMMD60,vitaman madu 60 ml,50000,Rajo Momo Joti,8468963503,Padang,2025-02-07 12:35:59,2025-02-08 02:35:59,,On Delivery,3
ORD000517,2025-01-10 08:24:21,MDB120,maduboom 120 ml,23000,Mimo Kafa Fali,8393949425,Magelang,2025-01-10 10:15:21,2025-01-11 10:15:21,2025-01-13 10:15:21,Returned,2
ORD000518,2025-01-07 14:54:11,JDM,jelly drink madu,20000,Nafa Fasa,8884303798,Batam,2025-01-07 16:29:11,2025-01-08 18:29:11,,On Delivery,2
ORD000519,2025-02-18 18:52:34,VTM60,vitaman 60 ml,30000,Kana Rati,8535252563,Jakarta,2025-02-18 21:18:34,2025-02-20 05:18:34,,On Delivery,2
ORD000520,2025-01-14 04:46:32,JDM,jelly drink madu,20000,Mino Baka,8391750016,Bekasi,2025-01-14 07:24:32,2025-01-16 00:24:32,,Processed,1
ORD000521,2025-01-03 23:44:03,VTM60,vitaman 60 ml,30000,Miza Kajo,8615939983,Tuban,2025-01-04 01:49:03,2025-01-05 08:49:03,,On Delivery,3
ORD000522,2025-02-27 23:13:33,VTMMD60,vitaman madu 60 ml,50000,Riza Moti Nasa,8379796899,Balikpapan,2025-02-28 00:28:33,2025-02-28 15:28:33,,Delivered,1
ORD000523,2025-01-06 16:19:21,JDM,jelly drink madu,20000,Faba Nojo,8982718152,Bangli,2025-01-06 19:02:21,2025-01-07 05:02:21,,On Delivery,3
ORD000524,2025-01-11 00:42:32,MDB120,maduboom 120 ml,23000,Noba Riri Risa,8581062133,Subang,2025-01-11 01:31:32,2025-01-11 08:31:32,,On Delivery,2
ORD000525,2025-02-11 04:16:36,MDB120,maduboom 120 ml,23000,Nosa Bara Tiri,8276972631,Karawang,2025-02-11 06:28:36,2025-02-11 12:28:36,,Delivered,2
ORD000526,2025-02-17 21:06:17,JDM,jelly drink madu,20000,Kaba Sari,8558634034,Bandar Lampung,2025-02-17 21:51:17,2025-02-19 01:51:17,,Processed,2
ORD000527,2025-02-03 19:08:19,MDB120,maduboom 120 ml,23000,Timi Rajo Midi,8590843548,Buleleng,2025-02-03 19:53:19,2025-02-04 03:53:19,,On Delivery,3
ORD000528,2025-02-04 22:01:47,JDM,jelly drink madu,20000,Mira Mojo,8742766358,Cikarang,2025-02-04 22:31:47,2025-02-05 19:31:47,,Delivered,2
ORD000529,2025-01-11 00:35:47,MDB200,maduboom 200 ml,32000,Nana Safa Baba,8850364510,Jayapura,2025-01-11 01:28:47,2025-01-12 11:28:47,,On Delivery,2
ORD000530,2025-01-17 03:53:21,VTMMD60,vitaman madu 60 ml,50000,Fajo Josa,8539774937,Ponorogo,2025-01-17 06:06:21,2025-01-18 01:06:21,,Processed,1
ORD000531,2025-02-15 01:30:25,MDB200,maduboom 200 ml,32000,Naza Baka,8681962292,Madiun,2025-02-15 02:18:25,2025-02-15 13:18:25,,Processed,3
ORD000532,2025-01-29 00:04:32,VTM60,vitaman 60 ml,30000,Lino Modi Sajo,8938323227,Gorontalo,2025-01-29 01:54:32,2025-01-30 18:54:32,,Processed,2
ORD000533,2025-02-23 15:25:08,JDM,jelly drink madu,20000,Moza Rami Tiri,8979441024,Pontianak,2025-02-23 16:03:08,2025-02-25 03:03:08,,Processed,3
ORD000534,2025-02-17 12:50:25,JDM,jelly drink madu,20000,Nara Jodi Kano,8590714801,Badung,2025-02-17 15:19:25,2025-02-18 15:19:25,,Processed,1
ORD000535,2025-01-03 23:47:47,MDB120,maduboom 120 ml,23000,Moli Kati Miba,8635131566,Medan,2025-01-04 01:54:47,2025-01-05 04:54:47,,Delivered,2
ORD000536,2025-02-22 14:22:02,VTMMD60,vitaman madu 60 ml,50000,Kami Moza,8999851044,Ambon,2025-02-22 16:29:02,2025-02-23 13:29:02,,Processed,2
ORD000537,2025-01-27 16:21:28,JDM,jelly drink madu,20000,Nati Difa Faba,8594331432,Bogor,2025-01-27 17:58:28,2025-01-28 10:58:28,,Processed,2
ORD000538,2025-01-05 14:23:24,VTM60,vitaman 60 ml,30000,Naba Sati Faba,8447985068,Bandar Lampung,2025-01-05 15:35:24,2025-01-06 23:35:24,,On Delivery,2
ORD000539,2025-02-14 05:58:24,VTM60,vitaman 60 ml,30000,Sari Fana,8366762120,Mataram,2025-02-14 07:16:24,2025-02-15 05:16:24,,Delivered,3
ORD000540,2025-02-17 19:29:38,MDB200,maduboom 200 ml,32000,Mofa Mili Nomo,8800125096,Bandar Lampung,2025-02-17 20:38:38,2025-02-19 02:38:38,2025-02-24 02:38:38,Returned,1
ORD000541,2025-02-17 20:16:51,MDB120,maduboom 120 ml,23000,Misa Nodi,8265712702,Larantuka,2025-02-17 21:33:51,2025-02-18 02:33:51,,On Delivery,1
ORD000542,2025-01-22 02:52:59,MDB120,maduboom 120 ml,23000,Sami Fasa Dimo,8248301478,Singkawang,2025-01-22 04:58:59,2025-01-22 17:58:59,,On Delivery,1
ORD000543,2025-02-24 06:49:20,MDB200,maduboom 200 ml,32000,Kajo Rijo Raka,8443801679,Tuban,2025-02-24 08:15:20,2025-02-25 22:15:20,,Delivered,2
ORD000544,2025-02-13 17:53:13,JDM,jelly drink madu,20000,Bajo Ridi Rati,8820888979,Pekanbaru,2025-02-13 19:38:13,2025-02-15 02:38:13,,Processed,1
ORD000545,2025-02-15 14:15:42,VTM60,vitaman 60 ml,30000,Zali Naba,8716919268,Bengkulu,2025-02-15 16:50:42,2025-02-17 04:50:42,,On Delivery,3
ORD000546,2025-01-10 00:16:49,MDB120,maduboom 120 ml,23000,Ridi Bamo Liri,8489442011,Tegal,2025-01-10 03:04:49,2025-01-11 17:04:49,,Delivered,3
ORD000547,2025-02-25 06:24:37,VTM60,vitaman 60 ml,30000,Kari Lina Kajo,8123880150,Maumere,2025-02-25 09:02:37,2025-02-27 07:02:37,,On Delivery,2
ORD000548,2025-01-16 15:27:39,VTM60,vitaman 60 ml,30000,Joli Naba,8865263584,Tuban,2025-01-16 17:53:39,2025-01-18 00:53:39,,On Delivery,3
ORD000549,2025-02-17 21:11:14,MDB120,maduboom 120 ml,23000,Titi Rafa,8341346257,Kudus,2025-02-17 23:12:14,2025-02-19 19:12:14,,Processed,2
ORD000550,2025-02-11 04:14:38,VTM60,vitaman 60 ml,30000,Rina Diba,8695536955,Batu,2025-02-11 06:02:38,2025-02-11 13:02:38,,On Delivery,2
ORD000551,2025-02-26 09:32:03,MDB120,maduboom 120 ml,23000,Zasa Jomi Tifa,8915901451,Jayapura,2025-02-26 11:05:03,2025-02-28 05:05:03,,On Delivery,1
ORD000552,2025-02-02 01:29:47,VTMMD60,vitaman madu 60 ml,50000,Jori Dira,8611294729,Malang,2025-02-02 02:31:47,2025-02-03 18:31:47,,Delivered,1
ORD000553,2025-01-23 03:09:00,MDB120,maduboom 120 ml,23000,Mosa Rili Basa,8693632807,Indramayu,2025-01-23 06:08:00,2025-01-25 04:08:00,2025-01-27 04:08:00,Returned,3
ORD000554,2025-01-01 13:01:07,VTM60,vitaman 60 ml,30000,Badi Momo Miri,8822296773,Kediri,2025-01-01 15:21:07,2025-01-03 14:21:07,,Delivered,1
ORD000555,2025-01-31 14:28:38,VTMMD60,vitaman madu 60 ml,50000,Sami Fasa,8601113415,Tuban,2025-01-31 16:14:38,2025-02-01 01:14:38,,Processed,3
ORD000556,2025-01-18 15:22:44,VTMMD60,vitaman madu 60 ml,50000,Mono Rimo,8111092720,Cianjur,2025-01-18 16:09:44,2025-01-19 10:09:44,,On Delivery,2
ORD000557,2025-02-09 10:44:37,MDB200,maduboom 200 ml,32000,Jona Josa Tili,8869530274,Denpasar,2025-02-09 12:37:37,2025-02-10 09:37:37,,On Delivery,3
ORD000558,2025-01-31 14:05:05,VTM60,vitaman 60 ml,30000,Moza Kali,8328518792,Blitar,2025-01-31 15:11:05,2025-02-01 21:11:05,,Processed,3
ORD000559,2025-02-07 03:36:50,VTMMD60,vitaman madu 60 ml,50000,Tira Moba Bano,8607610737,Situbondo,2025-02-07 06:09:50,2025-02-08 18:09:50,,On Delivery,1
ORD000560,2025-01-27 08:14:44,JDM,jelly drink madu,20000,Liri Rino Mosa,8835146830,Cirebon,2025-01-27 09:41:44,2025-01-28 04:41:44,2025-02-01 04:41:44,Returned,2
ORD000561,2025-02-11 16:17:49,MDB200,maduboom 200 ml,32000,Baba Mono Baba,8148344912,Pasuruan,2025-02-11 18:17:49,2025-02-12 23:17:49,,Processed,3
ORD000562,2025-01-18 04:58:13,VTM60,vitaman 60 ml,30000,Kati Raba Kali,8508365877,Lombok Timur,2025-01-18 05:41:13,2025-01-19 08:41:13,,Processed,3
ORD000563,2025-01-09 20:33:21,MDB200,maduboom 200 ml,32000,Sajo Tili Tidi,8242830727,Situbondo,2025-01-09 22:48:21,2025-01-10 07:48:21,,On Delivery,3
ORD000564,2025-01-20 11:04:14,VTM60,vitaman 60 ml,30000,Zana Sati,8878189539,Jembrana,2025-01-20 12:53:14,2025-01-22 02:53:14,,On Delivery,2
ORD000565,2025-02-12 08:45:09,MDB200,maduboom 200 ml,32000,Mofa Radi Joba,8577909967,Sidoarjo,2025-02-12 09:31:09,2025-02-13 07:31:09,,Delivered,3
ORD000566,2025-01-23 07:39:09,VTMMD60,vitaman madu 60 ml,50000,Rajo Zana Zaza,8335552572,Sidoarjo,2025-01-23 09:47:09,2025-01-25 06:47:09,,Delivered,3
ORD000567,2025-02-05 09:36:01,VTM60,vitaman 60 ml,30000,Saba Badi,8695141623,Batam,2025-02-05 11:02:01,2025-02-06 05:02:01,,Delivered,3
ORD000568,2025-02-24 13:31:01,VTM60,vitaman 60 ml,30000,Zano Sami Rali,8226445355,Purwokerto,2025-02-24 15:44:01,2025-02-24 23:44:01,,On Delivery,3
ORD000569,2025-02-23 16:43:28,MDB200,maduboom 200 ml,32000,Tiza Bana,8961973603,Madiun,2025-02-23 18:02:28,2025-02-25 10:02:28,,Processed,2
ORD000570,2025-01-25 03:12:04,MDB120,maduboom 120 ml,23000,Kati Rali Sami,8766726603,Karangasem,2025-01-25 04:18:04,2025-01-25 22:18:04,,Processed,3
ORD000571,2025-01-03 05:17:59,VTMMD60,vitaman madu 60 ml,50000,Namo Joza Nami,8334409446,Semarang,2025-01-03 06:59:59,2025-01-05 04:59:59,,On Delivery,1
ORD000572,2025-02-26 15:57:46,JDM,jelly drink madu,20000,Tiba Mina,8336597376,Lamongan,2025-02-26 18:13:46,2025-02-27 14:13:46,,Delivered,2
ORD000573,2025-01-01 06:29:48,JDM,jelly drink madu,20000,Momo Limi,8671313453,Manado,2025-01-01 08:39:48,2025-01-02 20:39:48,,On Delivery,1
ORD000574,2025-02-01 17:28:12,VTMMD60,vitaman madu 60 ml,50000,Nara Noba,8395852362,Ponorogo,2025-02-01 19:10:12,2025-02-02 00:10:12,,Delivered,2
ORD000575,2025-02-06 18:31:18,VTMMD60,vitaman madu 60 ml,50000,Diri Bano Bali,8744636126,Garut,2025-02-06 20:51:18,2025-02-08 18:51:18,,Processed,1
ORD000576,2025-02-02 15:20:56,JDM,jelly drink madu,20000,Moba Mosa,8383798534,Manado,2025-02-02 18:08:56,2025-02-03 17:08:56,,On Delivery,1
ORD000577,2025-01-13 00:43:48,JDM,jelly drink madu,20000,Kano Diti,8313368591,Bandung,2025-01-13 02:16:48,2025-01-14 12:16:48,,Processed,2
ORD000578,2025-01-29 14:47:46,VTMMD60,vitaman madu 60 ml,50000,Diti Kami,8793003217,Surabaya,2025-01-29 17:09:46,2025-01-31 03:09:46,,On Delivery,2
ORD000579,2025-01-07 10:41:51,VTMMD60,vitaman madu 60 ml,50000,Momo Safa Baza,8249393926,Tegal,2025-01-07 11:43:51,2025-01-08 22:43:51,,On Delivery,2
ORD000580,2025-01-27 02:44:10,MDB120,maduboom 120 ml,23000,Jona Naza Mili,8295022814,Balikpapan,2025-01-27 04:54:10,2025-01-28 02:54:10,,On Delivery,3
ORD000581,2025-02-22 00:52:31,MDB200,maduboom 200 ml,32000,Mosa Sati,8550214261,Gresik,2025-02-22 02:02:31,2025-02-23 23:02:31,,Delivered,1
ORD000582,2025-02-08 14:22:43,MDB120,maduboom 120 ml,23000,Jona Zati,8121738122,Purwakarta,2025-02-08 16:53:43,2025-02-10 05:53:43,,On Delivery,3
ORD000583,2025-02-07 20:00:36,MDB120,maduboom 120 ml,23000,Kami Raza Rino,8293577804,Surabaya,2025-02-07 21:55:36,2025-02-08 03:55:36,,Processed,3
ORD000584,2025-01-12 15:11:32,MDB120,maduboom 120 ml,23000,Zajo Raba,8789937603,Tasikmalaya,2025-01-12 16:58:32,2025-01-13 05:58:32,,On Delivery,1
ORD000585,2025-02-20 04:09:41,VTMMD60,vitaman madu 60 ml,50000,Bari Zati,8779481581,Blitar,2025-02-20 06:17:41,2025-02-21 05:17:41,,Delivered,3
ORD000586,2025-01-22 10:00:59,MDB200,maduboom 200 ml,32000,Lili Mojo Timo,8130784558,Batu,2025-01-22 12:48:59,2025-01-23 20:48:59,,On Delivery,3
ORD000587,2025-01-06 22:03:58,MDB200,maduboom 200 ml,32000,Radi Rira Ridi,8667845403,Kudus,2025-01-06 23:19:58,2025-01-07 16:19:58,,Processed,1
ORD000588,2025-01-26 14:57:46,MDB120,maduboom 120 ml,23000,Tifa Lika,8138307307,Jambi,2025-01-26 16:04:46,2025-01-28 10:04:46,,On Delivery,3
ORD000589,2025-02-12 21:53:28,VTMMD60,vitaman madu 60 ml,50000,Disa Rifa,8450976668,Jakarta,2025-02-13 00:30:28,2025-02-14 12:30:28,,Delivered,1
ORD000590,2025-02-17 11:02:20,VTMMD60,vitaman madu 60 ml,50000,Naza Nora,8629564814,Maumere,2025-02-17 13:34:20,2025-02-17 21:34:20,,On Delivery,3
ORD000591,2025-01-21 11:32:21,VTM60,vitaman 60 ml,30000,Rino Nosa,8627132049,Palembang,2025-01-21 13:32:21,2025-01-23 08:32:21,2025-01-28 08:32:21,Returned,2
ORD000592,2025-02-06 15:21:15,MDB120,maduboom 120 ml,23000,Dimo Tira Ramo,8343791282,Cianjur,2025-02-06 16:35:15,2025-02-08 10:35:15,,On Delivery,2
ORD000593,2025-02-09 22:06:35,MDB120,maduboom 120 ml,23000,Fafa Sari,8904519673,Boyolali,2025-02-09 23:07:35,2025-02-11 02:07:35,,Processed,1
ORD000594,2025-01-24 23:07:06,MDB120,maduboom 120 ml,23000,Risa Moba,8583396730,Magelang,2025-01-25 00:38:06,2025-01-25 08:38:06,,Processed,3
ORD000595,2025-01-09 06:19:41,MDB120,maduboom 120 ml,23000,Limo Lifa Rasa,8277269877,Subang,2025-01-09 07:45:41,2025-01-09 12:45:41,,Processed,2
ORD000596,2025-02-06 05:44:56,VTM60,vitaman 60 ml,30000,Liba Zati,8796783006,Tangerang,2025-02-06 08:16:56,2025-02-07 02:16:56,,Processed,1
ORD000597,2025-02-26 08:39:30,VTMMD60,vitaman madu 60 ml,50000,Bami Nomo Miri,8322384196,Boyolali,2025-02-26 10:30:30,2025-02-27 11:30:30,,Delivered,1
ORD000598,2025-02-12 15:35:46,VTMMD60,vitaman madu 60 ml,50000,Dino Bajo Dimi,8873071307,Blitar,2025-02-12 17:28:46,2025-02-13 13:28:46,,Delivered,2
ORD000599,2025-02-24 12:47:45,VTMMD60,vitaman madu 60 ml,50000,Tijo Jomo Joti,8650235331,Lamongan,2025-02-24 15:08:45,2025-02-26 00:08:45,,On Delivery,3
ORD000600,2025-02-18 13:26:18,VTM60,vitaman 60 ml,30000,Fana Moti,8653536522,Boyolali,2025-02-18 16:24:18,2025-02-19 10:24:18,2025-02-21 10:24:18,Returned,3
ORD000601,2025-01-18 19:02:25,VTM60,vitaman 60 ml,30000,Momi Rano Mira,8877082849,Bogor,2025-01-18 21:05:25,2025-01-19 04:05:25,,On Delivery,2
ORD000602,2025-02-26 07:00:09,VTMMD60,vitaman madu 60 ml,50000,Rimi Mijo Noti,8532508042,Palu,2025-02-26 09:42:09,2025-02-27 05:42:09,,On Delivery,1
ORD000603,2025-01-31 01:33:05,MDB200,maduboom 200 ml,32000,Mika Diba,8327362058,Bangli,2025-01-31 02:05:05,2025-02-01 11:05:05,,On Delivery,1
ORD000604,2025-01-23 21:06:37,JDM,jelly drink madu,20000,Dili Modi Dimo,8528238607,Pontianak,2025-01-23 22:30:37,2025-01-25 10:30:37,,Processed,2
ORD000605,2025-01-03 13:07:00,VTMMD60,vitaman madu 60 ml,50000,Kaba Jojo Kamo,8883063400,Probolinggo,2025-01-03 15:06:00,2025-01-05 10:06:00,,Processed,3
ORD000606,2025-02-06 07:27:36,VTMMD60,vitaman madu 60 ml,50000,Zaka Bafa Kari,8190729162,Serang,2025-02-06 08:09:36,2025-02-07 19:09:36,2025-02-09 19:09:36,Returned,2
ORD000607,2025-01-24 04:41:19,VTMMD60,vitaman madu 60 ml,50000,Bami Bajo Noba,8588784012,Buleleng,2025-01-24 06:35:19,2025-01-24 23:35:19,2025-01-27 23:35:19,Returned,1
ORD000608,2025-01-12 02:23:05,VTMMD60,vitaman madu 60 ml,50000,Mimo Sati Miba,8981056580,Karangasem,2025-01-12 04:49:05,2025-01-14 04:49:05,2025-01-18 04:49:05,Returned,1
ORD000609,2025-01-21 00:31:56,JDM,jelly drink madu,20000,Rati Riza,8242848487,Padang,2025-01-21 01:10:56,2025-01-21 18:10:56,,Delivered,2
ORD000610,2025-01-31 22:21:36,VTMMD60,vitaman madu 60 ml,50000,Dika Bara Fano,8722268235,Jombang,2025-01-31 22:52:36,2025-02-01 09:52:36,,Processed,3
ORD000611,2025-02-06 02:50:02,JDM,jelly drink madu,20000,Fasa Sami Rasa,8394814429,Ambon,2025-02-06 03:44:02,2025-02-07 08:44:02,,On Delivery,2
ORD000612,2025-01-20 17:40:43,VTMMD60,vitaman madu 60 ml,50000,Miba Bafa Rana,8214225190,Jakarta,2025-01-20 18:42:43,2025-01-21 22:42:43,,On Delivery,2
ORD000613,2025-02-17 06:47:25,MDB200,maduboom 200 ml,32000,Tili Bajo Rika,8575273496,Makassar,2025-02-17 09:24:25,2025-02-18 07:24:25,2025-02-24 07:24:25,Returned,2
ORD000614,2025-02-27 07:51:06,MDB200,maduboom 200 ml,32000,Zami Famo,8780176099,Banyuwangi,2025-02-27 08:54:06,2025-02-28 19:54:06,,Processed,3
ORD000615,2025-02-04 04:41:37,JDM,jelly drink madu,20000,Samo Jono Rasa,8889497005,Surabaya,2025-02-04 05:23:37,2025-02-06 00:23:37,2025-02-10 00:23:37,Returned,2
ORD000616,2025-01-17 09:16:51,MDB120,maduboom 120 ml,23000,Dina Rara,8143716036,Banyuwangi,2025-01-17 10:26:51,2025-01-18 05:26:51,,Delivered,2
ORD000617,2025-01-09 23:06:55,MDB120,maduboom 120 ml,23000,Zaza Kano Misa,8600114984,Tasikmalaya,2025-01-10 01:11:55,2025-01-11 16:11:55,,Delivered,3
ORD000618,2025-02-25 14:18:54,JDM,jelly drink madu,20000,Faka Naza Najo,8220669990,Boyolali,2025-02-25 16:32:54,2025-02-27 00:32:54,,Processed,2
ORD000619,2025-02-28 08:31:45,JDM,jelly drink madu,20000,Disa Dili Nasa,8486002737,Lamongan,2025-02-28 09:34:45,2025-03-01 17:34:45,,On Delivery,3
ORD000620,2025-02-23 02:45:23,MDB120,maduboom 120 ml,23000,Mosa Lifa,8699042019,Banjarbaru,2025-02-23 03:16:23,2025-02-24 21:16:23,,On Delivery,2
ORD000621,2025-01-25 06:42:03,JDM,jelly drink madu,20000,Fara Mijo,8427525190,Probolinggo,2025-01-25 09:16:03,2025-01-27 00:16:03,,On Delivery,1
ORD000622,2025-02-25 23:41:58,MDB120,maduboom 120 ml,23000,Dika Riba,8607433243,Lombok Barat,2025-02-26 01:50:58,2025-02-26 21:50:58,,On Delivery,3
ORD000623,2025-01-15 03:07:12,MDB120,maduboom 120 ml,23000,Nati Bafa Dimi,8956932105,Surabaya,2025-01-15 06:03:12,2025-01-16 21:03:12,,Delivered,1
ORD000624,2025-02-11 05:18:59,JDM,jelly drink madu,20000,Limi Saka,8359128243,Tangerang,2025-02-11 07:45:59,2025-02-12 08:45:59,,Processed,1
ORD000625,2025-02-19 13:25:55,VTM60,vitaman 60 ml,30000,Tina Fari Riba,8658128968,Sidoarjo,2025-02-19 14:41:55,2025-02-19 22:41:55,,Delivered,1
ORD000626,2025-02-21 14:17:53,VTMMD60,vitaman madu 60 ml,50000,Rimo Faza Miba,8266714122,Jambi,2025-02-21 15:18:53,2025-02-23 09:18:53,,Processed,3
ORD000627,2025-02-26 04:01:58,JDM,jelly drink madu,20000,Miza Miba Fari,8269124439,Palembang,2025-02-26 06:25:58,2025-02-28 03:25:58,,Processed,1
ORD000628,2025-02-21 01:55:09,JDM,jelly drink madu,20000,Kafa Rimo,8150059226,Kudus,2025-02-21 03:15:09,2025-02-22 21:15:09,,On Delivery,2
ORD000629,2025-02-12 13:11:44,JDM,jelly drink madu,20000,Jono Titi,8933670120,Serang,2025-02-12 15:51:44,2025-02-14 11:51:44,,Delivered,1
ORD000630,2025-01-19 04:35:04,VTMMD60,vitaman madu 60 ml,50000,Dimi Fara Limi,8931664700,Tegal,2025-01-19 07:33:04,2025-01-20 06:33:04,,Processed,1
ORD000631,2025-01-26 06:35:40,MDB200,maduboom 200 ml,32000,Rimo Rino Rifa,8741890895,Bogor,2025-01-26 09:15:40,2025-01-26 18:15:40,2025-02-01 18:15:40,Returned,2
ORD000632,2025-01-13 18:59:39,MDB120,maduboom 120 ml,23000,Basa Difa Dika,8899089098,Ngawi,2025-01-13 20:59:39,2025-01-14 22:59:39,,Processed,3
ORD000633,2025-02-28 16:26:04,VTMMD60,vitaman madu 60 ml,50000,Nano Zajo,8539749566,Mataram,2025-02-28 17:05:04,2025-03-01 08:05:04,,On Delivery,1
ORD000634,2025-02-17 15:52:02,MDB120,maduboom 120 ml,23000,Tika Nami,8792076707,Singkawang,2025-02-17 16:32:02,2025-02-18 02:32:02,,On Delivery,3
ORD000635,2025-02-11 15:41:51,JDM,jelly drink madu,20000,Lino Sasa Dijo,8291888338,Banjarbaru,2025-02-11 16:31:51,2025-02-12 21:31:51,,Delivered,3
ORD000636,2025-01-25 01:02:24,JDM,jelly drink madu,20000,Bajo Bari,8329832951,Purwokerto,2025-01-25 03:45:24,2025-01-26 07:45:24,,Delivered,2
ORD000637,2025-01-24 12:00:24,MDB200,maduboom 200 ml,32000,Kasa Tika,8758275222,Banjarmasin,2025-01-24 13:39:24,2025-01-25 05:39:24,,Processed,1
ORD000638,2025-02-20 10:07:59,MDB120,maduboom 120 ml,23000,Mora Tina Nari,8243901407,Balikpapan,2025-02-20 12:04:59,2025-02-20 17:04:59,,Delivered,1
ORD000639,2025-01-27 05:18:05,VTM60,vitaman 60 ml,30000,Joli Lino,8230862883,Garut,2025-01-27 08:18:05,2025-01-28 09:18:05,,On Delivery,3
ORD000640,2025-01-30 07:01:16,JDM,jelly drink madu,20000,Rimo Rika Sami,8524227425,Palembang,2025-01-30 08:46:16,2025-01-31 20:46:16,,On Delivery,3
ORD000641,2025-02-25 13:41:35,VTMMD60,vitaman madu 60 ml,50000,Fati Diba,8556866744,Bandar Lampung,2025-02-25 15:31:35,2025-02-26 17:31:35,,Processed,3
ORD000642,2025-02-11 09:08:10,MDB120,maduboom 120 ml,23000,Dika Tili,8832573136,Kendari,2025-02-11 10:31:10,2025-02-12 03:31:10,2025-02-19 03:31:10,Returned,3
ORD000643,2025-01-03 09:30:50,JDM,jelly drink madu,20000,Kari Mimi Timo,8766451060,Larantuka,2025-01-03 11:36:50,2025-01-04 08:36:50,,Processed,1
ORD000644,2025-01-24 04:12:40,VTM60,vitaman 60 ml,30000,Saba Kajo Fami,8296877629,Madiun,2025-01-24 06:21:40,2025-01-26 00:21:40,,On Delivery,2
ORD000645,2025-02-28 08:35:17,VTM60,vitaman 60 ml,30000,Rara Sana,8236877694,Madiun,2025-02-28 09:40:17,2025-03-01 02:40:17,,On Delivery,1
ORD000646,2025-01-04 00:13:59,MDB120,maduboom 120 ml,23000,Diba Diti Jomi,8157771163,Bogor,2025-01-04 02:11:59,2025-01-04 12:11:59,,On Delivery,1
ORD000647,2025-02-06 17:44:21,VTMMD60,vitaman madu 60 ml,50000,Difa Mimi Radi,8368032767,Kupang,2025-02-06 19:00:21,2025-02-08 08:00:21,,Delivered,1
ORD000648,2025-02-15 02:44:03,VTM60,vitaman 60 ml,30000,Miba Timi Nosa,8302234923,Bogor,2025-02-15 05:36:03,2025-02-17 02:36:03,,Processed,2
ORD000649,2025-02-03 18:12:24,MDB200,maduboom 200 ml,32000,Lina Rika,8432278805,Probolinggo,2025-02-03 20:47:24,2025-02-04 11:47:24,,Processed,1
ORD000650,2025-02-25 19:00:00,MDB120,maduboom 120 ml,23000,Fafa Zara Miri,8177697942,Jepara,2025-02-25 20:17:00,2025-02-27 12:17:00,,Delivered,2
ORD000651,2025-02-22 23:56:29,MDB120,maduboom 120 ml,23000,Kasa Momi Kaba,8988292125,Gorontalo,2025-02-23 02:24:29,2025-02-23 16:24:29,2025-02-26 16:24:29,Returned,1
ORD000652,2025-01-20 09:56:18,VTM60,vitaman 60 ml,30000,Rimi Fadi Nana,8300018398,Yogyakarta,2025-01-20 11:32:18,2025-01-20 20:32:18,,Processed,3
ORD000653,2025-02-15 17:07:08,VTMMD60,vitaman madu 60 ml,50000,Misa Rano,8991575608,Kupang,2025-02-15 19:57:08,2025-02-17 14:57:08,,Delivered,1
ORD000654,2025-01-19 09:45:49,VTM60,vitaman 60 ml,30000,Fasa Rili,8534881853,Tangerang,2025-01-19 11:48:49,2025-01-20 19:48:49,,On Delivery,3
ORD000655,2025-01-07 15:39:27,VTM60,vitaman 60 ml,30000,Sadi Tino,8556344368,Singkawang,2025-01-07 18:24:27,2025-01-07 23:24:27,,Processed,1
ORD000656,2025-01-18 19:29:30,MDB120,maduboom 120 ml,23000,Mona Tiba,8909860840,Samarinda,2025-01-18 21:24:30,2025-01-20 06:24:30,,Delivered,2
ORD000657,2025-01-27 09:52:11,JDM,jelly drink madu,20000,Joza Joli Moka,8437517444,Sumedang,2025-01-27 12:18:11,2025-01-28 07:18:11,,Delivered,1
ORD000658,2025-02-11 21:06:04,VTMMD60,vitaman madu 60 ml,50000,Mora Noba Liza,8217756519,Bojonegoro,2025-02-11 22:24:04,2025-02-12 18:24:04,2025-02-16 18:24:04,Returned,3
ORD000659,2025-01-27 02:35:09,VTMMD60,vitaman madu 60 ml,50000,Kana Nora,8924101855,Kudus,2025-01-27 03:38:09,2025-01-27 09:38:09,,On Delivery,1
ORD000660,2025-02-05 07:53:04,VTMMD60,vitaman madu 60 ml,50000,Dimo Jodi,8513165723,Samarinda,2025-02-05 10:18:04,2025-02-05 15:18:04,,Delivered,2
ORD000661,2025-01-28 22:02:36,VTMMD60,vitaman madu 60 ml,50000,Lina Riba Timi,8380696430,Situbondo,2025-01-28 22:36:36,2025-01-29 17:36:36,,Delivered,2
ORD000662,2025-01-25 02:31:51,VTM60,vitaman 60 ml,30000,Rano Zana,8372391327,Medan,2025-01-25 03:35:51,2025-01-25 14:35:51,,Processed,1
ORD000663,2025-02-04 21:22:59,MDB200,maduboom 200 ml,32000,Jojo Fajo Nora,8304818046,Denpasar,2025-02-04 22:22:59,2025-02-05 23:22:59,,Delivered,1
ORD000664,2025-02-01 22:41:05,JDM,jelly drink madu,20000,Kara Sati,8287400763,Jayapura,2025-02-02 01:34:05,2025-02-02 21:34:05,,Delivered,3
ORD000665,2025-02-25 14:45:28,JDM,jelly drink madu,20000,Rali Namo Modi,8461503849,Palu,2025-02-25 16:43:28,2025-02-27 10:43:28,,On Delivery,3
ORD000666,2025-02-18 07:50:19,MDB200,maduboom 200 ml,32000,Dira Fano Jori,8779333056,Magelang,2025-02-18 10:13:19,2025-02-18 16:13:19,,Processed,3
ORD000667,2025-01-18 23:54:22,VTM60,vitaman 60 ml,30000,Jofa Timi,8756692145,Banjarbaru,2025-01-19 01:26:22,2025-01-20 20:26:22,,Delivered,1
ORD000668,2025-02-15 11:43:50,MDB200,maduboom 200 ml,32000,Lidi Lina,8309365649,Semarang,2025-02-15 14:19:50,2025-02-16 17:19:50,,Processed,2
ORD000669,2025-01-07 22:24:56,VTM60,vitaman 60 ml,30000,Safa Badi,8388035898,Mataram,2025-01-08 00:42:56,2025-01-08 21:42:56,,Processed,3
ORD000670,2025-02-13 09:21:32,MDB120,maduboom 120 ml,23000,Nara Bafa Zano,8921653008,Bandung,2025-02-13 11:42:32,2025-02-13 21:42:32,,Delivered,2
ORD000671,2025-02-09 12:07:31,MDB200,maduboom 200 ml,32000,Mora Dili Dira,8566668946,Serang,2025-02-09 13:03:31,2025-02-11 08:03:31,,Processed,2
ORD000672,2025-02-27 12:44:44,VTMMD60,vitaman madu 60 ml,50000,Timo Baza Sajo,8105374831,Ternate,2025-02-27 15:05:44,2025-03-01 03:05:44,,Delivered,3
ORD000673,2025-02-02 17:55:09,JDM,jelly drink madu,20000,Basa Bajo Nono,8764185288,Tasikmalaya,2025-02-02 20:42:09,2025-02-03 05:42:09,,Delivered,2
ORD000674,2025-02-07 10:23:30,VTMMD60,vitaman madu 60 ml,50000,Fadi Rano Bami,8433390862,Bekasi,2025-02-07 11:36:30,2025-02-07 23:36:30,,On Delivery,3
ORD000675,2025-02-05 04:00:33,VTM60,vitaman 60 ml,30000,Fajo Baba Tina,8126716892,Pasuruan,2025-02-05 06:24:33,2025-02-07 03:24:33,,Processed,1
ORD000676,2025-01-16 11:20:39,VTMMD60,vitaman madu 60 ml,50000,Faka Rari,8578744563,Lombok Barat,2025-01-16 11:52:39,2025-01-17 02:52:39,,Delivered,1
ORD000677,2025-02-20 04:35:29,MDB120,maduboom 120 ml,23000,Rali Nara Lira,8120611146,Samarinda,2025-02-20 05:52:29,2025-02-21 08:52:29,,Processed,1
ORD000678,2025-01-15 14:02:34,JDM,jelly drink madu,20000,Tisa Tiri,8965684050,Blitar,2025-01-15 17:00:34,2025-01-17 02:00:34,,Processed,3
ORD000679,2025-02-21 02:45:10,MDB120,maduboom 120 ml,23000,Zasa Mojo,8514331184,Jembrana,2025-02-21 04:43:10,2025-02-22 00:43:10,,Processed,2
ORD000680,2025-01-03 05:02:20,VTM60,vitaman 60 ml,30000,Nomi Fajo Modi,8215057826,Depok,2025-01-03 07:18:20,2025-01-04 10:18:20,,Delivered,3
ORD000681,2025-02-06 01:40:15,MDB120,maduboom 120 ml,23000,Tidi Fami,8509105935,Purwokerto,2025-02-06 02:29:15,2025-02-06 19:29:15,,Delivered,1
ORD000682,2025-01-28 13:49:17,VTMMD60,vitaman madu 60 ml,50000,Tika Rira Kari,8644958658,Kupang,2025-01-28 14:58:17,2025-01-29 16:58:17,,On Delivery,3
ORD000683,2025-02-02 20:13:20,MDB200,maduboom 200 ml,32000,Dino Baka Zasa,8272885214,Banjarmasin,2025-02-02 21:14:20,2025-02-04 16:14:20,,Processed,2
ORD000684,2025-01-04 22:27:51,MDB200,maduboom 200 ml,32000,Mira Kana,8412479758,Mataram,2025-01-04 23:57:51,2025-01-06 19:57:51,,Processed,3
ORD000685,2025-02-22 17:11:41,JDM,jelly drink madu,20000,Zara Zasa Noli,8633407827,Kendari,2025-02-22 18:58:41,2025-02-24 12:58:41,,On Delivery,2
ORD000686,2025-02-10 05:31:59,JDM,jelly drink madu,20000,Riza Faba Tira,8181817282,Tegal,2025-02-10 07:00:59,2025-02-11 11:00:59,2025-02-16 11:00:59,Returned,2
ORD000687,2025-02-15 12:07:28,MDB200,maduboom 200 ml,32000,Fara Moka Noza,8410806240,Banyuwangi,2025-02-15 13:18:28,2025-02-16 04:18:28,,On Delivery,2
ORD000688,2025-02-27 10:57:37,JDM,jelly drink madu,20000,Riza Lidi,8200519444,Manado,2025-02-27 13:29:37,2025-02-27 22:29:37,2025-03-02 22:29:37,Returned,1
ORD000689,2025-01-14 12:24:21,MDB200,maduboom 200 ml,32000,Jomi Kasa,8857122049,Makassar,2025-01-14 13:00:21,2025-01-14 18:00:21,,Processed,3
ORD000690,2025-02-17 16:46:01,VTM60,vitaman 60 ml,30000,Nodi Radi,8609588487,Kediri,2025-02-17 19:44:01,2025-02-18 20:44:01,,Processed,1
ORD000691,2025-02-03 01:28:43,JDM,jelly drink madu,20000,Sara Lifa,8118543575,Palangkaraya,2025-02-03 04:23:43,2025-02-04 07:23:43,,Processed,1
ORD000692,2025-02-21 23:08:08,MDB200,maduboom 200 ml,32000,Jona Mojo Sana,8718805265,Bandar Lampung,2025-02-22 00:13:08,2025-02-23 20:13:08,,Processed,3
ORD000693,2025-02-26 10:19:10,MDB120,maduboom 120 ml,23000,Fana Kami,8147573774,Ponorogo,2025-02-26 11:30:10,2025-02-27 07:30:10,,On Delivery,2
ORD000694,2025-01-30 01:07:50,MDB120,maduboom 120 ml,23000,Dira Naba Dimi,8113904447,Purwokerto,2025-01-30 02:16:50,2025-01-31 21:16:50,,Processed,2
ORD000695,2025-02-05 04:11:03,JDM,jelly drink madu,20000,Nora Fadi,8236631125,Madiun,2025-02-05 06:21:03,2025-02-07 05:21:03,,On Delivery,2
ORD000696,2025-01-03 02:32:08,VTMMD60,vitaman madu 60 ml,50000,Baba Bana,8736782248,Bengkulu,2025-01-03 03:49:08,2025-01-04 02:49:08,,On Delivery,2
ORD000697,2025-01-10 20:10:40,MDB200,maduboom 200 ml,32000,Didi Nodi,8943614110,Sumedang,2025-01-10 23:10:40,2025-01-11 07:10:40,,Delivered,1
ORD000698,2025-01-06 19:29:24,JDM,jelly drink madu,20000,Fano Naba Noti,8447484363,Singaraja,2025-01-06 21:02:24,2025-01-08 11:02:24,,Processed,3
ORD000699,2025-01-23 18:58:57,JDM,jelly drink madu,20000,Fana Rafa Fafa,8919619676,Samarinda,2025-01-23 19:52:57,2025-01-24 05:52:57,,Delivered,3
ORD000700,2025-02-13 22:10:38,MDB200,maduboom 200 ml,32000,Mona Noti,8821139921,Lombok Timur,2025-02-14 01:05:38,2025-02-14 17:05:38,,Processed,3
ORD000701,2025-02-21 15:08:03,MDB200,maduboom 200 ml,32000,Fasa Tifa Sati,8775382226,Banjarmasin,2025-02-21 17:16:03,2025-02-21 23:16:03,,Processed,3
ORD000702,2025-01-31 12:58:12,JDM,jelly drink madu,20000,Lino Risa Sasa,8776481357,Yogyakarta,2025-01-31 14:30:12,2025-02-02 14:30:12,,Delivered,3
ORD000703,2025-01-02 16:00:44,JDM,jelly drink madu,20000,Rimo Dijo Fami,8164404521,Jembrana,2025-01-02 18:41:44,2025-01-03 07:41:44,,On Delivery,3
ORD000704,2025-02-12 20:37:07,VTMMD60,vitaman madu 60 ml,50000,Disa Nali Nari,8328629289,Badung,2025-02-12 22:46:07,2025-02-14 18:46:07,,On Delivery,2
ORD000705,2025-02-20 21:23:58,JDM,jelly drink madu,20000,Jomo Miba,8717555299,Cikarang,2025-02-20 22:39:58,2025-02-22 19:39:58,,Processed,2
ORD000706,2025-01-15 11:55:48,VTMMD60,vitaman madu 60 ml,50000,Zana Nami Zali,8742202920,Kendari,2025-01-15 13:30:48,2025-01-16 09:30:48,,Delivered,2
ORD000707,2025-02-13 15:32:53,JDM,jelly drink madu,20000,Lira Naka,8857300494,Ambon,2025-02-13 17:36:53,2025-02-15 04:36:53,,Delivered,2
ORD000708,2025-02-01 11:39:57,JDM,jelly drink madu,20000,Zano Faza,8166631793,Sidoarjo,2025-02-01 13:00:57,2025-02-02 20:00:57,2025-02-09 20:00:57,Returned,2
ORD000709,2025-02-14 04:55:08,JDM,jelly drink madu,20000,Raka Lisa,8756794864,Madiun,2025-02-14 06:21:08,2025-02-15 20:21:08,,On Delivery,2
ORD000710,2025-01-31 07:07:05,MDB120,maduboom 120 ml,23000,Fari Nono,8906487256,Jepara,2025-01-31 08:52:05,2025-02-01 04:52:05,2025-02-08 04:52:05,Returned,3
ORD000711,2025-02-22 17:29:45,VTMMD60,vitaman madu 60 ml,50000,Kana Joka,8919611907,Jayapura,2025-02-22 19:11:45,2025-02-23 08:11:45,,On Delivery,1
ORD000712,2025-01-08 00:29:19,MDB120,maduboom 120 ml,23000,Miti Rasa,8403439429,Kendari,2025-01-08 03:06:19,2025-01-10 02:06:19,,On Delivery,1
ORD000713,2025-01-02 15:42:39,MDB200,maduboom 200 ml,32000,Mina Zaza,8330956172,Purwokerto,2025-01-02 18:37:39,2025-01-03 08:37:39,,Processed,3
ORD000714,2025-02-24 07:00:46,VTM60,vitaman 60 ml,30000,Raba Dino,8734116004,Boyolali,2025-02-24 07:32:46,2025-02-25 01:32:46,,Processed,1
ORD000715,2025-01-05 22:23:36,VTMMD60,vitaman madu 60 ml,50000,Najo Lina,8655840831,Banjarbaru,2025-01-06 00:56:36,2025-01-07 16:56:36,,Delivered,1
ORD000716,2025-02-03 01:05:45,MDB120,maduboom 120 ml,23000,Rino Rimo Rajo,8318713958,Pekanbaru,2025-02-03 03:16:45,2025-02-04 08:16:45,,Delivered,2
ORD000717,2025-02-01 00:17:32,MDB200,maduboom 200 ml,32000,Nodi Riza,8608592914,Palembang,2025-02-01 01:38:32,2025-02-02 18:38:32,2025-02-06 18:38:32,Returned,3
ORD000718,2025-02-08 16:34:54,JDM,jelly drink madu,20000,Kari Fadi Jora,8138320567,Palembang,2025-02-08 18:50:54,2025-02-09 23:50:54,,Processed,2
ORD000719,2025-01-05 09:51:49,VTMMD60,vitaman madu 60 ml,50000,Najo Diba,8615947176,Bekasi,2025-01-05 10:37:49,2025-01-06 07:37:49,,On Delivery,1
ORD000720,2025-01-10 03:12:13,JDM,jelly drink madu,20000,Zadi Bami,8229903078,Sumedang,2025-01-10 04:50:13,2025-01-11 01:50:13,,Processed,1
ORD000721,2025-02-09 21:59:24,VTMMD60,vitaman madu 60 ml,50000,Famo Nali Sadi,8536927004,Purwakarta,2025-02-09 23:17:24,2025-02-11 02:17:24,,Processed,1
ORD000722,2025-02-12 05:35:28,MDB120,maduboom 120 ml,23000,Nori Kafa,8698082904,Balikpapan,2025-02-12 06:51:28,2025-02-14 01:51:28,,Delivered,1
ORD000723,2025-01-13 13:12:37,VTM60,vitaman 60 ml,30000,Liti Rati Naba,8380222679,Surabaya,2025-01-13 13:43:37,2025-01-14 00:43:37,,On Delivery,2
ORD000724,2025-02-25 17:19:40,JDM,jelly drink madu,20000,Dino Nara Rara,8564815607,Tegal,2025-02-25 19:20:40,2025-02-26 13:20:40,,Delivered,3
ORD000725,2025-01-10 02:59:18,MDB200,maduboom 200 ml,32000,Fafa Noza,8778123064,Ambon,2025-01-10 05:15:18,2025-01-12 03:15:18,,Processed,2
ORD000726,2025-01-30 15:47:18,MDB120,maduboom 120 ml,23000,Mora Mijo,8965459244,Subang,2025-01-30 16:39:18,2025-01-31 12:39:18,,Delivered,1
ORD000727,2025-01-02 05:45:49,MDB200,maduboom 200 ml,32000,Kafa Diba Kajo,8383529870,Lamongan,2025-01-02 07:04:49,2025-01-03 22:04:49,,Processed,1
ORD000728,2025-01-23 06:38:03,MDB200,maduboom 200 ml,32000,Limi Rana,8573099079,Badung,2025-01-23 08:24:03,2025-01-24 12:24:03,,On Delivery,1
ORD000729,2025-01-05 19:15:09,MDB120,maduboom 120 ml,23000,Nano Liza Mojo,8512369633,Blitar,2025-01-05 21:26:09,2025-01-06 19:26:09,,On Delivery,3
ORD000730,2025-02-12 05:15:59,VTM60,vitaman 60 ml,30000,Kari Bamo Mori,8187974913,Singaraja,2025-02-12 05:46:59,2025-02-13 19:46:59,,On Delivery,1
ORD000731,2025-01-21 17:31:20,JDM,jelly drink madu,20000,Sana Diza Zaka,8817248887,Bengkulu,2025-01-21 19:21:20,2025-01-22 01:21:20,,On Delivery,3
ORD000732,2025-02-05 23:33:06,JDM,jelly drink madu,20000,Fajo Jodi,8478268950,Probolinggo,2025-02-06 02:12:06,2025-02-08 02:12:06,,Delivered,1
ORD000733,2025-02-05 00:57:19,VTM60,vitaman 60 ml,30000,Jomi Mofa,8265182400,Magelang,2025-02-05 03:20:19,2025-02-06 13:20:19,,On Delivery,2
ORD000734,2025-01-12 13:42:01,MDB120,maduboom 120 ml,23000,Moba Misa Noba,8735736221,Tabanan,2025-01-12 15:14:01,2025-01-14 05:14:01,,Delivered,3
ORD000735,2025-02-05 20:10:58,VTMMD60,vitaman madu 60 ml,50000,Josa Noli Timo,8968100735,Karangasem,2025-02-05 21:33:58,2025-02-07 04:33:58,,Delivered,1
ORD000736,2025-01-25 18:59:25,MDB120,maduboom 120 ml,23000,Kara Radi Kana,8657091075,Gorontalo,2025-01-25 19:54:25,2025-01-27 03:54:25,2025-02-01 03:54:25,Returned,1
ORD000737,2025-02-22 04:00:45,VTMMD60,vitaman madu 60 ml,50000,Moli Noti,8840801108,Semarang,2025-02-22 05:18:45,2025-02-22 17:18:45,,Delivered,1
ORD000738,2025-01-27 08:07:45,MDB120,maduboom 120 ml,23000,Basa Riti Moza,8515145747,Sorong,2025-01-27 09:22:45,2025-01-28 13:22:45,,Processed,2
ORD000739,2025-02-03 19:04:52,MDB200,maduboom 200 ml,32000,Nona Faba,8161701123,Semarang,2025-02-03 20:19:52,2025-02-05 07:19:52,,Delivered,3
ORD000740,2025-02-14 23:54:25,MDB120,maduboom 120 ml,23000,Zali Jori,8888770565,Tangerang,2025-02-15 01:51:25,2025-02-15 21:51:25,2025-02-22 21:51:25,Returned,2
ORD000741,2025-02-17 18:28:07,MDB120,maduboom 120 ml,23000,Sami Nasa Mojo,8537419627,Pontianak,2025-02-17 19:34:07,2025-02-18 01:34:07,,Processed,1
ORD000742,2025-01-19 01:57:03,MDB200,maduboom 200 ml,32000,Momo Zamo Zari,8147134160,Kediri,2025-01-19 04:01:03,2025-01-20 01:01:03,2025-01-25 01:01:03,Returned,3
ORD000743,2025-01-13 13:25:16,VTM60,vitaman 60 ml,30000,Zana Lira,8262824182,Bandung,2025-01-13 14:45:16,2025-01-14 11:45:16,,Processed,3
ORD000744,2025-02-01 04:33:39,MDB200,maduboom 200 ml,32000,Mojo Riza,8166749165,Serang,2025-02-01 05:17:39,2025-02-02 13:17:39,2025-02-08 13:17:39,Returned,3
ORD000745,2025-02-26 11:27:17,MDB200,maduboom 200 ml,32000,Jono Mimo Baka,8131143352,Manado,2025-02-26 14:21:17,2025-02-27 19:21:17,2025-03-03 19:21:17,Returned,3
ORD000746,2025-01-26 06:33:20,MDB120,maduboom 120 ml,23000,Riba Tira Saza,8862750684,Subang,2025-01-26 09:28:20,2025-01-27 20:28:20,,Delivered,1
ORD000747,2025-02-15 10:01:18,VTMMD60,vitaman madu 60 ml,50000,Nana Mifa,8473584070,Sorong,2025-02-15 12:26:18,2025-02-17 11:26:18,,Processed,2
ORD000748,2025-01-21 07:14:48,VTMMD60,vitaman madu 60 ml,50000,Mika Zajo Difa,8220615560,Ponorogo,2025-01-21 08:22:48,2025-01-22 02:22:48,,Delivered,3
ORD000749,2025-01-18 16:33:18,VTMMD60,vitaman madu 60 ml,50000,Saza Rara Noti,8515991872,Banjarbaru,2025-01-18 18:09:18,2025-01-19 17:09:18,,Delivered,1
ORD000750,2025-01-27 18:18:39,MDB120,maduboom 120 ml,23000,Noli Fasa Tijo,8553358329,Samarinda,2025-01-27 19:38:39,2025-01-28 21:38:39,,Delivered,2
ORD000751,2025-02-04 21:46:46,MDB200,maduboom 200 ml,32000,Namo Zadi,8672013278,Palembang,2025-02-04 23:15:46,2025-02-06 02:15:46,,On Delivery,2
ORD000752,2025-01-30 03:46:54,VTM60,vitaman 60 ml,30000,Kano Dimi Rano,8245324926,Lombok Timur,2025-01-30 04:21:54,2025-01-31 16:21:54,,Delivered,1
ORD000753,2025-01-14 08:02:57,MDB200,maduboom 200 ml,32000,Sami Rili,8825196248,Cikarang,2025-01-14 10:47:57,2025-01-15 12:47:57,,Processed,2
ORD000754,2025-01-28 21:57:54,VTMMD60,vitaman madu 60 ml,50000,Naka Moka Sajo,8130204145,Badung,2025-01-28 23:05:54,2025-01-29 23:05:54,,Processed,2
ORD000755,2025-01-25 16:26:24,VTMMD60,vitaman madu 60 ml,50000,Moti Zaza Saka,8628971923,Jambi,2025-01-25 17:28:24,2025-01-27 16:28:24,,On Delivery,2
ORD000756,2025-02-12 14:22:14,MDB200,maduboom 200 ml,32000,Rira Lira Sari,8733279896,Kudus,2025-02-12 16:17:14,2025-02-14 03:17:14,,Processed,1
ORD000757,2025-01-04 19:26:30,VTM60,vitaman 60 ml,30000,Rimi Rari,8358976613,Ngawi,2025-01-04 21:55:30,2025-01-05 15:55:30,,Processed,3
ORD000758,2025-02-02 19:35:28,JDM,jelly drink madu,20000,Nali Sati,8887664429,Kudus,2025-02-02 21:17:28,2025-02-04 00:17:28,,Delivered,3
ORD000759,2025-02-19 14:28:19,MDB120,maduboom 120 ml,23000,Nodi Zamo Fano,8664225150,Batam,2025-02-19 15:48:19,2025-02-19 20:48:19,,Delivered,3
ORD000760,2025-01-23 00:01:21,VTM60,vitaman 60 ml,30000,Nojo Nari Jora,8251494773,Makassar,2025-01-23 02:08:21,2025-01-24 00:08:21,,Processed,1
ORD000761,2025-01-30 05:51:41,VTMMD60,vitaman madu 60 ml,50000,Moba Faba,8440898531,Bojonegoro,2025-01-30 07:47:41,2025-01-31 13:47:41,,On Delivery,1
ORD000762,2025-01-02 02:16:18,MDB200,maduboom 200 ml,32000,Lira Baka Misa,8156193143,Lombok Barat,2025-01-02 04:54:18,2025-01-02 13:54:18,,Processed,3
ORD000763,2025-01-27 16:30:50,MDB200,maduboom 200 ml,32000,Kaza Safa,8796848959,Tabanan,2025-01-27 17:43:50,2025-01-28 12:43:50,,Processed,2
ORD000764,2025-02-12 18:50:22,VTM60,vitaman 60 ml,30000,Mira Moka Midi,8642326304,Makassar,2025-02-12 20:31:22,2025-02-13 10:31:22,,Processed,3
ORD000765,2025-01-13 08:44:18,MDB120,maduboom 120 ml,23000,Fami Mora Tifa,8627519904,Jakarta,2025-01-13 10:50:18,2025-01-14 02:50:18,,Delivered,1
ORD000766,2025-02-23 10:03:59,MDB200,maduboom 200 ml,32000,Kamo Sana Fadi,8368182545,Batam,2025-02-23 10:33:59,2025-02-23 16:33:59,,On Delivery,1
ORD000767,2025-01-13 21:26:38,VTM60,vitaman 60 ml,30000,Lisa Rami Mofa,8291244145,Larantuka,2025-01-13 21:59:38,2025-01-14 09:59:38,,Delivered,1
ORD000768,2025-02-04 17:56:07,MDB120,maduboom 120 ml,23000,Miza Naza,8501976260,Medan,2025-02-04 20:08:07,2025-02-06 04:08:07,,On Delivery,3
ORD000769,2025-01-15 08:58:14,MDB120,maduboom 120 ml,23000,Tisa Zajo Rino,8997258957,Jembrana,2025-01-15 09:56:14,2025-01-17 06:56:14,,Delivered,1
ORD000770,2025-01-17 17:44:31,MDB120,maduboom 120 ml,23000,Rino Kari Rati,8439968806,Banyuwangi,2025-01-17 18:19:31,2025-01-18 08:19:31,,On Delivery,3
ORD000771,2025-01-13 12:09:13,JDM,jelly drink madu,20000,Dimo Zaza Timo,8927185617,Lombok Barat,2025-01-13 14:46:13,2025-01-14 21:46:13,,Processed,2
ORD000772,2025-01-30 17:58:33,MDB200,maduboom 200 ml,32000,Lijo Tika,8397106354,Pasuruan,2025-01-30 19:52:33,2025-02-01 16:52:33,,Processed,2
ORD000773,2025-01-05 03:18:48,MDB120,maduboom 120 ml,23000,Moza Lili Tiba,8339801809,Klaten,2025-01-05 04:43:48,2025-01-05 22:43:48,,On Delivery,3
ORD000774,2025-02-01 08:34:41,VTMMD60,vitaman madu 60 ml,50000,Josa Nadi Faka,8952367357,Ende,2025-02-01 09:49:41,2025-02-02 06:49:41,,On Delivery,1
ORD000775,2025-01-01 19:36:15,MDB200,maduboom 200 ml,32000,Limi Lira Mofa,8589412153,Lombok Barat,2025-01-01 21:30:15,2025-01-02 10:30:15,2025-01-09 10:30:15,Returned,2
ORD000776,2025-01-10 06:49:44,VTM60,vitaman 60 ml,30000,Kali Nona,8126762659,Makassar,2025-01-10 09:35:44,2025-01-10 14:35:44,,Delivered,1
ORD000777,2025-01-01 23:05:55,MDB120,maduboom 120 ml,23000,Naka Diza,8754189099,Bojonegoro,2025-01-02 01:33:55,2025-01-03 11:33:55,,On Delivery,3
ORD000778,2025-02-11 09:14:22,MDB120,maduboom 120 ml,23000,Titi Tili,8814578643,Jembrana,2025-02-11 12:06:22,2025-02-12 06:06:22,,Delivered,1
ORD000779,2025-01-09 08:11:35,VTMMD60,vitaman madu 60 ml,50000,Rasa Zana,8101164111,Blitar,2025-01-09 09:11:35,2025-01-11 06:11:35,,Delivered,2
ORD000780,2025-02-07 13:12:08,MDB120,maduboom 120 ml,23000,Rano Samo Zasa,8412164872,Subang,2025-02-07 15:08:08,2025-02-08 07:08:08,,On Delivery,3
ORD000781,2025-02-17 01:00:43,VTMMD60,vitaman madu 60 ml,50000,Tina Liba Raza,8861086647,Ngawi,2025-02-17 01:50:43,2025-02-17 12:50:43,2025-02-24 12:50:43,Returned,2
ORD000782,2025-01-19 02:18:07,MDB120,maduboom 120 ml,23000,Tiba Mifa Tiba,8658915642,Purwokerto,2025-01-19 04:58:07,2025-01-19 12:58:07,,Processed,1
ORD000783,2025-02-26 11:35:17,VTM60,vitaman 60 ml,30000,Tisa Tifa,8428159638,Singkawang,2025-02-26 13:51:17,2025-02-28 05:51:17,,On Delivery,1
ORD000784,2025-01-09 10:42:33,JDM,jelly drink madu,20000,Fari Sana Ridi,8989893964,Yogyakarta,2025-01-09 13:07:33,2025-01-10 21:07:33,,Delivered,1
ORD000785,2025-01-31 11:30:00,JDM,jelly drink madu,20000,Rali Moti Bali,8722113772,Ternate,2025-01-31 13:14:00,2025-02-02 04:14:00,,Processed,1
ORD000786,2025-02-27 21:53:23,MDB200,maduboom 200 ml,32000,Zaza Nadi Mijo,8672158910,Tangerang,2025-02-28 00:48:23,2025-02-28 20:48:23,2025-03-02 20:48:23,Returned,1
ORD000787,2025-02-02 01:17:05,JDM,jelly drink madu,20000,Rana Raza,8888476163,Depok,2025-02-02 03:35:05,2025-02-02 15:35:05,,Processed,3
ORD000788,2025-02-06 15:29:52,JDM,jelly drink madu,20000,Nami Nami,8882895231,Gorontalo,2025-02-06 18:12:52,2025-02-08 17:12:52,,On Delivery,1
ORD000789,2025-01-22 08:44:25,MDB200,maduboom 200 ml,32000,Raba Samo Zasa,8896479291,Manado,2025-01-22 10:25:25,2025-01-23 16:25:25,,Processed,2
ORD000790,2025-01-21 14:31:59,MDB120,maduboom 120 ml,23000,Safa Kana,8604068123,Boyolali,2025-01-21 15:01:59,2025-01-22 22:01:59,,Processed,3
ORD000791,2025-01-06 19:29:07,MDB200,maduboom 200 ml,32000,Mili Joba,8125285135,Buleleng,2025-01-06 21:58:07,2025-01-08 05:58:07,,Delivered,3
ORD000792,2025-01-06 00:38:12,MDB200,maduboom 200 ml,32000,Noba Dili Nasa,8523788946,Cianjur,2025-01-06 01:47:12,2025-01-07 04:47:12,,Processed,2
ORD000793,2025-01-26 06:17:10,VTMMD60,vitaman madu 60 ml,50000,Kasa Moza Rara,8605509340,Makassar,2025-01-26 08:34:10,2025-01-26 23:34:10,,Processed,2
ORD000794,2025-01-07 02:49:48,VTM60,vitaman 60 ml,30000,Safa Noka Nodi,8413403251,Purwakarta,2025-01-07 05:17:48,2025-01-09 00:17:48,,On Delivery,3
ORD000795,2025-01-09 03:39:12,MDB200,maduboom 200 ml,32000,Samo Baba Nano,8702602032,Gresik,2025-01-09 05:37:12,2025-01-09 10:37:12,,Processed,1
ORD000796,2025-01-23 08:20:57,JDM,jelly drink madu,20000,Nora Rino,8605547747,Boyolali,2025-01-23 10:52:57,2025-01-25 04:52:57,,Processed,3
ORD000797,2025-02-08 10:50:10,MDB200,maduboom 200 ml,32000,Sana Lika Kati,8243912524,Palu,2025-02-08 13:26:10,2025-02-09 09:26:10,,Processed,1
ORD000798,2025-02-27 17:57:41,JDM,jelly drink madu,20000,Tifa Naba,8688420659,Palembang,2025-02-27 20:36:41,2025-03-01 13:36:41,,Processed,2
ORD000799,2025-02-14 13:21:18,JDM,jelly drink madu,20000,Naka Fadi Joti,8850104931,Kupang,2025-02-14 14:38:18,2025-02-15 13:38:18,,Processed,1
ORD000800,2025-01-08 09:23:40,MDB120,maduboom 120 ml,23000,Nodi Joli,8463942117,Sumedang,2025-01-08 11:48:40,2025-01-09 04:48:40,,On Delivery,2
ORD000801,2025-01-06 20:27:20,JDM,jelly drink madu,20000,Modi Kati Mijo,8564902516,Gresik,2025-01-06 22:18:20,2025-01-08 14:18:20,,Processed,1
ORD000802,2025-01-22 00:00:18,JDM,jelly drink madu,20000,Safa Radi,8178070044,Bandar Lampung,2025-01-22 02:31:18,2025-01-22 14:31:18,,Delivered,1
ORD000803,2025-01-25 21:36:38,VTMMD60,vitaman madu 60 ml,50000,Nana Mimi,8545141066,Gorontalo,2025-01-26 00:19:38,2025-01-27 04:19:38,,On Delivery,2
ORD000804,2025-02-13 09:02:43,VTMMD60,vitaman madu 60 ml,50000,Dimo Fami Rili,8128045065,Malang,2025-02-13 10:47:43,2025-02-13 15:47:43,,Delivered,3
ORD000805,2025-01-27 19:11:38,MDB200,maduboom 200 ml,32000,Faza Nosa,8587533141,Purwokerto,2025-01-27 20:33:38,2025-01-29 02:33:38,,Processed,1
ORD000806,2025-02-14 19:59:48,JDM,jelly drink madu,20000,Nona Liri Joka,8923021419,Bandung,2025-02-14 21:52:48,2025-02-16 18:52:48,,Processed,1
ORD000807,2025-02-15 00:26:26,VTMMD60,vitaman madu 60 ml,50000,Tili Naba Momo,8293259001,Purwakarta,2025-02-15 02:36:26,2025-02-16 15:36:26,,Delivered,3
ORD000808,2025-01-27 12:31:30,MDB200,maduboom 200 ml,32000,Nafa Kajo Namo,8366749963,Ambon,2025-01-27 14:50:30,2025-01-28 22:50:30,,Delivered,1
ORD000809,2025-02-06 13:14:32,MDB120,maduboom 120 ml,23000,Limi Nori Diba,8795689171,Buleleng,2025-02-06 14:00:32,2025-02-07 06:00:32,,Delivered,2
ORD000810,2025-01-26 00:09:16,MDB120,maduboom 120 ml,23000,Jojo Sami,8967723840,Malang,2025-01-26 01:36:16,2025-01-28 00:36:16,,Delivered,3
ORD000811,2025-01-25 23:12:01,MDB120,maduboom 120 ml,23000,Mimo Kasa,8336476241,Jayapura,2025-01-26 01:53:01,2025-01-27 17:53:01,,Processed,2
ORD000812,2025-02-24 21:12:27,MDB200,maduboom 200 ml,32000,Tika Rami Lira,8801479096,Pontianak,2025-02-24 23:48:27,2025-02-25 07:48:27,,Delivered,2
ORD000813,2025-02-03 09:53:55,VTM60,vitaman 60 ml,30000,Moza Tira,8678915391,Subang,2025-02-03 11:57:55,2025-02-04 22:57:55,,On Delivery,2
ORD000814,2025-01-03 14:38:24,JDM,jelly drink madu,20000,Radi Mino,8890955785,Karawang,2025-01-03 16:04:24,2025-01-04 15:04:24,,Delivered,2
ORD000815,2025-02-17 04:16:45,VTMMD60,vitaman madu 60 ml,50000,Sadi Jora Saza,8337957681,Lombok Timur,2025-02-17 06:27:45,2025-02-18 05:27:45,,On Delivery,3
ORD000816,2025-02-16 01:06:02,MDB200,maduboom 200 ml,32000,Mojo Lika,8536869445,Tasikmalaya,2025-02-16 03:33:02,2025-02-17 11:33:02,,On Delivery,1
ORD000817,2025-01-21 08:11:20,JDM,jelly drink madu,20000,Kano Didi Riti,8238174881,Mataram,2025-01-21 10:03:20,2025-01-22 03:03:20,,On Delivery,2
ORD000818,2025-02-01 08:22:01,JDM,jelly drink madu,20000,Kara Noza Famo,8605752834,Klaten,2025-02-01 09:30:01,2025-02-03 03:30:01,,Delivered,2
ORD000819,2025-02-19 02:06:52,MDB120,maduboom 120 ml,23000,Tijo Tili Jodi,8298671008,Gorontalo,2025-02-19 03:24:52,2025-02-19 22:24:52,,Processed,3
ORD000820,2025-02-14 12:00:18,VTMMD60,vitaman madu 60 ml,50000,Mofa Baka,8285407080,Batam,2025-02-14 14:45:18,2025-02-15 04:45:18,,On Delivery,2
ORD000821,2025-01-03 01:43:56,VTMMD60,vitaman madu 60 ml,50000,Zaza Kaza Baba,8126246101,Lombok Barat,2025-01-03 04:01:56,2025-01-04 23:01:56,,Delivered,1
ORD000822,2025-02-18 08:36:01,MDB200,maduboom 200 ml,32000,Nara Nomi,8263501515,Probolinggo,2025-02-18 09:14:01,2025-02-19 00:14:01,,On Delivery,1
ORD000823,2025-01-17 19:14:52,VTM60,vitaman 60 ml,30000,Limi Bali Jomi,8823374139,Ponorogo,2025-01-17 21:04:52,2025-01-19 20:04:52,,Processed,3
ORD000824,2025-01-09 08:51:22,MDB200,maduboom 200 ml,32000,Dina Zaka Moti,8536607466,Bandar Lampung,2025-01-09 11:33:22,2025-01-11 07:33:22,,Delivered,2
ORD000825,2025-01-17 14:31:29,JDM,jelly drink madu,20000,Mika Zana Miti,8749780867,Pasuruan,2025-01-17 17:03:29,2025-01-18 05:03:29,,Delivered,2
ORD000826,2025-01-23 05:17:25,MDB200,maduboom 200 ml,32000,Miza Namo Fali,8831077223,Banjarbaru,2025-01-23 06:03:25,2025-01-23 22:03:25,,On Delivery,2
ORD000827,2025-01-20 17:48:08,VTMMD60,vitaman madu 60 ml,50000,Joli Naza,8636446464,Jambi,2025-01-20 19:53:08,2025-01-21 23:53:08,,Processed,1
ORD000828,2025-01-05 15:24:57,VTMMD60,vitaman madu 60 ml,50000,Ramo Zaba Baba,8976977332,Tangerang,2025-01-05 17:37:57,2025-01-05 23:37:57,2025-01-09 23:37:57,Returned,2
ORD000829,2025-02-23 06:00:25,JDM,jelly drink madu,20000,Faka Bana Baza,8388119884,Malang,2025-02-23 08:49:25,2025-02-24 23:49:25,2025-02-28 23:49:25,Returned,2
ORD000830,2025-01-17 09:09:39,MDB200,maduboom 200 ml,32000,Sara Najo Dimi,8422532646,Samarinda,2025-01-17 11:47:39,2025-01-19 07:47:39,,Delivered,1
ORD000831,2025-01-29 18:31:58,JDM,jelly drink madu,20000,Zaba Kara,8253229934,Pasuruan,2025-01-29 19:02:58,2025-01-30 16:02:58,,Delivered,2
ORD000832,2025-02-02 15:51:17,VTMMD60,vitaman madu 60 ml,50000,Mijo Nali Zadi,8139783175,Ngawi,2025-02-02 18:24:17,2025-02-04 00:24:17,,On Delivery,3
ORD000833,2025-02-02 03:26:29,VTM60,vitaman 60 ml,30000,Jojo Sajo,8927481640,Singkawang,2025-02-02 05:06:29,2025-02-03 21:06:29,,On Delivery,2
ORD000834,2025-01-11 12:12:35,JDM,jelly drink madu,20000,Tiba Ridi Kami,8849358775,Tabanan,2025-01-11 12:46:35,2025-01-11 19:46:35,,On Delivery,2
ORD000835,2025-02-10 06:27:52,VTMMD60,vitaman madu 60 ml,50000,Jono Sana,8351148445,Kendari,2025-02-10 08:00:52,2025-02-11 15:00:52,,On Delivery,1
ORD000836,2025-01-07 04:21:24,MDB200,maduboom 200 ml,32000,Rafa Lina,8399882244,Cirebon,2025-01-07 07:07:24,2025-01-08 13:07:24,,Processed,1
ORD000837,2025-01-02 07:09:39,VTMMD60,vitaman madu 60 ml,50000,Baka Riba,8285389862,Probolinggo,2025-01-02 09:28:39,2025-01-03 15:28:39,,Processed,3
ORD000838,2025-01-04 10:20:02,JDM,jelly drink madu,20000,Baba Dina,8485723864,Makassar,2025-01-04 12:23:02,2025-01-05 08:23:02,,Delivered,1
ORD000839,2025-02-02 22:35:07,VTM60,vitaman 60 ml,30000,Risa Mona Diba,8851561950,Bogor,2025-02-03 00:14:07,2025-02-03 18:14:07,,Delivered,2
ORD000840,2025-01-13 04:03:39,JDM,jelly drink madu,20000,Jodi Rafa,8933252092,Bekasi,2025-01-13 05:16:39,2025-01-14 20:16:39,,Processed,2
ORD000841,2025-02-28 09:13:00,VTMMD60,vitaman madu 60 ml,50000,Kafa Fami,8651932501,Banjarmasin,2025-02-28 09:44:00,2025-03-01 18:44:00,,Delivered,1
ORD000842,2025-02-13 03:44:58,MDB200,maduboom 200 ml,32000,Lijo Miri,8700726061,Tangerang,2025-02-13 06:36:58,2025-02-15 04:36:58,,On Delivery,1
ORD000843,2025-02-21 18:41:04,JDM,jelly drink madu,20000,Liri Mora Kadi,8731453278,Ende,2025-02-21 21:22:04,2025-02-22 19:22:04,,On Delivery,3
ORD000844,2025-01-03 21:32:56,JDM,jelly drink madu,20000,Kadi Riza Jora,8821449125,Madiun,2025-01-03 23:59:56,2025-01-05 19:59:56,,Processed,1
ORD000845,2025-02-25 14:39:47,MDB120,maduboom 120 ml,23000,Kaba Momi,8632565981,Jambi,2025-02-25 16:44:47,2025-02-26 02:44:47,,Delivered,2
ORD000846,2025-01-20 15:31:12,VTMMD60,vitaman madu 60 ml,50000,Najo Zafa,8432162939,Banjarmasin,2025-01-20 17:21:12,2025-01-22 04:21:12,2025-01-27 04:21:12,Returned,2
ORD000847,2025-02-24 12:33:54,JDM,jelly drink madu,20000,Mina Bari,8271573806,Denpasar,2025-02-24 15:04:54,2025-02-26 00:04:54,,On Delivery,2
ORD000848,2025-01-18 06:08:07,VTMMD60,vitaman madu 60 ml,50000,Rika Midi,8939285732,Klaten,2025-01-18 08:46:07,2025-01-19 14:46:07,,On Delivery,1
ORD000849,2025-02-22 08:00:57,VTMMD60,vitaman madu 60 ml,50000,Moka Kajo,8663879011,Cikarang,2025-02-22 10:16:57,2025-02-23 06:16:57,,On Delivery,2
ORD000850,2025-01-18 00:01:09,VTMMD60,vitaman madu 60 ml,50000,Tiba Mofa Titi,8557938666,Bandar Lampung,2025-01-18 01:12:09,2025-01-19 22:12:09,,Delivered,3
ORD000851,2025-01-17 23:14:58,MDB120,maduboom 120 ml,23000,Tifa Zafa Rifa,8850940963,Padang,2025-01-18 00:09:58,2025-01-19 05:09:58,,Delivered,2
ORD000852,2025-02-20 04:46:32,JDM,jelly drink madu,20000,Rara Nori,8195600835,Larantuka,2025-02-20 07:36:32,2025-02-21 19:36:32,,Delivered,3
ORD000853,2025-01-04 23:22:04,VTM60,vitaman 60 ml,30000,Nana Jofa Bami,8646372047,Bangli,2025-01-05 00:52:04,2025-01-05 22:52:04,,Delivered,1
ORD000854,2025-01-26 14:31:56,VTMMD60,vitaman madu 60 ml,50000,Misa Nona,8897382332,Singkawang,2025-01-26 16:16:56,2025-01-28 15:16:56,,Delivered,2
ORD000855,2025-01-30 01:41:02,MDB200,maduboom 200 ml,32000,Modi Mora,8565505427,Singaraja,2025-01-30 02:39:02,2025-01-31 12:39:02,,Delivered,1
ORD000856,2025-02-19 15:21:35,JDM,jelly drink madu,20000,Lino Sali,8848651335,Batam,2025-02-19 17:40:35,2025-02-21 17:40:35,,Processed,2
ORD000857,2025-01-09 01:53:54,JDM,jelly drink madu,20000,Bana Dira,8109498723,Serang,2025-01-09 04:34:54,2025-01-11 04:34:54,,Processed,1
ORD000858,2025-02-06 22:18:31,JDM,jelly drink madu,20000,Saka Namo,8782241114,Purwakarta,2025-02-06 23:43:31,2025-02-07 08:43:31,,On Delivery,2
ORD000859,2025-02-26 20:54:38,VTMMD60,vitaman madu 60 ml,50000,Sasa Kadi,8761774576,Singaraja,2025-02-26 23:20:38,2025-02-28 06:20:38,,On Delivery,1
ORD000860,2025-01-15 09:45:33,VTM60,vitaman 60 ml,30000,Diba Rati Mofa,8945368092,Banjarbaru,2025-01-15 12:39:33,2025-01-17 01:39:33,,Delivered,1
ORD000861,2025-02-13 02:57:18,VTM60,vitaman 60 ml,30000,Josa Kamo,8585730276,Semarang,2025-02-13 04:11:18,2025-02-14 02:11:18,,On Delivery,3
ORD000862,2025-01-24 08:17:47,MDB120,maduboom 120 ml,23000,Liri Rifa Fafa,8923527407,Serang,2025-01-24 09:06:47,2025-01-24 15:06:47,,On Delivery,3
ORD000863,2025-01-03 15:12:29,VTMMD60,vitaman madu 60 ml,50000,Mira Mijo,8689908877,Magelang,2025-01-03 16:18:29,2025-01-03 21:18:29,,Delivered,2
ORD000864,2025-01-09 07:08:02,MDB120,maduboom 120 ml,23000,Rino Baka Diri,8250828636,Pontianak,2025-01-09 09:09:02,2025-01-10 00:09:02,,Delivered,3
ORD000865,2025-02-17 15:37:25,JDM,jelly drink madu,20000,Joba Dino Kaba,8788340679,Badung,2025-02-17 17:54:25,2025-02-18 00:54:25,,Delivered,1
ORD000866,2025-01-05 20:43:25,MDB200,maduboom 200 ml,32000,Nati Fano Bano,8723901446,Singkawang,2025-01-05 21:13:25,2025-01-06 21:13:25,,Delivered,3
ORD000867,2025-01-21 17:01:51,VTMMD60,vitaman madu 60 ml,50000,Ramo Joti Diza,8602836776,Bangli,2025-01-21 19:07:51,2025-01-22 10:07:51,,Delivered,1
ORD000868,2025-02-09 14:06:06,JDM,jelly drink madu,20000,Liba Lijo Kajo,8268650848,Cianjur,2025-02-09 16:18:06,2025-02-10 06:18:06,,Processed,2
ORD000869,2025-01-17 16:46:54,VTM60,vitaman 60 ml,30000,Kaba Momo,8951451897,Ponorogo,2025-01-17 19:03:54,2025-01-18 02:03:54,,Delivered,2
ORD000870,2025-02-19 09:07:30,JDM,jelly drink madu,20000,Lidi Samo,8188399605,Sorong,2025-02-19 10:12:30,2025-02-19 20:12:30,,Processed,2
ORD000871,2025-02-21 06:41:32,VTM60,vitaman 60 ml,30000,Kamo Titi,8978552918,Madiun,2025-02-21 09:17:32,2025-02-21 17:17:32,,On Delivery,2
ORD000872,2025-02-12 14:42:03,MDB120,maduboom 120 ml,23000,Naza Nodi Kano,8568934680,Kendari,2025-02-12 15:46:03,2025-02-13 20:46:03,,On Delivery,3
ORD000873,2025-02-11 16:16:26,MDB120,maduboom 120 ml,23000,Bali Tina,8722910828,Pekanbaru,2025-02-11 17:17:26,2025-02-12 11:17:26,,Processed,1
ORD000874,2025-01-01 15:07:43,JDM,jelly drink madu,20000,Mona Joba,8880269083,Lombok Barat,2025-01-01 17:37:43,2025-01-02 18:37:43,,Delivered,2
ORD000875,2025-02-10 03:48:36,MDB200,maduboom 200 ml,32000,Moza Titi,8762352418,Ende,2025-02-10 04:50:36,2025-02-10 14:50:36,,Processed,2
ORD000876,2025-02-25 23:27:31,JDM,jelly drink madu,20000,Mina Bana Limi,8289046292,Cikarang,2025-02-26 00:34:31,2025-02-27 21:34:31,,On Delivery,1
ORD000877,2025-02-21 06:59:52,VTM60,vitaman 60 ml,30000,Tino Radi,8240509778,Tegal,2025-02-21 09:52:52,2025-02-23 00:52:52,,On Delivery,2
ORD000878,2025-01-01 07:07:46,JDM,jelly drink madu,20000,Zadi Bajo,8660933839,Purwakarta,2025-01-01 09:49:46,2025-01-01 22:49:46,,Delivered,1
ORD000879,2025-01-21 05:42:41,MDB200,maduboom 200 ml,32000,Limo Lili Mili,8932267536,Surabaya,2025-01-21 06:26:41,2025-01-22 03:26:41,,Delivered,2
ORD000880,2025-02-05 03:52:29,VTM60,vitaman 60 ml,30000,Zana Lira,8940081412,Serang,2025-02-05 05:31:29,2025-02-06 19:31:29,,Processed,2
ORD000881,2025-01-26 18:53:46,JDM,jelly drink madu,20000,Kafa Zadi Naza,8361458581,Blitar,2025-01-26 20:55:46,2025-01-28 11:55:46,,On Delivery,3
ORD000882,2025-01-10 09:47:26,VTM60,vitaman 60 ml,30000,Dijo Moti,8236185802,Garut,2025-01-10 11:44:26,2025-01-10 23:44:26,,Processed,2
ORD000883,2025-01-27 06:00:57,MDB200,maduboom 200 ml,32000,Nali Mijo Bajo,8191692268,Purwakarta,2025-01-27 08:48:57,2025-01-29 02:48:57,,On Delivery,3
ORD000884,2025-02-26 08:23:10,MDB120,maduboom 120 ml,23000,Jori Kaka Riba,8710751712,Palu,2025-02-26 10:28:10,2025-02-27 17:28:10,,Processed,2
ORD000885,2025-02-28 06:27:00,JDM,jelly drink madu,20000,Zana Rifa,8988943753,Sukabumi,2025-02-28 07:13:00,2025-03-01 14:13:00,,Delivered,2
ORD000886,2025-02-15 06:28:50,VTM60,vitaman 60 ml,30000,Jono Nono Nafa,8797939037,Lombok Barat,2025-02-15 08:41:50,2025-02-16 05:41:50,,Delivered,2
ORD000887,2025-02-01 20:06:31,VTMMD60,vitaman madu 60 ml,50000,Tina Sadi,8590323511,Magelang,2025-02-01 22:45:31,2025-02-03 08:45:31,2025-02-08 08:45:31,Returned,3
ORD000888,2025-02-14 16:07:26,VTMMD60,vitaman madu 60 ml,50000,Kaba Zadi Limo,8804384762,Samarinda,2025-02-14 18:59:26,2025-02-16 08:59:26,,Delivered,1
ORD000889,2025-01-24 03:44:57,JDM,jelly drink madu,20000,Rili Ramo,8325909633,Makassar,2025-01-24 05:35:57,2025-01-24 11:35:57,,Delivered,1
ORD000890,2025-01-20 05:05:35,VTMMD60,vitaman madu 60 ml,50000,Samo Tira,8599787935,Indramayu,2025-01-20 07:14:35,2025-01-22 00:14:35,,Processed,1
ORD000891,2025-01-18 01:10:22,JDM,jelly drink madu,20000,Badi Sajo Tijo,8974167608,Tangerang,2025-01-18 03:40:22,2025-01-19 22:40:22,,Processed,2
ORD000892,2025-02-06 01:49:53,VTM60,vitaman 60 ml,30000,Fadi Noli,8772245185,Samarinda,2025-02-06 04:29:53,2025-02-07 07:29:53,,On Delivery,3
ORD000893,2025-01-15 19:07:05,VTMMD60,vitaman madu 60 ml,50000,Kano Fali,8904767823,Bengkulu,2025-01-15 20:34:05,2025-01-17 01:34:05,,Delivered,3
ORD000894,2025-01-21 13:25:53,JDM,jelly drink madu,20000,Mili Mika Bami,8147057331,Pasuruan,2025-01-21 15:11:53,2025-01-22 19:11:53,,On Delivery,1
ORD000895,2025-01-26 20:36:31,VTMMD60,vitaman madu 60 ml,50000,Timo Sadi,8903562488,Bojonegoro,2025-01-26 22:30:31,2025-01-28 21:30:31,,Processed,1
ORD000896,2025-01-26 22:30:25,MDB200,maduboom 200 ml,32000,Disa Zano,8658553817,Gresik,2025-01-26 23:31:25,2025-01-27 07:31:25,,On Delivery,3
ORD000897,2025-02-12 23:09:02,MDB200,maduboom 200 ml,32000,Fara Rira Saba,8902164568,Bogor,2025-02-13 00:43:02,2025-02-14 06:43:02,,Delivered,1
ORD000898,2025-01-18 17:36:59,MDB120,maduboom 120 ml,23000,Joli Fano Mori,8670110365,Situbondo,2025-01-18 19:23:59,2025-01-19 14:23:59,,Delivered,1
ORD000899,2025-02-15 22:40:57,VTMMD60,vitaman madu 60 ml,50000,Mono Bano Badi,8946446526,Palembang,2025-02-16 00:41:57,2025-02-17 00:41:57,,On Delivery,1
ORD000900,2025-02-20 20:56:50,VTMMD60,vitaman madu 60 ml,50000,Kaba Mimo Badi,8288737024,Balikpapan,2025-02-20 22:40:50,2025-02-22 06:40:50,,On Delivery,1
ORD000901,2025-01-09 05:26:08,VTMMD60,vitaman madu 60 ml,50000,Diba Sari,8449513524,Situbondo,2025-01-09 06:01:08,2025-01-10 17:01:08,,Delivered,3
ORD000902,2025-02-15 00:30:44,MDB120,maduboom 120 ml,23000,Nomo Mono Nono,8727981674,Banyuwangi,2025-02-15 02:43:44,2025-02-16 13:43:44,,Processed,2
ORD000903,2025-02-20 16:10:25,MDB200,maduboom 200 ml,32000,Lili Fati Lijo,8865961478,Tasikmalaya,2025-02-20 17:56:25,2025-02-21 04:56:25,,On Delivery,1
ORD000904,2025-02-11 08:51:15,VTM60,vitaman 60 ml,30000,Rara Lifa Bati,8322362112,Lombok Barat,2025-02-11 10:24:15,2025-02-13 10:24:15,,Delivered,1
ORD000905,2025-02-17 21:25:03,VTM60,vitaman 60 ml,30000,Nono Dino Jojo,8845485018,Gresik,2025-02-17 22:07:03,2025-02-19 05:07:03,,On Delivery,3
ORD000906,2025-02-04 02:14:44,VTMMD60,vitaman madu 60 ml,50000,Faba Noka Dina,8498213357,Palangkaraya,2025-02-04 04:58:44,2025-02-04 14:58:44,,Delivered,3
ORD000907,2025-02-20 05:41:20,VTM60,vitaman 60 ml,30000,Noti Sano Fari,8895294402,Tangerang,2025-02-20 06:54:20,2025-02-20 14:54:20,,Delivered,3
ORD000908,2025-01-25 17:08:56,VTM60,vitaman 60 ml,30000,Tira Dimo Mojo,8656526657,Tangerang,2025-01-25 17:40:56,2025-01-25 22:40:56,,Delivered,3
ORD000909,2025-02-01 03:40:03,VTMMD60,vitaman madu 60 ml,50000,Dira Baba Moli,8330895149,Cirebon,2025-02-01 04:29:03,2025-02-03 00:29:03,,Processed,1
ORD000910,2025-01-18 08:18:42,VTM60,vitaman 60 ml,30000,Midi Diza Nano,8967068197,Ternate,2025-01-18 10:06:42,2025-01-19 15:06:42,,On Delivery,1
ORD000911,2025-01-28 21:12:19,VTMMD60,vitaman madu 60 ml,50000,Fasa Tina,8137345626,Buleleng,2025-01-28 22:55:19,2025-01-29 20:55:19,2025-02-03 20:55:19,Returned,3
ORD000912,2025-01-31 05:19:07,MDB200,maduboom 200 ml,32000,Moza Safa,8805130716,Banyuwangi,2025-01-31 08:01:07,2025-02-01 17:01:07,,Processed,3
ORD000913,2025-01-02 04:21:08,VTMMD60,vitaman madu 60 ml,50000,Sano Nori Nori,8604346769,Semarang,2025-01-02 04:57:08,2025-01-03 08:57:08,,Processed,2
ORD000914,2025-01-10 21:32:20,MDB120,maduboom 120 ml,23000,Nona Jori,8205202939,Gorontalo,2025-01-10 23:08:20,2025-01-11 21:08:20,,Delivered,3
ORD000915,2025-02-03 09:10:14,VTMMD60,vitaman madu 60 ml,50000,Bamo Fafa,8411086817,Pekanbaru,2025-02-03 11:10:14,2025-02-04 02:10:14,,On Delivery,2
ORD000916,2025-01-06 04:45:19,MDB200,maduboom 200 ml,32000,Mori Bajo Mojo,8214354653,Surabaya,2025-01-06 07:09:19,2025-01-07 05:09:19,,On Delivery,2
ORD000917,2025-02-09 19:29:00,JDM,jelly drink madu,20000,Zajo Kaba,8601843193,Kudus,2025-02-09 21:24:00,2025-02-10 11:24:00,,Delivered,1
ORD000918,2025-01-08 06:15:19,VTM60,vitaman 60 ml,30000,Nomo Bajo Sali,8399637665,Balikpapan,2025-01-08 09:02:19,2025-01-10 05:02:19,,On Delivery,1
ORD000919,2025-02-22 04:36:38,JDM,jelly drink madu,20000,Lifa Naba,8171016904,Tabanan,2025-02-22 05:32:38,2025-02-22 20:32:38,,Delivered,1
ORD000920,2025-01-23 01:09:05,VTMMD60,vitaman madu 60 ml,50000,Zami Nara Noti,8196561872,Probolinggo,2025-01-23 03:59:05,2025-01-24 23:59:05,,Delivered,3
ORD000921,2025-02-02 07:58:51,MDB200,maduboom 200 ml,32000,Nano Saza Dijo,8809042433,Samarinda,2025-02-02 09:11:51,2025-02-04 03:11:51,,Processed,3
ORD000922,2025-01-27 13:27:23,MDB200,maduboom 200 ml,32000,Kano Kali Dino,8254033449,Indramayu,2025-01-27 15:02:23,2025-01-29 15:02:23,,Delivered,3
ORD000923,2025-01-17 05:22:59,MDB200,maduboom 200 ml,32000,Samo Mika Kadi,8982249832,Malang,2025-01-17 07:16:59,2025-01-18 14:16:59,,Processed,3
ORD000924,2025-02-10 08:27:12,VTMMD60,vitaman madu 60 ml,50000,Lina Rana,8685289608,Boyolali,2025-02-10 11:27:12,2025-02-11 02:27:12,,Delivered,1
ORD000925,2025-01-04 07:57:26,VTM60,vitaman 60 ml,30000,Jomo Diri Naka,8444293361,Bangli,2025-01-04 09:22:26,2025-01-06 08:22:26,,Processed,1
ORD000926,2025-01-14 19:49:43,MDB120,maduboom 120 ml,23000,Lino Kara,8825313803,Maumere,2025-01-14 20:19:43,2025-01-16 20:19:43,,On Delivery,3
ORD000927,2025-01-04 10:17:22,MDB120,maduboom 120 ml,23000,Lisa Difa,8530938954,Surabaya,2025-01-04 13:02:22,2025-01-06 12:02:22,,On Delivery,3
ORD000928,2025-02-04 07:45:56,VTMMD60,vitaman madu 60 ml,50000,Zana Mika,8202819817,Kudus,2025-02-04 09:34:56,2025-02-05 08:34:56,,Delivered,3
ORD000929,2025-02-16 19:25:26,VTMMD60,vitaman madu 60 ml,50000,Baka Riri Nojo,8610524676,Gianyar,2025-02-16 21:31:26,2025-02-17 08:31:26,,Processed,1
ORD000930,2025-02-12 00:58:44,VTM60,vitaman 60 ml,30000,Jofa Rati Nara,8990952401,Situbondo,2025-02-12 03:27:44,2025-02-14 01:27:44,,On Delivery,1
ORD000931,2025-01-13 22:04:37,VTM60,vitaman 60 ml,30000,Rafa Lina,8610458147,Pontianak,2025-01-14 00:42:37,2025-01-15 20:42:37,,Delivered,3
ORD000932,2025-02-15 11:11:22,VTM60,vitaman 60 ml,30000,Nari Saka Fano,8865864076,Serang,2025-02-15 13:09:22,2025-02-16 22:09:22,,Processed,1
ORD000933,2025-02-26 12:32:18,VTMMD60,vitaman madu 60 ml,50000,Rana Bari Faba,8257228067,Bojonegoro,2025-02-26 14:24:18,2025-02-26 23:24:18,,Processed,3
ORD000934,2025-01-21 05:46:03,MDB120,maduboom 120 ml,23000,Moli Kamo Nofa,8149739041,Maumere,2025-01-21 08:29:03,2025-01-22 10:29:03,,On Delivery,2
ORD000935,2025-02-08 06:19:46,JDM,jelly drink madu,20000,Rimo Fara,8547369193,Serang,2025-02-08 08:08:46,2025-02-09 04:08:46,2025-02-12 04:08:46,Returned,3
ORD000936,2025-01-07 07:35:17,JDM,jelly drink madu,20000,Rika Baka Fasa,8628004348,Bandar Lampung,2025-01-07 08:27:17,2025-01-08 20:27:17,,Processed,1
ORD000937,2025-02-06 00:21:13,JDM,jelly drink madu,20000,Diba Rafa Zari,8591358776,Sorong,2025-02-06 02:27:13,2025-02-07 02:27:13,,Delivered,2
ORD000938,2025-02-18 12:59:34,VTM60,vitaman 60 ml,30000,Zafa Mina,8385209230,Garut,2025-02-18 14:12:34,2025-02-20 01:12:34,,Processed,3
ORD000939,2025-02-05 16:38:55,MDB120,maduboom 120 ml,23000,Fati Lijo,8933619205,Depok,2025-02-05 18:32:55,2025-02-06 22:32:55,,Processed,2
ORD000940,2025-01-24 14:27:16,VTMMD60,vitaman madu 60 ml,50000,Rira Sara,8967190979,Jombang,2025-01-24 17:16:16,2025-01-26 08:16:16,,Delivered,2
ORD000941,2025-02-07 14:37:46,VTM60,vitaman 60 ml,30000,Momi Najo,8208531036,Tangerang,2025-02-07 17:22:46,2025-02-09 05:22:46,,On Delivery,2
ORD000942,2025-02-07 14:40:11,VTM60,vitaman 60 ml,30000,Rana Noza Fari,8270251770,Indramayu,2025-02-07 17:34:11,2025-02-09 09:34:11,,Processed,3
ORD000943,2025-01-26 12:28:56,VTM60,vitaman 60 ml,30000,Zasa Moba Basa,8510504613,Cirebon,2025-01-26 14:55:56,2025-01-28 08:55:56,2025-02-04 08:55:56,Returned,3
ORD000944,2025-02-21 18:40:45,MDB200,maduboom 200 ml,32000,Joka Risa,8499063795,Sidoarjo,2025-02-21 19:51:45,2025-02-22 20:51:45,,Processed,2
ORD000945,2025-01-21 18:35:22,JDM,jelly drink madu,20000,Rano Liri,8695220484,Jembrana,2025-01-21 21:00:22,2025-01-23 15:00:22,,On Delivery,3
ORD000946,2025-01-02 20:33:56,JDM,jelly drink madu,20000,Nodi Miba,8916689326,Singaraja,2025-01-02 21:30:56,2025-01-04 00:30:56,,Delivered,1
ORD000947,2025-01-20 18:56:31,MDB120,maduboom 120 ml,23000,Mosa Famo Sara,8235714034,Semarang,2025-01-20 20:37:31,2025-01-22 07:37:31,,Processed,3
ORD000948,2025-01-11 13:34:31,MDB200,maduboom 200 ml,32000,Kati Rano Nadi,8313328852,Padang,2025-01-11 15:19:31,2025-01-12 13:19:31,,On Delivery,2
ORD000949,2025-02-25 22:56:59,VTMMD60,vitaman madu 60 ml,50000,Raba Baba,8217344538,Jombang,2025-02-26 00:33:59,2025-02-27 13:33:59,,Delivered,2
ORD000950,2025-02-14 04:15:52,JDM,jelly drink madu,20000,Tili Rali,8711696059,Jakarta,2025-02-14 05:59:52,2025-02-14 18:59:52,,Processed,1
ORD000951,2025-02-04 17:52:11,VTMMD60,vitaman madu 60 ml,50000,Nojo Rina,8753545097,Blitar,2025-02-04 20:07:11,2025-02-06 06:07:11,2025-02-13 06:07:11,Returned,2
ORD000952,2025-02-10 14:49:13,VTMMD60,vitaman madu 60 ml,50000,Rimi Namo,8112589081,Bekasi,2025-02-10 15:24:13,2025-02-11 03:24:13,,Processed,1
ORD000953,2025-01-14 14:45:41,MDB200,maduboom 200 ml,32000,Mori Dira Joza,8184699927,Madiun,2025-01-14 17:00:41,2025-01-15 20:00:41,,Delivered,1
ORD000954,2025-01-06 12:11:05,VTMMD60,vitaman madu 60 ml,50000,Mono Lino,8971679791,Cirebon,2025-01-06 15:01:05,2025-01-07 11:01:05,,On Delivery,1
ORD000955,2025-01-01 08:33:16,JDM,jelly drink madu,20000,Kaza Jono Sasa,8535388394,Madiun,2025-01-01 11:04:16,2025-01-02 07:04:16,,On Delivery,3
ORD000956,2025-01-06 22:57:39,VTMMD60,vitaman madu 60 ml,50000,Sara Sali Tisa,8352130194,Ternate,2025-01-06 23:31:39,2025-01-07 17:31:39,,On Delivery,1
ORD000957,2025-02-12 01:48:54,VTMMD60,vitaman madu 60 ml,50000,Jori Limi Rano,8537114919,Ponorogo,2025-02-12 03:21:54,2025-02-13 04:21:54,,Delivered,3
ORD000958,2025-01-27 10:30:34,VTM60,vitaman 60 ml,30000,Mijo Mifa,8587049782,Semarang,2025-01-27 11:54:34,2025-01-28 03:54:34,,Processed,1
ORD000959,2025-02-07 23:12:55,MDB120,maduboom 120 ml,23000,Nomo Tino,8478306669,Balikpapan,2025-02-08 00:21:55,2025-02-08 20:21:55,,Delivered,1
ORD000960,2025-01-25 10:01:14,MDB120,maduboom 120 ml,23000,Nara Nojo Jori,8793130146,Makassar,2025-01-25 11:10:14,2025-01-26 04:10:14,,Delivered,3
ORD000961,2025-01-14 10:38:38,JDM,jelly drink madu,20000,Liri Zami Mifa,8615339259,Banyuwangi,2025-01-14 13:21:38,2025-01-16 02:21:38,,On Delivery,2
ORD000962,2025-01-03 01:46:18,MDB120,maduboom 120 ml,23000,Rimo Rijo,8823959879,Palu,2025-01-03 03:04:18,2025-01-04 04:04:18,,Processed,2
ORD000963,2025-02-01 18:32:56,VTM60,vitaman 60 ml,30000,Tina Zaza,8845434750,Ngawi,2025-02-01 19:12:56,2025-02-02 04:12:56,,Delivered,3
ORD000964,2025-01-03 12:09:22,JDM,jelly drink madu,20000,Tika Nali Nona,8985650485,Buleleng,2025-01-03 13:13:22,2025-01-03 19:13:22,,On Delivery,2
ORD000965,2025-01-08 04:42:48,VTM60,vitaman 60 ml,30000,Dino Liba,8354581317,Tuban,2025-01-08 06:25:48,2025-01-10 04:25:48,,On Delivery,1
ORD000966,2025-02-08 15:15:35,VTMMD60,vitaman madu 60 ml,50000,Rafa Dika,8866824969,Badung,2025-02-08 17:03:35,2025-02-09 17:03:35,,On Delivery,3
ORD000967,2025-02-02 08:03:18,MDB120,maduboom 120 ml,23000,Diri Didi,8483169071,Cikarang,2025-02-02 10:24:18,2025-02-04 10:24:18,,On Delivery,1
ORD000968,2025-01-22 22:13:30,VTMMD60,vitaman madu 60 ml,50000,Noli Rino,8347965150,Jombang,2025-01-23 01:06:30,2025-01-24 07:06:30,,Delivered,3
ORD000969,2025-02-26 15:01:19,VTMMD60,vitaman madu 60 ml,50000,Miri Lifa,8980055558,Bojonegoro,2025-02-26 16:52:19,2025-02-27 06:52:19,,On Delivery,3
ORD000970,2025-01-01 19:06:13,MDB120,maduboom 120 ml,23000,Nadi Bamo Mijo,8534181444,Garut,2025-01-01 20:46:13,2025-01-03 12:46:13,2025-01-07 12:46:13,Returned,3
ORD000971,2025-02-15 19:18:41,MDB200,maduboom 200 ml,32000,Lifa Naza Zara,8564072452,Sorong,2025-02-15 22:08:41,2025-02-17 08:08:41,,On Delivery,2
ORD000972,2025-01-02 16:14:27,MDB200,maduboom 200 ml,32000,Liba Lidi Raka,8223973113,Bengkulu,2025-01-02 18:07:27,2025-01-04 00:07:27,,Delivered,1
ORD000973,2025-01-01 14:21:40,VTM60,vitaman 60 ml,30000,Zasa Bari Zano,8848335203,Banyuwangi,2025-01-01 15:15:40,2025-01-03 14:15:40,,Delivered,2
ORD000974,2025-02-17 02:37:12,MDB120,maduboom 120 ml,23000,Ridi Nori,8620995016,Jayapura,2025-02-17 05:22:12,2025-02-17 11:22:12,,Delivered,2
ORD000975,2025-02-23 14:26:14,MDB120,maduboom 120 ml,23000,Diti Joza,8505192223,Blitar,2025-02-23 17:20:14,2025-02-24 00:20:14,,On Delivery,2
ORD000976,2025-02-16 16:37:27,VTMMD60,vitaman madu 60 ml,50000,Zaza Rimo Diri,8364074746,Depok,2025-02-16 17:24:27,2025-02-17 09:24:27,,Processed,3
ORD000977,2025-02-02 16:37:02,JDM,jelly drink madu,20000,Miti Nara Jona,8215181951,Mataram,2025-02-02 17:30:02,2025-02-03 04:30:02,2025-02-09 04:30:02,Returned,2
ORD000978,2025-01-09 01:14:30,JDM,jelly drink madu,20000,Rifa Faba,8516285964,Jakarta,2025-01-09 02:48:30,2025-01-09 14:48:30,,Delivered,2
ORD000979,2025-01-28 09:08:24,MDB200,maduboom 200 ml,32000,Diri Nona Kana,8950297877,Palu,2025-01-28 09:52:24,2025-01-28 18:52:24,2025-01-30 18:52:24,Returned,1
ORD000980,2025-02-15 17:17:03,VTM60,vitaman 60 ml,30000,Kano Joza,8347950267,Samarinda,2025-02-15 19:38:03,2025-02-16 15:38:03,,On Delivery,2
ORD000981,2025-01-23 02:52:28,JDM,jelly drink madu,20000,Saka Timi,8317005506,Bojonegoro,2025-01-23 04:24:28,2025-01-24 12:24:28,,On Delivery,3
ORD000982,2025-02-17 04:33:12,VTMMD60,vitaman madu 60 ml,50000,Fasa Mijo Rafa,8885832277,Bogor,2025-02-17 06:17:12,2025-02-18 23:17:12,,Processed,1
ORD000983,2025-01-15 00:06:20,MDB200,maduboom 200 ml,32000,Joza Dimi,8285888056,Mataram,2025-01-15 00:45:20,2025-01-17 00:45:20,,Delivered,2
ORD000984,2025-02-01 02:59:10,JDM,jelly drink madu,20000,Zati Saka,8528932853,Kudus,2025-02-01 04:55:10,2025-02-02 23:55:10,,On Delivery,1
ORD000985,2025-02-08 15:10:24,VTMMD60,vitaman madu 60 ml,50000,Bari Noza,8629917367,Cianjur,2025-02-08 17:19:24,2025-02-10 11:19:24,,Delivered,3
ORD000986,2025-02-12 07:52:52,MDB200,maduboom 200 ml,32000,Rafa Rali,8980620746,Situbondo,2025-02-12 09:33:52,2025-02-12 18:33:52,,Processed,2
ORD000987,2025-01-08 17:47:24,VTMMD60,vitaman madu 60 ml,50000,Sajo Joba Nori,8302318893,Ambon,2025-01-08 20:35:24,2025-01-10 02:35:24,,Processed,3
ORD000988,2025-02-12 05:36:21,MDB120,maduboom 120 ml,23000,Faza Tisa Bari,8940142970,Purwokerto,2025-02-12 08:32:21,2025-02-13 05:32:21,,On Delivery,1
ORD000989,2025-02-14 01:05:21,VTM60,vitaman 60 ml,30000,Rara Rifa Lijo,8723197711,Sumedang,2025-02-14 03:19:21,2025-02-15 00:19:21,,On Delivery,2
ORD000990,2025-01-16 18:29:56,MDB200,maduboom 200 ml,32000,Tira Timo,8255135731,Cikarang,2025-01-16 21:13:56,2025-01-18 07:13:56,,Processed,3
ORD000991,2025-01-19 02:38:40,MDB200,maduboom 200 ml,32000,Nomi Sana,8297148858,Karawang,2025-01-19 05:29:40,2025-01-20 00:29:40,,Processed,3
ORD000992,2025-02-24 19:10:28,VTMMD60,vitaman madu 60 ml,50000,Tisa Jora,8635975399,Tabanan,2025-02-24 21:58:28,2025-02-26 04:58:28,,On Delivery,2
ORD000993,2025-01-05 07:43:06,MDB200,maduboom 200 ml,32000,Dino Tijo,8182783305,Semarang,2025-01-05 09:17:06,2025-01-06 20:17:06,,Delivered,2
ORD000994,2025-01-20 18:38:35,VTMMD60,vitaman madu 60 ml,50000,Nono Nomi Liti,8181319512,Blitar,2025-01-20 19:53:35,2025-01-21 01:53:35,,Processed,1
ORD000995,2025-01-13 05:39:47,VTMMD60,vitaman madu 60 ml,50000,Moza Bafa Limi,8608038358,Mataram,2025-01-13 07:47:47,2025-01-14 23:47:47,,Processed,1
ORD000996,2025-01-08 02:52:34,MDB120,maduboom 120 ml,23000,Mono Mora,8247846370,Medan,2025-01-08 03:44:34,2025-01-08 17:44:34,,On Delivery,1
ORD000997,2025-02-12 05:59:19,VTMMD60,vitaman madu 60 ml,50000,Dijo Fati,8216173720,Banyuwangi,2025-02-12 08:25:19,2025-02-13 19:25:19,,Delivered,2
ORD000998,2025-02-17 09:08:37,MDB120,maduboom 120 ml,23000,Rimo Nana,8579062353,Kupang,2025-02-17 09:50:37,2025-02-18 21:50:37,,Processed,3
ORD000999,2025-01-15 02:54:25,VTM60,vitaman 60 ml,30000,Sajo Jona Zasa,8420133321,Sorong,2025-01-15 05:41:25,2025-01-16 09:41:25,2025-01-18 09:41:25,Returned,2
ORD001000,2025-01-26 08:50:22,MDB200,maduboom 200 ml,32000,Kamo Modi,8787981336,Subang,2025-01-26 10:40:22,2025-01-26 22:40:22,,On Delivery,1
ORD001001,2025-02-05 23:43:47,VTM60,vitaman 60 ml,30000,Sadi Kati,8731535716,Lombok Barat,2025-02-06 01:19:47,2025-02-06 22:19:47,,On Delivery,2
ORD001002,2025-01-09 22:21:40,VTMMD60,vitaman madu 60 ml,50000,Jomo Sami Radi,8368312475,Garut,2025-01-10 00:51:40,2025-01-10 23:51:40,,Delivered,1
ORD001003,2025-02-23 06:18:58,JDM,jelly drink madu,20000,Nodi Sana,8724445142,Bandung,2025-02-23 08:53:58,2025-02-23 17:53:58,,Processed,3
ORD001004,2025-01-22 08:12:02,JDM,jelly drink madu,20000,Mora Diri Misa,8197453660,Makassar,2025-01-22 10:27:02,2025-01-24 08:27:02,,On Delivery,3
ORD001005,2025-02-23 04:23:24,MDB200,maduboom 200 ml,32000,Nari Raka Safa,8214201779,Medan,2025-02-23 04:59:24,2025-02-23 23:59:24,2025-02-27 23:59:24,Returned,2
ORD001006,2025-02-23 09:26:05,MDB120,maduboom 120 ml,23000,Sari Jono,8614576275,Ternate,2025-02-23 11:27:05,2025-02-25 06:27:05,,Delivered,1
ORD001007,2025-01-28 22:25:08,VTMMD60,vitaman madu 60 ml,50000,Naza Bafa Mili,8351632498,Balikpapan,2025-01-29 01:09:08,2025-01-30 19:09:08,2025-02-03 19:09:08,Returned,3
ORD001008,2025-01-22 08:05:11,VTM60,vitaman 60 ml,30000,Tina Nasa,8503502284,Samarinda,2025-01-22 09:29:11,2025-01-23 20:29:11,,Processed,1
ORD001009,2025-01-23 00:43:15,MDB120,maduboom 120 ml,23000,Mora Midi Zadi,8745204803,Sukabumi,2025-01-23 02:15:15,2025-01-24 06:15:15,,Delivered,2
ORD001010,2025-01-21 03:51:04,MDB200,maduboom 200 ml,32000,Sati Rafa Basa,8961183806,Larantuka,2025-01-21 06:15:04,2025-01-23 03:15:04,,Delivered,1
ORD001011,2025-01-10 18:36:35,MDB120,maduboom 120 ml,23000,Rili Dira Jora,8970845306,Ngawi,2025-01-10 20:33:35,2025-01-12 07:33:35,,On Delivery,3
ORD001012,2025-02-26 15:36:59,VTMMD60,vitaman madu 60 ml,50000,Sami Tiri Moti,8713805482,Tegal,2025-02-26 18:12:59,2025-02-27 05:12:59,,Delivered,2
ORD001013,2025-02-03 13:56:42,JDM,jelly drink madu,20000,Rami Fari Naza,8128187076,Gorontalo,2025-02-03 16:21:42,2025-02-05 06:21:42,,Processed,2
ORD001014,2025-01-24 18:05:49,VTMMD60,vitaman madu 60 ml,50000,Tijo Ridi Rari,8239897067,Kudus,2025-01-24 19:54:49,2025-01-26 18:54:49,,Processed,2
ORD001015,2025-01-09 16:30:08,VTM60,vitaman 60 ml,30000,Mili Rifa Joza,8422366065,Blitar,2025-01-09 17:30:08,2025-01-10 08:30:08,,On Delivery,2
ORD001016,2025-01-15 04:40:51,VTM60,vitaman 60 ml,30000,Fafa Tidi,8703325802,Tuban,2025-01-15 05:52:51,2025-01-17 01:52:51,,Delivered,1
ORD001017,2025-02-27 03:02:50,MDB200,maduboom 200 ml,32000,Tina Rino,8841518020,Gorontalo,2025-02-27 04:42:50,2025-02-28 04:42:50,,Delivered,1
ORD001018,2025-02-01 18:58:06,JDM,jelly drink madu,20000,Tifa Dijo,8632129657,Surabaya,2025-02-01 21:06:06,2025-02-03 12:06:06,,Delivered,2
ORD001019,2025-02-19 13:51:35,JDM,jelly drink madu,20000,Saka Dili,8840481591,Jambi,2025-02-19 16:28:35,2025-02-20 20:28:35,,On Delivery,2
ORD001020,2025-02-10 13:18:05,MDB120,maduboom 120 ml,23000,Riri Didi Kaza,8463769167,Sidoarjo,2025-02-10 15:27:05,2025-02-11 17:27:05,,Processed,1
ORD001021,2025-01-19 15:49:02,VTM60,vitaman 60 ml,30000,Midi Liza Nadi,8886267731,Madiun,2025-01-19 17:33:02,2025-01-20 15:33:02,,On Delivery,1
ORD001022,2025-02-26 10:40:52,VTM60,vitaman 60 ml,30000,Nafa Zami,8832366167,Surabaya,2025-02-26 12:34:52,2025-02-27 01:34:52,,On Delivery,2
ORD001023,2025-02-22 16:11:04,VTMMD60,vitaman madu 60 ml,50000,Saza Dimi,8893372936,Malang,2025-02-22 18:11:04,2025-02-24 17:11:04,2025-03-01 17:11:04,Returned,1
ORD001024,2025-02-13 12:53:46,VTM60,vitaman 60 ml,30000,Mimi Zati Fara,8242570329,Maumere,2025-02-13 15:02:46,2025-02-15 04:02:46,,Processed,3
ORD001025,2025-01-29 17:57:41,JDM,jelly drink madu,20000,Dino Kaza Moza,8390933716,Depok,2025-01-29 18:40:41,2025-01-31 03:40:41,,On Delivery,2
ORD001026,2025-02-23 14:34:11,VTM60,vitaman 60 ml,30000,Zana Mifa Nasa,8510523351,Lombok Timur,2025-02-23 15:06:11,2025-02-24 22:06:11,,On Delivery,1
ORD001027,2025-02-14 03:58:15,JDM,jelly drink madu,20000,Nari Miri,8583439547,Palu,2025-02-14 05:51:15,2025-02-16 02:51:15,,Delivered,2
ORD001028,2025-01-29 01:59:12,MDB200,maduboom 200 ml,32000,Zari Noli Bafa,8133327504,Kupang,2025-01-29 03:58:12,2025-01-29 10:58:12,,On Delivery,1
ORD001029,2025-01-22 09:44:14,VTM60,vitaman 60 ml,30000,Diba Lidi,8164188076,Sorong,2025-01-22 11:15:14,2025-01-24 10:15:14,,Processed,2
ORD001030,2025-01-11 16:15:20,JDM,jelly drink madu,20000,Riti Rimo Mofa,8221745937,Bekasi,2025-01-11 16:45:20,2025-01-12 11:45:20,,Processed,2
ORD001031,2025-01-25 06:11:50,MDB120,maduboom 120 ml,23000,Nami Rano Dina,8700618877,Purwakarta,2025-01-25 07:46:50,2025-01-26 16:46:50,,Processed,2
ORD001032,2025-02-06 03:51:02,MDB120,maduboom 120 ml,23000,Tika Zaka Rika,8610194628,Banjarbaru,2025-02-06 05:09:02,2025-02-07 06:09:02,,Processed,3
ORD001033,2025-02-23 15:33:53,JDM,jelly drink madu,20000,Mifa Kati Kaka,8454575635,Boyolali,2025-02-23 17:44:53,2025-02-25 02:44:53,,Processed,2
ORD001034,2025-02-07 17:35:25,MDB120,maduboom 120 ml,23000,Diba Jodi Mifa,8628209950,Samarinda,2025-02-07 20:00:25,2025-02-08 14:00:25,2025-02-14 14:00:25,Returned,2
ORD001035,2025-01-12 17:32:52,VTMMD60,vitaman madu 60 ml,50000,Dina Lino Sali,8194113169,Batam,2025-01-12 19:53:52,2025-01-13 07:53:52,,Delivered,3
ORD001036,2025-02-20 11:34:30,JDM,jelly drink madu,20000,Kano Riti Kati,8267671589,Magelang,2025-02-20 13:18:30,2025-02-22 12:18:30,,Processed,2
ORD001037,2025-01-07 03:10:42,VTM60,vitaman 60 ml,30000,Fajo Nora Tidi,8278874280,Magelang,2025-01-07 05:09:42,2025-01-08 11:09:42,,Processed,2
ORD001038,2025-01-17 12:24:55,MDB200,maduboom 200 ml,32000,Raba Mifa,8940778228,Klaten,2025-01-17 13:29:55,2025-01-18 17:29:55,,Delivered,3
ORD001039,2025-02-22 06:10:02,JDM,jelly drink madu,20000,Tijo Lisa,8144131506,Karangasem,2025-02-22 07:46:02,2025-02-22 19:46:02,,Processed,2
ORD001040,2025-02-09 06:21:44,VTMMD60,vitaman madu 60 ml,50000,Modi Rasa Modi,8708425038,Jakarta,2025-02-09 07:46:44,2025-02-09 23:46:44,,Processed,1
ORD001041,2025-01-05 09:22:52,MDB120,maduboom 120 ml,23000,Dijo Mifa,8607978086,Magelang,2025-01-05 11:02:52,2025-01-06 22:02:52,,Delivered,3
ORD001042,2025-02-25 12:22:34,MDB120,maduboom 120 ml,23000,Kaza Tifa,8423054376,Palu,2025-02-25 13:57:34,2025-02-25 21:57:34,,Processed,3
ORD001043,2025-02-03 22:22:32,VTMMD60,vitaman madu 60 ml,50000,Zano Diza,8346638358,Banjarmasin,2025-02-04 00:41:32,2025-02-05 15:41:32,,On Delivery,2
ORD001044,2025-01-30 05:52:04,VTM60,vitaman 60 ml,30000,Rimi Lidi Momo,8982232147,Kediri,2025-01-30 07:27:04,2025-01-31 18:27:04,,Processed,3
ORD001045,2025-01-02 04:51:46,VTMMD60,vitaman madu 60 ml,50000,Dijo Tiri,8457732043,Gianyar,2025-01-02 05:28:46,2025-01-03 19:28:46,,Delivered,3
ORD001046,2025-02-09 23:31:01,VTMMD60,vitaman madu 60 ml,50000,Mina Kasa,8446383806,Probolinggo,2025-02-10 00:07:01,2025-02-11 02:07:01,,Processed,1
ORD001047,2025-01-28 03:19:57,MDB200,maduboom 200 ml,32000,Ridi Tino Diri,8224727587,Boyolali,2025-01-28 03:55:57,2025-01-29 23:55:57,,Processed,1
ORD001048,2025-02-06 14:51:40,MDB120,maduboom 120 ml,23000,Sajo Joka Miza,8554727158,Semarang,2025-02-06 16:58:40,2025-02-07 00:58:40,2025-02-11 00:58:40,Returned,2
ORD001049,2025-02-18 04:33:37,VTM60,vitaman 60 ml,30000,Risa Baba,8738388714,Samarinda,2025-02-18 07:07:37,2025-02-18 12:07:37,,On Delivery,1
ORD001050,2025-01-29 20:07:13,VTM60,vitaman 60 ml,30000,Nona Famo,8237998783,Purwokerto,2025-01-29 22:31:13,2025-01-31 15:31:13,,Delivered,2
ORD001051,2025-02-05 02:23:35,VTM60,vitaman 60 ml,30000,Mimo Nali Mimo,8773406122,Indramayu,2025-02-05 05:17:35,2025-02-05 14:17:35,,Delivered,3
ORD001052,2025-02-21 19:20:09,VTM60,vitaman 60 ml,30000,Badi Timo Moza,8732739314,Ambon,2025-02-21 21:30:09,2025-02-22 03:30:09,,Delivered,1
ORD001053,2025-01-12 20:06:24,MDB120,maduboom 120 ml,23000,Namo Mimi,8592910962,Banjarmasin,2025-01-12 21:27:24,2025-01-14 11:27:24,,Delivered,2
ORD001054,2025-02-26 15:03:17,MDB120,maduboom 120 ml,23000,Rari Nati,8718064184,Larantuka,2025-02-26 15:55:17,2025-02-27 17:55:17,,Processed,3
ORD001055,2025-02-09 05:30:35,VTM60,vitaman 60 ml,30000,Noba Nasa,8431001436,Tuban,2025-02-09 07:30:35,2025-02-10 12:30:35,,On Delivery,3
ORD001056,2025-02-21 22:18:49,VTM60,vitaman 60 ml,30000,Kaka Dina Kafa,8396102285,Palu,2025-02-21 23:32:49,2025-02-23 05:32:49,,Processed,1
ORD001057,2025-02-11 14:51:31,MDB200,maduboom 200 ml,32000,Bamo Naka Jodi,8511915447,Palu,2025-02-11 16:22:31,2025-02-13 15:22:31,,Delivered,3
ORD001058,2025-02-02 08:14:38,MDB200,maduboom 200 ml,32000,Nomo Kari Liza,8678747386,Pasuruan,2025-02-02 11:02:38,2025-02-03 03:02:38,,Delivered,3
ORD001059,2025-01-31 05:43:23,VTM60,vitaman 60 ml,30000,Mofa Lidi,8700253483,Balikpapan,2025-01-31 06:51:23,2025-02-01 20:51:23,,Processed,2
ORD001060,2025-02-12 06:38:58,JDM,jelly drink madu,20000,Timi Rimi Lira,8419830626,Ternate,2025-02-12 07:21:58,2025-02-14 07:21:58,,Processed,1
ORD001061,2025-02-17 14:12:10,MDB200,maduboom 200 ml,32000,Dina Raba,8497684412,Jambi,2025-02-17 15:33:10,2025-02-19 00:33:10,,On Delivery,1
ORD001062,2025-02-13 19:34:06,VTMMD60,vitaman madu 60 ml,50000,Lika Limi Fari,8548160914,Cirebon,2025-02-13 21:34:06,2025-02-14 20:34:06,2025-02-21 20:34:06,Returned,3
ORD001063,2025-01-12 20:53:29,MDB200,maduboom 200 ml,32000,Rafa Joza Sano,8441764201,Ende,2025-01-12 22:10:29,2025-01-14 08:10:29,,Processed,2
ORD001064,2025-01-02 16:44:41,MDB200,maduboom 200 ml,32000,Kaka Joza,8645020402,Bandar Lampung,2025-01-02 17:27:41,2025-01-03 10:27:41,,On Delivery,2
ORD001065,2025-01-04 18:34:36,JDM,jelly drink madu,20000,Sali Bali Josa,8996606487,Subang,2025-01-04 21:13:36,2025-01-05 20:13:36,,On Delivery,2
ORD001066,2025-01-04 13:52:59,VTM60,vitaman 60 ml,30000,Dino Jodi,8249472268,Jembrana,2025-01-04 16:51:59,2025-01-05 20:51:59,,Delivered,1
ORD001067,2025-01-30 00:50:19,VTMMD60,vitaman madu 60 ml,50000,Tiba Riba Rili,8181015264,Singkawang,2025-01-30 02:35:19,2025-01-30 19:35:19,,Processed,2
ORD001068,2025-01-01 12:05:28,VTM60,vitaman 60 ml,30000,Diba Sali Sana,8149418886,Pekanbaru,2025-01-01 12:47:28,2025-01-02 14:47:28,,Delivered,1
ORD001069,2025-01-04 11:10:18,VTM60,vitaman 60 ml,30000,Rano Fano,8223481468,Bekasi,2025-01-04 14:05:18,2025-01-06 05:05:18,,Processed,3
ORD001070,2025-02-19 11:26:27,JDM,jelly drink madu,20000,Nofa Saza,8551864616,Ponorogo,2025-02-19 14:04:27,2025-02-19 22:04:27,,Delivered,1
ORD001071,2025-01-23 13:43:34,VTM60,vitaman 60 ml,30000,Nori Mili,8952212569,Larantuka,2025-01-23 14:50:34,2025-01-24 15:50:34,,Processed,1
ORD001072,2025-01-19 12:18:08,MDB200,maduboom 200 ml,32000,Raka Rana Rina,8192314471,Banjarbaru,2025-01-19 14:07:08,2025-01-21 10:07:08,,Delivered,2
ORD001073,2025-02-16 21:19:33,MDB120,maduboom 120 ml,23000,Liri Dimo Sali,8120914439,Probolinggo,2025-02-16 23:06:33,2025-02-17 19:06:33,,On Delivery,1
ORD001074,2025-01-25 07:12:24,JDM,jelly drink madu,20000,Sara Timo Lili,8724329595,Palembang,2025-01-25 09:45:24,2025-01-26 21:45:24,,Processed,3
ORD001075,2025-01-14 05:32:42,VTM60,vitaman 60 ml,30000,Fami Mona,8901791480,Cirebon,2025-01-14 07:36:42,2025-01-16 01:36:42,,On Delivery,2
ORD001076,2025-02-05 14:59:14,JDM,jelly drink madu,20000,Jomo Nara Momo,8698499275,Indramayu,2025-02-05 16:57:14,2025-02-07 14:57:14,,On Delivery,1
ORD001077,2025-02-14 16:16:00,VTM60,vitaman 60 ml,30000,Kami Zami Fasa,8889131692,Ponorogo,2025-02-14 18:57:00,2025-02-15 04:57:00,2025-02-22 04:57:00,Returned,3
ORD001078,2025-01-27 00:23:31,MDB200,maduboom 200 ml,32000,Namo Bati,8509249527,Kudus,2025-01-27 02:37:31,2025-01-27 19:37:31,2025-02-02 19:37:31,Returned,3
ORD001079,2025-01-06 16:32:22,VTM60,vitaman 60 ml,30000,Noba Nami Zami,8210936039,Maumere,2025-01-06 17:40:22,2025-01-07 14:40:22,2025-01-09 14:40:22,Returned,1
ORD001080,2025-02-12 10:32:32,MDB120,maduboom 120 ml,23000,Lidi Mino,8998691869,Tasikmalaya,2025-02-12 11:32:32,2025-02-14 02:32:32,,Delivered,3
ORD001081,2025-02-01 11:08:21,JDM,jelly drink madu,20000,Sali Zaza,8483112228,Bekasi,2025-02-01 13:53:21,2025-02-02 19:53:21,,On Delivery,2
ORD001082,2025-01-18 15:22:27,MDB120,maduboom 120 ml,23000,Lifa Kana Jodi,8317010119,Karawang,2025-01-18 17:55:27,2025-01-19 07:55:27,,Delivered,3
ORD001083,2025-02-07 10:40:11,VTMMD60,vitaman madu 60 ml,50000,Nara Faba Tiri,8963312666,Gorontalo,2025-02-07 12:25:11,2025-02-09 12:25:11,,On Delivery,3
ORD001084,2025-02-14 05:27:59,JDM,jelly drink madu,20000,Moza Sadi Lili,8912192453,Manado,2025-02-14 07:54:59,2025-02-14 21:54:59,,On Delivery,3
ORD001085,2025-02-27 22:39:41,VTMMD60,vitaman madu 60 ml,50000,Modi Miba,8650027075,Pekanbaru,2025-02-28 01:21:41,2025-03-01 12:21:41,,On Delivery,3
ORD001086,2025-01-20 04:38:27,JDM,jelly drink madu,20000,Kari Mika Fari,8851938298,Gianyar,2025-01-20 07:07:27,2025-01-21 00:07:27,2025-01-25 00:07:27,Returned,3
ORD001087,2025-02-28 20:37:01,MDB120,maduboom 120 ml,23000,Timi Misa,8640231030,Maumere,2025-02-28 21:58:01,2025-03-01 08:58:01,,Delivered,1
ORD001088,2025-02-25 15:37:21,MDB200,maduboom 200 ml,32000,Rino Zami Nara,8303504858,Batu,2025-02-25 17:10:21,2025-02-27 13:10:21,,Delivered,1
ORD001089,2025-02-25 01:37:12,JDM,jelly drink madu,20000,Nasa Nomo Rali,8566693018,Pasuruan,2025-02-25 04:09:12,2025-02-26 17:09:12,,Processed,3
ORD001090,2025-01-17 14:26:52,JDM,jelly drink madu,20000,Riti Famo Noba,8185997438,Tegal,2025-01-17 17:24:52,2025-01-18 03:24:52,,Delivered,3
ORD001091,2025-02-05 22:28:20,JDM,jelly drink madu,20000,Namo Rati Dika,8533774339,Madiun,2025-02-05 23:18:20,2025-02-07 20:18:20,,Delivered,1
ORD001092,2025-01-04 11:05:18,MDB200,maduboom 200 ml,32000,Noli Rano Rari,8152587157,Indramayu,2025-01-04 13:51:18,2025-01-06 13:51:18,,Processed,2
ORD001093,2025-01-26 20:21:13,MDB200,maduboom 200 ml,32000,Lifa Sara,8599575233,Padang,2025-01-26 22:29:13,2025-01-28 00:29:13,,Delivered,3
ORD001094,2025-02-26 20:19:04,MDB120,maduboom 120 ml,23000,Joti Tiri,8518050551,Tasikmalaya,2025-02-26 22:44:04,2025-02-28 02:44:04,,On Delivery,2
ORD001095,2025-01-23 01:10:01,MDB120,maduboom 120 ml,23000,Bafa Momi Sati,8122420375,Singaraja,2025-01-23 02:58:01,2025-01-24 14:58:01,,Processed,2
ORD001096,2025-02-09 11:47:58,JDM,jelly drink madu,20000,Faba Mora Liti,8518153447,Jembrana,2025-02-09 14:20:58,2025-02-09 20:20:58,,Processed,1
ORD001097,2025-01-31 07:21:36,MDB200,maduboom 200 ml,32000,Jono Safa,8776637910,Probolinggo,2025-01-31 10:21:36,2025-01-31 17:21:36,,Processed,1
ORD001098,2025-01-11 01:28:04,VTMMD60,vitaman madu 60 ml,50000,Jojo Kari,8985357791,Semarang,2025-01-11 03:08:04,2025-01-12 17:08:04,,Delivered,2
ORD001099,2025-01-13 05:49:27,VTMMD60,vitaman madu 60 ml,50000,Nori Lifa Nomo,8892179673,Padang,2025-01-13 07:31:27,2025-01-14 11:31:27,,On Delivery,1
ORD001100,2025-02-15 17:38:42,VTM60,vitaman 60 ml,30000,Rina Rati Nafa,8407968730,Denpasar,2025-02-15 19:50:42,2025-02-16 09:50:42,,Delivered,2
ORD001101,2025-02-09 07:28:39,MDB200,maduboom 200 ml,32000,Zami Joli,8200329601,Ambon,2025-02-09 09:54:39,2025-02-10 09:54:39,,Delivered,3
ORD001102,2025-02-24 17:27:49,VTMMD60,vitaman madu 60 ml,50000,Bati Rina Rara,8790290240,Buleleng,2025-02-24 19:53:49,2025-02-25 20:53:49,,Delivered,3
ORD001103,2025-02-02 02:03:43,VTMMD60,vitaman madu 60 ml,50000,Modi Miti,8787253077,Banjarmasin,2025-02-02 02:39:43,2025-02-04 01:39:43,,Processed,3
ORD001104,2025-02-18 21:17:58,VTM60,vitaman 60 ml,30000,Moli Bamo Mili,8506607111,Klaten,2025-02-18 23:47:58,2025-02-20 18:47:58,,Processed,2
ORD001105,2025-02-12 10:50:01,VTM60,vitaman 60 ml,30000,Rajo Jomi Basa,8781416757,Ambon,2025-02-12 12:02:01,2025-02-13 08:02:01,,On Delivery,3
ORD001106,2025-02-22 10:01:46,VTM60,vitaman 60 ml,30000,Kamo Noza,8105731649,Gresik,2025-02-22 11:38:46,2025-02-23 03:38:46,,On Delivery,1
ORD001107,2025-02-17 09:45:51,MDB200,maduboom 200 ml,32000,Tiba Nara,8529195192,Bangli,2025-02-17 11:39:51,2025-02-18 20:39:51,,On Delivery,3
ORD001108,2025-01-17 00:55:33,VTMMD60,vitaman madu 60 ml,50000,Lina Nono Joli,8258295259,Banyuwangi,2025-01-17 03:45:33,2025-01-18 21:45:33,,On Delivery,3
ORD001109,2025-02-17 20:22:33,MDB200,maduboom 200 ml,32000,Dina Zaza Joza,8626012869,Garut,2025-02-17 22:08:33,2025-02-18 16:08:33,,On Delivery,2
ORD001110,2025-01-24 04:31:49,VTM60,vitaman 60 ml,30000,Disa Jodi Rari,8264390324,Jombang,2025-01-24 07:26:49,2025-01-25 02:26:49,2025-01-28 02:26:49,Returned,2
ORD001111,2025-01-20 17:32:31,VTM60,vitaman 60 ml,30000,Nodi Bari,8833710512,Kediri,2025-01-20 18:07:31,2025-01-22 13:07:31,,Processed,1
ORD001112,2025-02-24 20:06:36,MDB120,maduboom 120 ml,23000,Noba Riti Kamo,8147648262,Jambi,2025-02-24 20:58:36,2025-02-26 05:58:36,,On Delivery,2
ORD001113,2025-01-03 04:11:00,MDB200,maduboom 200 ml,32000,Fano Rara,8276679788,Bandar Lampung,2025-01-03 06:09:00,2025-01-03 21:09:00,,On Delivery,2
ORD001114,2025-02-06 17:25:06,MDB200,maduboom 200 ml,32000,Zafa Basa Mofa,8514996896,Singaraja,2025-02-06 20:24:06,2025-02-08 11:24:06,,Processed,2
ORD001115,2025-02-11 22:59:14,JDM,jelly drink madu,20000,Saza Joza,8209054774,Ponorogo,2025-02-12 00:41:14,2025-02-13 23:41:14,2025-02-18 23:41:14,Returned,2
ORD001116,2025-02-01 03:13:16,VTM60,vitaman 60 ml,30000,Diza Mojo Rati,8556684131,Cirebon,2025-02-01 05:25:16,2025-02-01 14:25:16,2025-02-04 14:25:16,Returned,3
ORD001117,2025-02-13 11:54:45,VTMMD60,vitaman madu 60 ml,50000,Famo Rifa,8546951148,Jayapura,2025-02-13 13:16:45,2025-02-14 22:16:45,,Delivered,2
ORD001118,2025-02-19 20:38:22,JDM,jelly drink madu,20000,Bami Nati Mino,8791122867,Batam,2025-02-19 21:51:22,2025-02-21 18:51:22,,Processed,2
ORD001119,2025-02-28 07:30:13,VTMMD60,vitaman madu 60 ml,50000,Nari Diti Liri,8923567456,Gresik,2025-02-28 08:20:13,2025-02-28 14:20:13,,On Delivery,1
ORD001120,2025-01-23 11:25:24,JDM,jelly drink madu,20000,Zami Zaka,8106651752,Banyuwangi,2025-01-23 13:27:24,2025-01-23 23:27:24,,On Delivery,3
ORD001121,2025-02-11 06:04:05,MDB120,maduboom 120 ml,23000,Lira Nomo,8295167516,Tangerang,2025-02-11 09:03:05,2025-02-12 04:03:05,,Processed,2
ORD001122,2025-01-28 23:53:55,MDB120,maduboom 120 ml,23000,Bati Bano Dimo,8552604051,Banjarbaru,2025-01-29 01:14:55,2025-01-30 05:14:55,,Processed,3
ORD001123,2025-02-20 18:03:01,VTM60,vitaman 60 ml,30000,Limi Safa,8558505483,Medan,2025-02-20 19:21:01,2025-02-21 08:21:01,,On Delivery,2
ORD001124,2025-01-16 03:19:26,VTM60,vitaman 60 ml,30000,Joti Liti,8116782037,Lamongan,2025-01-16 05:42:26,2025-01-17 18:42:26,,Processed,2
ORD001125,2025-02-01 05:47:37,VTM60,vitaman 60 ml,30000,Dira Fali Diri,8744409288,Kediri,2025-02-01 07:06:37,2025-02-02 19:06:37,,Processed,2
ORD001126,2025-02-28 12:54:40,MDB200,maduboom 200 ml,32000,Tiba Sana Jora,8623632822,Probolinggo,2025-02-28 14:08:40,2025-03-01 17:08:40,,Processed,1
ORD001127,2025-01-19 11:00:55,VTMMD60,vitaman madu 60 ml,50000,Rana Rali,8447886049,Surabaya,2025-01-19 13:42:55,2025-01-19 20:42:55,,On Delivery,2
ORD001128,2025-02-08 18:37:31,MDB120,maduboom 120 ml,23000,Rami Rami,8600717707,Banjarbaru,2025-02-08 19:41:31,2025-02-09 16:41:31,,Processed,2
ORD001129,2025-02-04 16:35:01,VTMMD60,vitaman madu 60 ml,50000,Sali Miti,8783049520,Denpasar,2025-02-04 19:06:01,2025-02-05 06:06:01,,Delivered,1
ORD001130,2025-01-17 08:16:29,VTMMD60,vitaman madu 60 ml,50000,Bafa Moba,8685385065,Mataram,2025-01-17 10:00:29,2025-01-18 07:00:29,,Processed,1
ORD001131,2025-01-02 04:12:01,VTMMD60,vitaman madu 60 ml,50000,Tiri Zasa Mika,8714597252,Serang,2025-01-02 05:42:01,2025-01-03 03:42:01,,On Delivery,2
ORD001132,2025-02-10 21:23:35,JDM,jelly drink madu,20000,Kali Kafa Nari,8385721646,Tegal,2025-02-10 22:42:35,2025-02-12 08:42:35,,Delivered,3
ORD001133,2025-02-05 06:18:24,JDM,jelly drink madu,20000,Lijo Momo,8561058712,Subang,2025-02-05 08:43:24,2025-02-06 00:43:24,,Delivered,3
ORD001134,2025-01-04 15:25:55,JDM,jelly drink madu,20000,Sari Baka Dino,8605619344,Ngawi,2025-01-04 16:24:55,2025-01-06 14:24:55,,Delivered,1
ORD001135,2025-01-24 16:20:53,MDB200,maduboom 200 ml,32000,Kano Kara Lifa,8683331310,Bekasi,2025-01-24 18:28:53,2025-01-26 15:28:53,,Processed,2
ORD001136,2025-01-27 15:04:00,VTMMD60,vitaman madu 60 ml,50000,Joba Momi,8973480202,Badung,2025-01-27 16:49:00,2025-01-29 01:49:00,,Delivered,3
ORD001137,2025-01-14 19:22:24,VTM60,vitaman 60 ml,30000,Dira Rino Sajo,8156426536,Badung,2025-01-14 20:51:24,2025-01-16 16:51:24,,Delivered,1
ORD001138,2025-02-06 09:46:55,VTM60,vitaman 60 ml,30000,Zajo Dimo,8429051605,Klaten,2025-02-06 11:44:55,2025-02-08 08:44:55,,Delivered,3
ORD001139,2025-02-15 14:18:07,VTMMD60,vitaman madu 60 ml,50000,Faza Bara Liri,8906803922,Gorontalo,2025-02-15 14:52:07,2025-02-16 14:52:07,,Delivered,3
ORD001140,2025-02-11 17:39:47,VTM60,vitaman 60 ml,30000,Lino Radi,8741581527,Ende,2025-02-11 19:30:47,2025-02-13 11:30:47,,Delivered,3
ORD001141,2025-02-20 19:09:43,MDB200,maduboom 200 ml,32000,Faka Tiba Dijo,8864761730,Semarang,2025-02-20 21:48:43,2025-02-22 12:48:43,,Delivered,3
ORD001142,2025-01-16 10:08:05,VTMMD60,vitaman madu 60 ml,50000,Fadi Kafa Naza,8130522975,Purwokerto,2025-01-16 12:59:05,2025-01-17 23:59:05,,Processed,2
ORD001143,2025-02-22 02:33:28,JDM,jelly drink madu,20000,Risa Kaba Lidi,8250975106,Banjarbaru,2025-02-22 03:58:28,2025-02-22 11:58:28,,Delivered,2
ORD001144,2025-01-01 06:36:01,JDM,jelly drink madu,20000,Zamo Dili,8577274171,Jombang,2025-01-01 07:10:01,2025-01-02 22:10:01,2025-01-05 22:10:01,Returned,1
ORD001145,2025-02-17 04:26:06,VTM60,vitaman 60 ml,30000,Rara Kari Jojo,8130777339,Pontianak,2025-02-17 06:19:06,2025-02-17 11:19:06,,Processed,3
ORD001146,2025-02-24 02:29:09,VTM60,vitaman 60 ml,30000,Rili Mina Bati,8144742165,Palangkaraya,2025-02-24 04:13:09,2025-02-25 10:13:09,,Processed,2
ORD001147,2025-01-04 01:23:54,MDB200,maduboom 200 ml,32000,Jojo Nomi,8354232342,Sukabumi,2025-01-04 03:45:54,2025-01-04 22:45:54,,On Delivery,2
ORD001148,2025-01-22 08:53:55,JDM,jelly drink madu,20000,Jodi Kaka Liba,8547341551,Surabaya,2025-01-22 09:59:55,2025-01-23 05:59:55,,On Delivery,2
ORD001149,2025-01-10 13:03:14,VTMMD60,vitaman madu 60 ml,50000,Lino Kati Mori,8123721799,Badung,2025-01-10 13:50:14,2025-01-11 00:50:14,,On Delivery,3
ORD001150,2025-02-10 11:59:54,JDM,jelly drink madu,20000,Liti Moza,8833479665,Medan,2025-02-10 13:10:54,2025-02-10 23:10:54,,Processed,2
ORD001151,2025-02-22 14:55:16,MDB200,maduboom 200 ml,32000,Liba Lijo,8516465022,Kupang,2025-02-22 17:14:16,2025-02-23 20:14:16,,Processed,3
ORD001152,2025-02-10 16:35:21,MDB200,maduboom 200 ml,32000,Rara Jomo,8948113778,Buleleng,2025-02-10 19:25:21,2025-02-11 15:25:21,,Delivered,2
ORD001153,2025-02-02 04:56:04,VTMMD60,vitaman madu 60 ml,50000,Nara Nana Zari,8600077932,Batu,2025-02-02 06:49:04,2025-02-03 08:49:04,,On Delivery,3
ORD001154,2025-02-17 04:11:14,MDB120,maduboom 120 ml,23000,Mino Tili,8674753156,Gorontalo,2025-02-17 06:41:14,2025-02-18 00:41:14,,Processed,3
ORD001155,2025-01-02 11:34:43,JDM,jelly drink madu,20000,Lira Fadi Nano,8321284509,Kudus,2025-01-02 14:30:43,2025-01-03 18:30:43,,Delivered,1
ORD001156,2025-02-13 09:53:13,VTMMD60,vitaman madu 60 ml,50000,Zafa Noka Mifa,8350597385,Sorong,2025-02-13 10:37:13,2025-02-14 15:37:13,,Processed,2
ORD001157,2025-02-18 07:04:47,JDM,jelly drink madu,20000,Nati Sara,8235836035,Pasuruan,2025-02-18 07:49:47,2025-02-18 16:49:47,,On Delivery,2
ORD001158,2025-01-12 07:33:22,VTMMD60,vitaman madu 60 ml,50000,Sara Limo,8845626037,Purwakarta,2025-01-12 08:12:22,2025-01-14 04:12:22,,Delivered,3
ORD001159,2025-02-11 12:34:35,MDB120,maduboom 120 ml,23000,Timo Nano Mili,8826930810,Batam,2025-02-11 15:05:35,2025-02-11 23:05:35,,Processed,1
ORD001160,2025-01-04 11:05:15,MDB120,maduboom 120 ml,23000,Baza Baba Riti,8157567017,Blitar,2025-01-04 14:05:15,2025-01-05 12:05:15,,Processed,2
ORD001161,2025-02-21 03:47:41,VTMMD60,vitaman madu 60 ml,50000,Titi Rira Tika,8740457069,Denpasar,2025-02-21 05:01:41,2025-02-21 12:01:41,,Delivered,2
ORD001162,2025-01-16 15:15:58,VTMMD60,vitaman madu 60 ml,50000,Kaba Sasa,8388235807,Gresik,2025-01-16 16:55:58,2025-01-17 10:55:58,,Processed,2
ORD001163,2025-02-07 14:52:01,MDB120,maduboom 120 ml,23000,Rina Tidi,8303611294,Depok,2025-02-07 16:21:01,2025-02-09 08:21:01,,Delivered,3
ORD001164,2025-02-20 21:15:33,VTMMD60,vitaman madu 60 ml,50000,Mino Miti,8773917407,Bojonegoro,2025-02-20 23:42:33,2025-02-21 05:42:33,,Delivered,1
ORD001165,2025-02-01 05:23:30,MDB200,maduboom 200 ml,32000,Nasa Bara Raza,8966609270,Depok,2025-02-01 06:02:30,2025-02-01 19:02:30,,Delivered,2
ORD001166,2025-01-06 01:53:30,MDB200,maduboom 200 ml,32000,Raka Faza Fara,8330913951,Buleleng,2025-01-06 02:24:30,2025-01-07 20:24:30,,Processed,1
ORD001167,2025-02-24 21:36:28,VTM60,vitaman 60 ml,30000,Titi Jojo Limi,8583518856,Maumere,2025-02-24 23:17:28,2025-02-25 21:17:28,,Processed,1
ORD001168,2025-02-14 20:19:34,MDB200,maduboom 200 ml,32000,Mira Bana,8803895653,Pontianak,2025-02-14 20:55:34,2025-02-15 17:55:34,,Processed,1
ORD001169,2025-02-16 23:44:33,JDM,jelly drink madu,20000,Bafa Diba,8342770739,Klaten,2025-02-17 01:32:33,2025-02-18 08:32:33,,On Delivery,1
ORD001170,2025-02-04 09:36:59,VTMMD60,vitaman madu 60 ml,50000,Disa Midi Fasa,8504691421,Maumere,2025-02-04 11:37:59,2025-02-04 21:37:59,,On Delivery,1
ORD001171,2025-01-18 05:17:13,JDM,jelly drink madu,20000,Kano Rasa,8444641045,Cikarang,2025-01-18 06:24:13,2025-01-19 05:24:13,2025-01-24 05:24:13,Returned,2
ORD001172,2025-01-05 07:47:29,VTMMD60,vitaman madu 60 ml,50000,Joti Nono,8174300666,Tegal,2025-01-05 08:56:29,2025-01-05 21:56:29,,On Delivery,2
ORD001173,2025-02-23 11:29:33,JDM,jelly drink madu,20000,Rika Dimi Misa,8814297455,Mataram,2025-02-23 13:58:33,2025-02-25 07:58:33,,On Delivery,2
ORD001174,2025-01-29 02:11:53,JDM,jelly drink madu,20000,Moli Risa Jodi,8998315086,Gorontalo,2025-01-29 02:57:53,2025-01-30 06:57:53,,Delivered,1
ORD001175,2025-02-05 08:06:37,JDM,jelly drink madu,20000,Rati Kaba,8254143425,Ternate,2025-02-05 09:57:37,2025-02-05 17:57:37,,On Delivery,2
ORD001176,2025-01-15 22:36:02,MDB120,maduboom 120 ml,23000,Raba Miti,8208119523,Singkawang,2025-01-16 00:18:02,2025-01-17 05:18:02,,On Delivery,1
ORD001177,2025-02-23 16:01:48,VTMMD60,vitaman madu 60 ml,50000,Tika Tira Risa,8908811767,Bandung,2025-02-23 18:45:48,2025-02-25 17:45:48,,On Delivery,3
ORD001178,2025-02-03 10:42:35,MDB200,maduboom 200 ml,32000,Sano Nara,8828933158,Kupang,2025-02-03 12:15:35,2025-02-03 17:15:35,,On Delivery,3
ORD001179,2025-01-24 01:20:05,MDB200,maduboom 200 ml,32000,Sasa Zaba Nora,8317839470,Ambon,2025-01-24 02:31:05,2025-01-26 02:31:05,,On Delivery,2
ORD001180,2025-02-09 13:49:42,MDB120,maduboom 120 ml,23000,Jora Moba,8894647838,Indramayu,2025-02-09 14:57:42,2025-02-10 06:57:42,,On Delivery,1
ORD001181,2025-02-19 04:01:09,MDB120,maduboom 120 ml,23000,Nono Fara Jojo,8778215216,Jayapura,2025-02-19 05:25:09,2025-02-20 09:25:09,,On Delivery,2
ORD001182,2025-01-03 12:42:15,VTMMD60,vitaman madu 60 ml,50000,Basa Dino Dimo,8794582080,Sidoarjo,2025-01-03 15:22:15,2025-01-04 02:22:15,,Processed,1
ORD001183,2025-01-03 13:31:21,MDB120,maduboom 120 ml,23000,Limi Sadi Nomo,8424020771,Singaraja,2025-01-03 14:22:21,2025-01-04 16:22:21,2025-01-07 16:22:21,Returned,2
ORD001184,2025-02-21 07:20:20,MDB200,maduboom 200 ml,32000,Rimo Tili,8661732773,Balikpapan,2025-02-21 09:16:20,2025-02-22 15:16:20,,Delivered,2
ORD001185,2025-01-14 04:37:55,VTMMD60,vitaman madu 60 ml,50000,Mimi Moba Momi,8368866531,Singaraja,2025-01-14 07:06:55,2025-01-16 07:06:55,2025-01-18 07:06:55,Returned,1
ORD001186,2025-02-28 07:25:22,JDM,jelly drink madu,20000,Mino Rana,8615979306,Bogor,2025-02-28 09:36:22,2025-03-01 05:36:22,,Processed,2
ORD001187,2025-01-25 17:07:23,MDB200,maduboom 200 ml,32000,Timo Kami,8187856788,Kupang,2025-01-25 17:56:23,2025-01-27 08:56:23,,Delivered,2
ORD001188,2025-01-06 02:04:25,MDB200,maduboom 200 ml,32000,Rira Badi Liba,8397269047,Pontianak,2025-01-06 02:56:25,2025-01-07 16:56:25,,On Delivery,1
ORD001189,2025-01-02 08:25:27,VTMMD60,vitaman madu 60 ml,50000,Jodi Tino Raka,8747545621,Semarang,2025-01-02 09:15:27,2025-01-03 17:15:27,,Processed,1
ORD001190,2025-01-09 15:05:49,VTM60,vitaman 60 ml,30000,Fano Zara,8111616014,Tegal,2025-01-09 17:30:49,2025-01-11 14:30:49,,Processed,3
ORD001191,2025-01-23 04:15:19,VTMMD60,vitaman madu 60 ml,50000,Jomi Tiza,8692219382,Gresik,2025-01-23 04:51:19,2025-01-24 12:51:19,,Delivered,1
ORD001192,2025-01-20 22:19:47,VTM60,vitaman 60 ml,30000,Naza Kami,8747453479,Magelang,2025-01-20 23:17:47,2025-01-21 08:17:47,,Delivered,1
ORD001193,2025-01-15 03:39:50,JDM,jelly drink madu,20000,Tika Tika,8619665212,Depok,2025-01-15 05:03:50,2025-01-16 14:03:50,,On Delivery,2
ORD001194,2025-01-03 21:57:23,JDM,jelly drink madu,20000,Sadi Sana,8779650245,Cirebon,2025-01-03 23:17:23,2025-01-04 19:17:23,,Processed,1
ORD001195,2025-01-29 07:42:22,VTM60,vitaman 60 ml,30000,Mira Tifa Nami,8209349772,Kendari,2025-01-29 09:50:22,2025-01-30 04:50:22,,Processed,3
ORD001196,2025-02-21 07:43:30,MDB120,maduboom 120 ml,23000,Dina Dimo,8893644010,Ponorogo,2025-02-21 09:09:30,2025-02-22 18:09:30,,Processed,2
ORD001197,2025-01-06 02:47:02,JDM,jelly drink madu,20000,Tidi Sasa Moti,8102204744,Purwakarta,2025-01-06 04:04:02,2025-01-06 14:04:02,,Delivered,1
ORD001198,2025-02-03 18:49:12,VTMMD60,vitaman madu 60 ml,50000,Nosa Fana,8427445085,Sukabumi,2025-02-03 21:03:12,2025-02-04 06:03:12,,Processed,3
ORD001199,2025-02-24 22:52:31,MDB120,maduboom 120 ml,23000,Mina Sara,8658482711,Pekanbaru,2025-02-24 23:37:31,2025-02-26 07:37:31,,Processed,3
ORD001200,2025-02-17 14:45:26,MDB200,maduboom 200 ml,32000,Rimo Jojo,8431003676,Ternate,2025-02-17 17:04:26,2025-02-19 10:04:26,,Delivered,2
ORD001201,2025-01-10 18:06:09,MDB200,maduboom 200 ml,32000,Bajo Zaka,8415430831,Jembrana,2025-01-10 18:37:09,2025-01-11 19:37:09,,Processed,1
ORD001202,2025-01-23 10:40:40,VTM60,vitaman 60 ml,30000,Miti Dino Moka,8119825761,Sorong,2025-01-23 11:51:40,2025-01-24 03:51:40,2025-01-31 03:51:40,Returned,1
ORD001203,2025-01-20 12:19:22,MDB200,maduboom 200 ml,32000,Jojo Difa Lijo,8681763495,Gianyar,2025-01-20 13:05:22,2025-01-21 18:05:22,,Delivered,2
ORD001204,2025-01-05 03:19:38,VTM60,vitaman 60 ml,30000,Bana Zamo Nori,8178533827,Indramayu,2025-01-05 05:25:38,2025-01-07 00:25:38,,Processed,3
ORD001205,2025-01-09 06:15:33,JDM,jelly drink madu,20000,Momi Noza,8112164972,Bandung,2025-01-09 08:04:33,2025-01-10 21:04:33,,On Delivery,3
ORD001206,2025-02-10 15:39:31,MDB120,maduboom 120 ml,23000,Mimo Rasa Mora,8483141395,Karangasem,2025-02-10 16:21:31,2025-02-11 02:21:31,,Delivered,2
ORD001207,2025-02-06 02:35:27,MDB120,maduboom 120 ml,23000,Mijo Mona,8204099589,Palembang,2025-02-06 03:54:27,2025-02-07 11:54:27,,Processed,2
ORD001208,2025-02-18 09:51:44,MDB120,maduboom 120 ml,23000,Rana Nano,8934005655,Maumere,2025-02-18 11:38:44,2025-02-19 01:38:44,,Delivered,3
ORD001209,2025-01-04 09:01:54,MDB120,maduboom 120 ml,23000,Bati Nofa Joza,8415600043,Lombok Timur,2025-01-04 09:47:54,2025-01-04 22:47:54,,Processed,1
ORD001210,2025-02-09 13:18:01,MDB200,maduboom 200 ml,32000,Dimo Difa Limo,8466748622,Yogyakarta,2025-02-09 15:26:01,2025-02-10 03:26:01,,Processed,3
ORD001211,2025-02-21 15:08:43,JDM,jelly drink madu,20000,Fara Mijo,8565093754,Lombok Barat,2025-02-21 17:04:43,2025-02-23 16:04:43,,On Delivery,1
ORD001212,2025-02-21 02:39:34,MDB120,maduboom 120 ml,23000,Zaka Sajo Mona,8743657012,Purwakarta,2025-02-21 04:19:34,2025-02-21 21:19:34,,On Delivery,3
ORD001213,2025-01-07 00:20:52,MDB200,maduboom 200 ml,32000,Sadi Risa,8285797854,Badung,2025-01-07 01:23:52,2025-01-07 07:23:52,,Processed,1
ORD001214,2025-02-26 09:01:04,MDB200,maduboom 200 ml,32000,Kara Dino,8114326478,Serang,2025-02-26 11:01:04,2025-02-28 02:01:04,,Delivered,1
ORD001215,2025-01-31 13:46:41,JDM,jelly drink madu,20000,Nano Tino,8799186836,Gresik,2025-01-31 14:30:41,2025-02-01 13:30:41,,On Delivery,3
ORD001216,2025-02-18 10:33:33,MDB200,maduboom 200 ml,32000,Dijo Rara Mifa,8852813254,Padang,2025-02-18 11:17:33,2025-02-20 04:17:33,,Delivered,3
ORD001217,2025-01-31 09:13:59,MDB120,maduboom 120 ml,23000,Zaza Miri,8643771701,Lombok Timur,2025-01-31 11:05:59,2025-02-01 22:05:59,,Processed,3
ORD001218,2025-01-23 01:59:32,MDB120,maduboom 120 ml,23000,Rasa Nodi,8648375276,Ngawi,2025-01-23 04:24:32,2025-01-24 16:24:32,,Delivered,1
ORD001219,2025-01-06 08:01:20,MDB200,maduboom 200 ml,32000,Sano Mina,8856059109,Ternate,2025-01-06 08:39:20,2025-01-07 15:39:20,,Delivered,3
ORD001220,2025-01-13 13:30:49,JDM,jelly drink madu,20000,Bajo Joli,8814409470,Ambon,2025-01-13 14:14:49,2025-01-15 01:14:49,,Delivered,2
ORD001221,2025-02-27 09:27:22,MDB120,maduboom 120 ml,23000,Miri Fana Diti,8509405092,Situbondo,2025-02-27 11:49:22,2025-03-01 09:49:22,,On Delivery,2
ORD001222,2025-01-17 13:33:38,MDB120,maduboom 120 ml,23000,Kano Nami,8170659991,Bogor,2025-01-17 16:20:38,2025-01-19 13:20:38,,Delivered,3
ORD001223,2025-01-10 14:58:16,MDB120,maduboom 120 ml,23000,Moli Najo Diri,8229165602,Probolinggo,2025-01-10 16:35:16,2025-01-11 17:35:16,,Processed,2
ORD001224,2025-02-09 08:04:47,JDM,jelly drink madu,20000,Modi Timi Kana,8333346741,Gorontalo,2025-02-09 10:15:47,2025-02-09 23:15:47,,Delivered,2
ORD001225,2025-02-20 05:20:48,MDB120,maduboom 120 ml,23000,Mifa Radi,8408862126,Makassar,2025-02-20 07:46:48,2025-02-21 02:46:48,,On Delivery,2
ORD001226,2025-02-13 19:54:06,MDB200,maduboom 200 ml,32000,Namo Jori,8370840764,Tuban,2025-02-13 21:46:06,2025-02-15 02:46:06,,Delivered,2
ORD001227,2025-01-02 13:47:45,JDM,jelly drink madu,20000,Fasa Rano Rami,8131171460,Jepara,2025-01-02 14:44:45,2025-01-04 13:44:45,,On Delivery,2
ORD001228,2025-02-03 11:12:47,MDB120,maduboom 120 ml,23000,Fari Nadi,8508663984,Surabaya,2025-02-03 14:10:47,2025-02-04 21:10:47,,On Delivery,1
ORD001229,2025-02-26 14:26:49,MDB200,maduboom 200 ml,32000,Rajo Nojo,8319351478,Sorong,2025-02-26 16:07:49,2025-02-28 00:07:49,,Delivered,1
ORD001230,2025-02-22 18:13:19,VTMMD60,vitaman madu 60 ml,50000,Nasa Mili,8970693101,Tasikmalaya,2025-02-22 19:55:19,2025-02-23 01:55:19,,Processed,1
ORD001231,2025-02-02 16:02:10,JDM,jelly drink madu,20000,Nari Liza,8808433244,Klaten,2025-02-02 17:40:10,2025-02-04 13:40:10,,Delivered,3
ORD001232,2025-01-05 18:53:45,VTMMD60,vitaman madu 60 ml,50000,Mira Zati Rano,8468264244,Singaraja,2025-01-05 21:13:45,2025-01-07 11:13:45,2025-01-12 11:13:45,Returned,3
ORD001233,2025-01-28 17:04:31,JDM,jelly drink madu,20000,Rasa Lina,8134874416,Gorontalo,2025-01-28 18:05:31,2025-01-29 13:05:31,,Processed,2
ORD001234,2025-02-26 10:20:12,MDB120,maduboom 120 ml,23000,Rari Timo Mira,8742548780,Jambi,2025-02-26 12:59:12,2025-02-28 11:59:12,,Processed,3
ORD001235,2025-01-16 11:53:01,MDB200,maduboom 200 ml,32000,Liri Noza,8865416103,Sukabumi,2025-01-16 14:34:01,2025-01-18 06:34:01,,On Delivery,2
ORD001236,2025-01-07 07:35:40,VTMMD60,vitaman madu 60 ml,50000,Kajo Faba,8712112646,Gianyar,2025-01-07 08:46:40,2025-01-08 16:46:40,,On Delivery,1
ORD001237,2025-02-06 00:05:56,JDM,jelly drink madu,20000,Raba Zami Bajo,8870652710,Ende,2025-02-06 01:38:56,2025-02-07 00:38:56,2025-02-13 00:38:56,Returned,3
ORD001238,2025-01-06 17:07:14,MDB120,maduboom 120 ml,23000,Tira Liba,8969600124,Bandung,2025-01-06 18:38:14,2025-01-07 01:38:14,,Delivered,2
ORD001239,2025-02-05 00:07:15,JDM,jelly drink madu,20000,Bami Saza Nomo,8214112278,Cianjur,2025-02-05 00:57:15,2025-02-06 07:57:15,,On Delivery,1
ORD001240,2025-02-10 07:16:43,VTM60,vitaman 60 ml,30000,Baka Nori Rina,8253949762,Subang,2025-02-10 09:14:43,2025-02-11 02:14:43,,Processed,2
ORD001241,2025-01-09 13:30:18,VTM60,vitaman 60 ml,30000,Mimo Dika,8490556237,Malang,2025-01-09 14:06:18,2025-01-11 14:06:18,,Delivered,3
ORD001242,2025-02-02 16:27:47,VTMMD60,vitaman madu 60 ml,50000,Zana Tina Nami,8968375834,Situbondo,2025-02-02 18:42:47,2025-02-04 12:42:47,,On Delivery,2
ORD001243,2025-01-03 16:09:06,VTM60,vitaman 60 ml,30000,Diba Lika Rimo,8695238032,Subang,2025-01-03 17:56:06,2025-01-04 00:56:06,,Delivered,1
ORD001244,2025-02-13 15:06:14,MDB120,maduboom 120 ml,23000,Fadi Nora Kamo,8610194024,Palembang,2025-02-13 17:39:14,2025-02-15 00:39:14,,On Delivery,1
ORD001245,2025-02-06 15:43:06,MDB200,maduboom 200 ml,32000,Nami Jofa Rimi,8805058005,Tuban,2025-02-06 18:22:06,2025-02-07 07:22:06,,Processed,1
ORD001246,2025-01-31 12:01:05,VTMMD60,vitaman madu 60 ml,50000,Moli Limo Ridi,8289336704,Kudus,2025-01-31 13:25:05,2025-02-01 09:25:05,2025-02-05 09:25:05,Returned,3
ORD001247,2025-01-27 13:10:07,JDM,jelly drink madu,20000,Rari Rati Lina,8941061623,Boyolali,2025-01-27 13:52:07,2025-01-28 12:52:07,,Processed,1
ORD001248,2025-01-26 13:29:47,JDM,jelly drink madu,20000,Lidi Baka Rajo,8593655981,Medan,2025-01-26 15:43:47,2025-01-27 16:43:47,2025-01-31 16:43:47,Returned,2
ORD001249,2025-02-06 13:08:12,MDB200,maduboom 200 ml,32000,Nari Ridi Joli,8394451642,Gianyar,2025-02-06 15:04:12,2025-02-07 07:04:12,,Processed,1
ORD001250,2025-02-03 17:41:26,VTMMD60,vitaman madu 60 ml,50000,Kana Raba Mina,8516939016,Makassar,2025-02-03 18:33:26,2025-02-04 07:33:26,,On Delivery,1
ORD001251,2025-02-18 11:08:58,MDB120,maduboom 120 ml,23000,Miba Kadi Risa,8920614760,Gorontalo,2025-02-18 13:32:58,2025-02-20 05:32:58,,Delivered,3
ORD001252,2025-02-28 16:36:17,VTM60,vitaman 60 ml,30000,Risa Liti,8407598670,Banjarmasin,2025-02-28 18:12:17,2025-03-02 12:12:17,,Processed,1
ORD001253,2025-02-22 14:33:39,VTM60,vitaman 60 ml,30000,Dimi Tiba Safa,8840330505,Cikarang,2025-02-22 15:53:39,2025-02-23 17:53:39,,Delivered,1
ORD001254,2025-01-13 12:55:11,VTM60,vitaman 60 ml,30000,Zara Sara Misa,8609142259,Semarang,2025-01-13 13:48:11,2025-01-13 19:48:11,,On Delivery,2
ORD001255,2025-02-03 02:12:12,VTMMD60,vitaman madu 60 ml,50000,Joli Riti,8523488679,Sidoarjo,2025-02-03 03:04:12,2025-02-03 12:04:12,,Processed,1
ORD001256,2025-01-12 01:10:13,VTMMD60,vitaman madu 60 ml,50000,Riri Riba Zamo,8892888678,Sukabumi,2025-01-12 03:56:13,2025-01-13 19:56:13,,On Delivery,2
ORD001257,2025-01-16 07:35:35,VTMMD60,vitaman madu 60 ml,50000,Zaba Tino Mona,8310557895,Kupang,2025-01-16 08:51:35,2025-01-17 00:51:35,,Processed,3
ORD001258,2025-01-20 08:37:12,JDM,jelly drink madu,20000,Dimi Rika,8635072716,Maumere,2025-01-20 09:32:12,2025-01-21 07:32:12,,Delivered,2
ORD001259,2025-01-06 13:57:01,MDB200,maduboom 200 ml,32000,Saka Nori,8849662723,Surabaya,2025-01-06 16:15:01,2025-01-07 09:15:01,,On Delivery,2
ORD001260,2025-02-04 11:19:23,JDM,jelly drink madu,20000,Zano Fara Modi,8764746833,Samarinda,2025-02-04 12:25:23,2025-02-06 08:25:23,,Delivered,2
ORD001261,2025-01-19 23:05:31,MDB200,maduboom 200 ml,32000,Rana Mimo Jora,8472198984,Jembrana,2025-01-20 00:48:31,2025-01-20 17:48:31,,On Delivery,2
ORD001262,2025-02-16 19:18:30,VTMMD60,vitaman madu 60 ml,50000,Josa Baba Lili,8924783317,Palembang,2025-02-16 22:14:30,2025-02-18 16:14:30,,Delivered,2
ORD001263,2025-02-09 00:22:43,VTM60,vitaman 60 ml,30000,Lina Badi,8824193266,Makassar,2025-02-09 02:59:43,2025-02-10 02:59:43,2025-02-15 02:59:43,Returned,3
ORD001264,2025-01-02 05:29:35,JDM,jelly drink madu,20000,Kana Sati Faba,8214524371,Serang,2025-01-02 07:39:35,2025-01-02 12:39:35,,On Delivery,1
ORD001265,2025-02-21 23:21:37,MDB200,maduboom 200 ml,32000,Bafa Kasa Famo,8530603891,Yogyakarta,2025-02-22 01:05:37,2025-02-22 12:05:37,,Delivered,3
ORD001266,2025-01-01 01:00:04,VTMMD60,vitaman madu 60 ml,50000,Kaza Mora,8909196496,Yogyakarta,2025-01-01 02:12:04,2025-01-02 21:12:04,,Processed,2
ORD001267,2025-02-25 08:59:59,MDB200,maduboom 200 ml,32000,Sano Kasa Noti,8310593095,Bengkulu,2025-02-25 10:11:59,2025-02-27 10:11:59,,Processed,3
ORD001268,2025-02-12 15:44:41,MDB120,maduboom 120 ml,23000,Dili Riba,8982109079,Cikarang,2025-02-12 18:07:41,2025-02-14 07:07:41,,Delivered,2
ORD001269,2025-01-21 14:51:38,MDB200,maduboom 200 ml,32000,Tiza Zaba Najo,8886467778,Manado,2025-01-21 16:56:38,2025-01-23 10:56:38,,Processed,3
ORD001270,2025-02-13 02:54:39,MDB120,maduboom 120 ml,23000,Sano Kara,8945050220,Tegal,2025-02-13 05:53:39,2025-02-15 02:53:39,,On Delivery,2
ORD001271,2025-02-01 18:43:13,MDB200,maduboom 200 ml,32000,Rasa Mili,8797973818,Kediri,2025-02-01 21:31:13,2025-02-03 02:31:13,2025-02-07 02:31:13,Returned,2
ORD001272,2025-02-24 07:17:53,MDB200,maduboom 200 ml,32000,Bara Mona Fara,8192291232,Madiun,2025-02-24 08:35:53,2025-02-24 18:35:53,,On Delivery,1
ORD001273,2025-01-10 00:36:46,VTM60,vitaman 60 ml,30000,Mijo Lijo,8974306783,Palangkaraya,2025-01-10 02:15:46,2025-01-10 12:15:46,,On Delivery,1
ORD001274,2025-01-17 08:45:39,VTM60,vitaman 60 ml,30000,Saza Moli,8447250664,Kendari,2025-01-17 11:43:39,2025-01-19 00:43:39,,Delivered,2
ORD001275,2025-01-21 21:47:23,MDB120,maduboom 120 ml,23000,Riri Liza Faza,8620476435,Jambi,2025-01-21 23:38:23,2025-01-23 02:38:23,,Processed,2
ORD001276,2025-01-12 08:23:35,JDM,jelly drink madu,20000,Bafa Kasa,8411112835,Denpasar,2025-01-12 10:02:35,2025-01-13 19:02:35,,On Delivery,2
ORD001277,2025-01-31 20:38:25,VTM60,vitaman 60 ml,30000,Mino Kati,8289631816,Klaten,2025-01-31 21:53:25,2025-02-02 01:53:25,,Processed,1
ORD001278,2025-01-25 11:52:20,VTM60,vitaman 60 ml,30000,Kana Lino Liza,8500150820,Depok,2025-01-25 13:55:20,2025-01-25 18:55:20,,Processed,2
ORD001279,2025-02-25 19:41:23,MDB200,maduboom 200 ml,32000,Fari Bara,8224345366,Bojonegoro,2025-02-25 20:48:23,2025-02-26 20:48:23,,On Delivery,1
ORD001280,2025-02-25 18:18:21,MDB200,maduboom 200 ml,32000,Zano Bano,8307486392,Ambon,2025-02-25 21:02:21,2025-02-27 14:02:21,,Processed,1
ORD001281,2025-01-16 08:25:08,JDM,jelly drink madu,20000,Rimo Baka,8698327473,Batam,2025-01-16 09:11:08,2025-01-17 20:11:08,,Processed,3
ORD001282,2025-02-19 11:12:33,MDB120,maduboom 120 ml,23000,Mori Noli Naka,8441058353,Bandar Lampung,2025-02-19 13:01:33,2025-02-20 21:01:33,,Delivered,3
ORD001283,2025-02-09 03:21:29,VTM60,vitaman 60 ml,30000,Moba Joti Naba,8676245435,Batam,2025-02-09 05:06:29,2025-02-09 23:06:29,,Delivered,3
ORD001284,2025-01-22 05:39:23,MDB120,maduboom 120 ml,23000,Radi Tisa Zamo,8414036240,Larantuka,2025-01-22 07:56:23,2025-01-24 00:56:23,,On Delivery,2
ORD001285,2025-02-18 17:49:11,MDB200,maduboom 200 ml,32000,Nori Misa,8139929673,Situbondo,2025-02-18 20:46:11,2025-02-19 13:46:11,,On Delivery,1
ORD001286,2025-01-14 01:32:36,VTM60,vitaman 60 ml,30000,Joti Rana,8966635883,Jakarta,2025-01-14 02:04:36,2025-01-15 17:04:36,,Delivered,1
ORD001287,2025-01-10 03:47:50,VTMMD60,vitaman madu 60 ml,50000,Fari Kaba,8971044845,Pontianak,2025-01-10 05:02:50,2025-01-11 15:02:50,,On Delivery,3
ORD001288,2025-02-09 03:07:25,VTM60,vitaman 60 ml,30000,Raka Risa,8374832987,Tangerang,2025-02-09 05:52:25,2025-02-10 04:52:25,,On Delivery,2
ORD001289,2025-01-13 18:32:27,MDB200,maduboom 200 ml,32000,Bafa Rira,8812436005,Serang,2025-01-13 20:11:27,2025-01-15 18:11:27,,On Delivery,1
ORD001290,2025-02-11 02:05:42,VTM60,vitaman 60 ml,30000,Ridi Rari,8286789298,Banjarbaru,2025-02-11 04:32:42,2025-02-11 15:32:42,,Processed,2
ORD001291,2025-01-18 16:05:05,JDM,jelly drink madu,20000,Sadi Timo Jori,8592210564,Malang,2025-01-18 18:28:05,2025-01-19 18:28:05,,Processed,3
ORD001292,2025-02-24 14:53:39,MDB200,maduboom 200 ml,32000,Jodi Raka Fafa,8592687003,Cirebon,2025-02-24 17:25:39,2025-02-26 07:25:39,,On Delivery,1
ORD001293,2025-02-04 23:46:46,VTMMD60,vitaman madu 60 ml,50000,Bari Moti,8931629214,Balikpapan,2025-02-05 02:36:46,2025-02-06 18:36:46,,Delivered,2
ORD001294,2025-01-15 19:53:50,MDB120,maduboom 120 ml,23000,Joka Naba,8521845173,Sidoarjo,2025-01-15 22:06:50,2025-01-17 19:06:50,,On Delivery,3
ORD001295,2025-01-28 09:23:32,JDM,jelly drink madu,20000,Famo Rifa Nojo,8529123193,Ternate,2025-01-28 10:02:32,2025-01-29 05:02:32,,Delivered,2
ORD001296,2025-01-25 02:41:10,MDB120,maduboom 120 ml,23000,Riti Lira Rati,8335577016,Manado,2025-01-25 05:09:10,2025-01-25 13:09:10,2025-01-31 13:09:10,Returned,2
ORD001297,2025-01-02 08:01:34,JDM,jelly drink madu,20000,Rira Saka,8338894132,Buleleng,2025-01-02 10:57:34,2025-01-03 13:57:34,,On Delivery,2
ORD001298,2025-01-11 05:29:45,MDB200,maduboom 200 ml,32000,Miba Fati,8274104952,Medan,2025-01-11 07:23:45,2025-01-12 08:23:45,2025-01-16 08:23:45,Returned,3
ORD001299,2025-01-19 15:05:42,VTM60,vitaman 60 ml,30000,Noli Zati Fadi,8225075952,Sumedang,2025-01-19 15:52:42,2025-01-20 23:52:42,,Processed,3
ORD001300,2025-02-02 06:34:58,MDB200,maduboom 200 ml,32000,Ramo Dika,8804004670,Singkawang,2025-02-02 09:22:58,2025-02-03 10:22:58,2025-02-09 10:22:58,Returned,2
ORD001301,2025-02-11 10:27:48,VTMMD60,vitaman madu 60 ml,50000,Mina Liza,8811452808,Jambi,2025-02-11 13:26:48,2025-02-11 21:26:48,,Delivered,2
ORD001302,2025-01-28 16:21:18,VTMMD60,vitaman madu 60 ml,50000,Saza Dili Naza,8272013517,Purwakarta,2025-01-28 17:06:18,2025-01-30 03:06:18,,Delivered,2
ORD001303,2025-02-19 08:50:59,VTM60,vitaman 60 ml,30000,Dimi Safa Liri,8536505444,Manado,2025-02-19 09:56:59,2025-02-19 22:56:59,,Delivered,1
ORD001304,2025-01-15 14:29:14,VTM60,vitaman 60 ml,30000,Bali Disa Nona,8264906970,Balikpapan,2025-01-15 15:31:14,2025-01-17 02:31:14,,On Delivery,1
ORD001305,2025-01-14 06:18:44,MDB120,maduboom 120 ml,23000,Kari Najo Nati,8569829292,Blitar,2025-01-14 09:09:44,2025-01-15 21:09:44,2025-01-22 21:09:44,Returned,2
ORD001306,2025-02-11 22:12:23,VTM60,vitaman 60 ml,30000,Bara Mifa Zafa,8934341911,Bengkulu,2025-02-11 23:43:23,2025-02-12 06:43:23,,On Delivery,1
ORD001307,2025-02-05 20:44:32,JDM,jelly drink madu,20000,Rami Mono Bami,8176348942,Karawang,2025-02-05 21:28:32,2025-02-06 20:28:32,,On Delivery,1
ORD001308,2025-01-30 08:16:04,MDB120,maduboom 120 ml,23000,Nara Fali Zaba,8580540173,Larantuka,2025-01-30 08:57:04,2025-01-31 11:57:04,,Delivered,1
ORD001309,2025-01-08 09:06:15,VTMMD60,vitaman madu 60 ml,50000,Miza Moza Timo,8374258726,Jakarta,2025-01-08 11:18:15,2025-01-10 10:18:15,,Processed,2
ORD001310,2025-02-16 15:33:59,VTM60,vitaman 60 ml,30000,Raka Lika Naba,8134523743,Klaten,2025-02-16 18:07:59,2025-02-18 06:07:59,,Delivered,2
ORD001311,2025-01-05 00:19:43,VTM60,vitaman 60 ml,30000,Kajo Saba Saza,8938176750,Ternate,2025-01-05 01:32:43,2025-01-06 12:32:43,,Processed,2
ORD001312,2025-02-26 08:01:41,MDB120,maduboom 120 ml,23000,Tisa Moza Fati,8612414504,Gorontalo,2025-02-26 09:30:41,2025-02-27 16:30:41,,On Delivery,2
ORD001313,2025-02-19 22:06:40,VTM60,vitaman 60 ml,30000,Saza Nara Saka,8836996298,Tegal,2025-02-20 00:40:40,2025-02-20 21:40:40,,Delivered,1
ORD001314,2025-01-16 17:11:55,VTMMD60,vitaman madu 60 ml,50000,Najo Rifa Nona,8831191510,Sorong,2025-01-16 18:36:55,2025-01-17 23:36:55,2025-01-20 23:36:55,Returned,2
ORD001315,2025-01-25 09:49:10,VTMMD60,vitaman madu 60 ml,50000,Riba Zafa,8154961487,Bogor,2025-01-25 11:47:10,2025-01-26 20:47:10,,Processed,3
ORD001316,2025-02-23 17:28:16,JDM,jelly drink madu,20000,Mika Fadi Dijo,8596963086,Ende,2025-02-23 20:27:16,2025-02-24 08:27:16,2025-03-03 08:27:16,Returned,3
ORD001317,2025-01-03 18:49:12,VTMMD60,vitaman madu 60 ml,50000,Tiri Dira Bari,8366607449,Badung,2025-01-03 21:44:12,2025-01-04 04:44:12,,Delivered,3
ORD001318,2025-02-19 16:15:52,VTM60,vitaman 60 ml,30000,Rano Nami Zamo,8928702118,Singaraja,2025-02-19 17:00:52,2025-02-20 16:00:52,,On Delivery,3
ORD001319,2025-02-07 20:18:42,JDM,jelly drink madu,20000,Noza Nono,8254512912,Tuban,2025-02-07 21:02:42,2025-02-09 17:02:42,2025-02-12 17:02:42,Returned,2
ORD001320,2025-01-23 12:29:37,JDM,jelly drink madu,20000,Mika Nori Rami,8341593001,Lombok Timur,2025-01-23 14:53:37,2025-01-25 13:53:37,,On Delivery,1
ORD001321,2025-01-19 19:17:30,VTMMD60,vitaman madu 60 ml,50000,Jojo Nara Moka,8621449815,Bangli,2025-01-19 20:14:30,2025-01-20 23:14:30,,Processed,3
ORD001322,2025-02-08 13:38:30,VTM60,vitaman 60 ml,30000,Liza Jodi Mori,8348533453,Purwakarta,2025-02-08 14:19:30,2025-02-09 14:19:30,,On Delivery,3
ORD001323,2025-01-05 11:40:08,JDM,jelly drink madu,20000,Kajo Raka,8695824389,Kupang,2025-01-05 14:34:08,2025-01-06 02:34:08,,Processed,1
ORD001324,2025-02-12 18:00:47,VTM60,vitaman 60 ml,30000,Momi Mona Tiba,8564825288,Jombang,2025-02-12 20:15:47,2025-02-14 20:15:47,,On Delivery,1
ORD001325,2025-02-11 22:06:00,JDM,jelly drink madu,20000,Kajo Riza Liza,8793472013,Serang,2025-02-11 23:23:00,2025-02-13 22:23:00,,Processed,1
ORD001326,2025-02-16 18:31:28,VTMMD60,vitaman madu 60 ml,50000,Sali Dika,8233475514,Sukabumi,2025-02-16 19:23:28,2025-02-17 10:23:28,,Processed,1
ORD001327,2025-01-25 12:21:56,MDB200,maduboom 200 ml,32000,Nafa Mori,8589445878,Pasuruan,2025-01-25 13:30:56,2025-01-27 00:30:56,,On Delivery,3
ORD001328,2025-02-08 17:54:46,MDB200,maduboom 200 ml,32000,Nari Limi Rira,8781897079,Singaraja,2025-02-08 19:29:46,2025-02-09 21:29:46,,Delivered,1
ORD001329,2025-01-16 19:03:19,VTMMD60,vitaman madu 60 ml,50000,Jora Kara,8651086554,Ambon,2025-01-16 21:49:19,2025-01-18 00:49:19,,Delivered,2
ORD001330,2025-02-17 05:00:45,VTMMD60,vitaman madu 60 ml,50000,Riri Zana,8383297455,Magelang,2025-02-17 06:30:45,2025-02-17 12:30:45,,Processed,3
ORD001331,2025-02-28 21:34:04,MDB200,maduboom 200 ml,32000,Mimo Rimi Bara,8777520240,Jepara,2025-03-01 00:10:04,2025-03-02 18:10:04,,Delivered,1
ORD001332,2025-01-06 01:57:33,VTMMD60,vitaman madu 60 ml,50000,Noza Jona,8987906032,Ternate,2025-01-06 02:38:33,2025-01-07 23:38:33,,On Delivery,2
ORD001333,2025-01-06 18:46:42,JDM,jelly drink madu,20000,Mijo Faka,8473697114,Cirebon,2025-01-06 20:36:42,2025-01-07 22:36:42,,Delivered,1
ORD001334,2025-02-26 01:31:28,VTM60,vitaman 60 ml,30000,Dino Rali,8597716065,Sukabumi,2025-02-26 04:07:28,2025-02-27 10:07:28,,Delivered,2
ORD001335,2025-01-12 06:33:48,MDB200,maduboom 200 ml,32000,Titi Didi,8182049341,Lamongan,2025-01-12 09:18:48,2025-01-13 06:18:48,,Delivered,1
ORD001336,2025-02-23 09:00:32,JDM,jelly drink madu,20000,Jodi Kajo Lidi,8435293572,Jombang,2025-02-23 11:17:32,2025-02-23 23:17:32,,On Delivery,2
ORD001337,2025-01-23 21:32:45,MDB200,maduboom 200 ml,32000,Jomi Disa,8210704371,Pasuruan,2025-01-24 00:11:45,2025-01-24 19:11:45,,Delivered,1
ORD001338,2025-01-09 20:26:50,MDB200,maduboom 200 ml,32000,Fana Disa,8707349517,Samarinda,2025-01-09 23:16:50,2025-01-11 13:16:50,2025-01-15 13:16:50,Returned,3
ORD001339,2025-01-24 03:01:18,MDB200,maduboom 200 ml,32000,Riri Miba,8264219026,Cikarang,2025-01-24 03:43:18,2025-01-24 11:43:18,,Delivered,1
ORD001340,2025-01-10 21:56:04,MDB200,maduboom 200 ml,32000,Zadi Mosa,8363559797,Madiun,2025-01-10 22:52:04,2025-01-11 10:52:04,,Processed,3
ORD001341,2025-02-25 14:38:12,MDB200,maduboom 200 ml,32000,Zari Diti Tiza,8827022913,Indramayu,2025-02-25 17:04:12,2025-02-27 14:04:12,2025-03-02 14:04:12,Returned,2
ORD001342,2025-01-13 22:00:37,MDB200,maduboom 200 ml,32000,Jona Nofa,8848855445,Banyuwangi,2025-01-14 00:37:37,2025-01-14 10:37:37,,Processed,1
ORD001343,2025-01-13 13:11:42,MDB200,maduboom 200 ml,32000,Rajo Lidi Tili,8354971786,Lamongan,2025-01-13 15:36:42,2025-01-15 00:36:42,,Delivered,2
ORD001344,2025-02-14 01:05:41,MDB200,maduboom 200 ml,32000,Lino Nano,8555827088,Balikpapan,2025-02-14 03:03:41,2025-02-15 16:03:41,,Processed,2
ORD001345,2025-02-27 19:09:57,MDB120,maduboom 120 ml,23000,Rara Kadi,8194339408,Badung,2025-02-27 19:53:57,2025-03-01 14:53:57,,Processed,1
ORD001346,2025-01-22 00:45:30,VTM60,vitaman 60 ml,30000,Rira Fafa,8134280583,Palu,2025-01-22 01:19:30,2025-01-22 19:19:30,,Processed,2
ORD001347,2025-02-11 21:53:46,VTMMD60,vitaman madu 60 ml,50000,Nofa Fajo Mosa,8928775359,Kudus,2025-02-11 22:39:46,2025-02-12 08:39:46,,Delivered,2
ORD001348,2025-02-04 02:24:39,JDM,jelly drink madu,20000,Nomo Fafa Raka,8154323428,Jambi,2025-02-04 05:01:39,2025-02-04 16:01:39,,Processed,3
ORD001349,2025-01-08 08:59:59,VTM60,vitaman 60 ml,30000,Jona Sati Jofa,8380712213,Balikpapan,2025-01-08 11:27:59,2025-01-10 10:27:59,,On Delivery,2
ORD001350,2025-01-04 19:33:44,MDB200,maduboom 200 ml,32000,Zaza Naka Mono,8480850642,Pekanbaru,2025-01-04 20:38:44,2025-01-06 13:38:44,,Delivered,2
ORD001351,2025-01-15 08:18:38,VTM60,vitaman 60 ml,30000,Zati Riti,8717854102,Jombang,2025-01-15 10:18:38,2025-01-17 08:18:38,2025-01-19 08:18:38,Returned,1
ORD001352,2025-01-15 05:35:59,MDB120,maduboom 120 ml,23000,Sari Jono Nana,8990137867,Jayapura,2025-01-15 07:13:59,2025-01-16 04:13:59,,Delivered,3
ORD001353,2025-01-07 19:10:53,VTMMD60,vitaman madu 60 ml,50000,Zami Mojo,8949462972,Tangerang,2025-01-07 21:20:53,2025-01-08 03:20:53,,Delivered,1
ORD001354,2025-01-06 16:25:05,VTM60,vitaman 60 ml,30000,Kati Sara,8510557985,Samarinda,2025-01-06 18:16:05,2025-01-08 10:16:05,,Processed,1
ORD001355,2025-02-18 05:59:27,JDM,jelly drink madu,20000,Kamo Rari,8970146520,Tuban,2025-02-18 08:38:27,2025-02-19 23:38:27,,Processed,3
ORD001356,2025-02-27 15:57:19,MDB200,maduboom 200 ml,32000,Sati Rali Tili,8360610253,Jembrana,2025-02-27 18:31:19,2025-03-01 12:31:19,,Delivered,1
ORD001357,2025-01-26 20:02:48,MDB120,maduboom 120 ml,23000,Dina Nari,8686983036,Ternate,2025-01-26 21:24:48,2025-01-28 08:24:48,,Delivered,1
ORD001358,2025-02-17 01:14:40,VTM60,vitaman 60 ml,30000,Rimi Jomi Diza,8778363586,Mataram,2025-02-17 02:42:40,2025-02-19 02:42:40,,On Delivery,3
ORD001359,2025-02-18 07:35:42,VTMMD60,vitaman madu 60 ml,50000,Mifa Bamo Jomo,8782092641,Karawang,2025-02-18 09:17:42,2025-02-18 20:17:42,,On Delivery,1
ORD001360,2025-01-20 02:18:02,MDB120,maduboom 120 ml,23000,Mifa Rari,8159625871,Lamongan,2025-01-20 04:48:02,2025-01-22 02:48:02,2025-01-24 02:48:02,Returned,3
ORD001361,2025-01-30 22:54:37,MDB200,maduboom 200 ml,32000,Dika Sano Naza,8166081116,Serang,2025-01-31 00:14:37,2025-01-31 21:14:37,,Processed,1
ORD001362,2025-02-27 16:54:14,VTM60,vitaman 60 ml,30000,Zari Kadi Zamo,8261685761,Boyolali,2025-02-27 17:41:14,2025-02-28 17:41:14,,Delivered,3
ORD001363,2025-02-13 10:26:51,MDB120,maduboom 120 ml,23000,Rino Naza,8350105529,Kendari,2025-02-13 11:40:51,2025-02-14 01:40:51,,Delivered,3
ORD001364,2025-02-02 13:47:28,JDM,jelly drink madu,20000,Zajo Joti Lika,8813355450,Pasuruan,2025-02-02 14:18:28,2025-02-04 06:18:28,,Processed,1
ORD001365,2025-01-11 14:10:39,VTM60,vitaman 60 ml,30000,Raka Fali Sajo,8199817519,Purwakarta,2025-01-11 15:43:39,2025-01-12 07:43:39,,Delivered,3
ORD001366,2025-01-28 10:09:21,MDB120,maduboom 120 ml,23000,Timo Rajo,8304085663,Banjarmasin,2025-01-28 11:04:21,2025-01-29 23:04:21,,Delivered,2
ORD001367,2025-01-24 03:08:00,MDB120,maduboom 120 ml,23000,Rasa Liba,8823148727,Cianjur,2025-01-24 05:00:00,2025-01-26 00:00:00,2025-02-01 00:00:00,Returned,2
ORD001368,2025-01-07 15:58:18,VTMMD60,vitaman madu 60 ml,50000,Nami Lili Baba,8343017785,Batu,2025-01-07 17:34:18,2025-01-09 11:34:18,2025-01-15 11:34:18,Returned,2
ORD001369,2025-01-29 02:10:44,VTMMD60,vitaman madu 60 ml,50000,Mosa Lijo Kajo,8248725129,Garut,2025-01-29 04:38:44,2025-01-29 15:38:44,,Delivered,3
ORD001370,2025-01-12 00:21:48,VTMMD60,vitaman madu 60 ml,50000,Miti Sadi Lika,8736586447,Kudus,2025-01-12 01:51:48,2025-01-13 09:51:48,,Processed,2
ORD001371,2025-01-25 05:01:22,MDB120,maduboom 120 ml,23000,Joli Zara Mosa,8731971410,Banjarmasin,2025-01-25 07:42:22,2025-01-25 14:42:22,,Delivered,3
ORD001372,2025-01-08 23:16:58,JDM,jelly drink madu,20000,Nali Diza,8456881076,Lombok Timur,2025-01-09 02:04:58,2025-01-09 12:04:58,,Delivered,1
ORD001373,2025-01-31 11:25:58,JDM,jelly drink madu,20000,Dimi Didi,8919157516,Indramayu,2025-01-31 13:17:58,2025-02-01 11:17:58,,Processed,2
ORD001374,2025-02-09 09:59:24,MDB120,maduboom 120 ml,23000,Sati Mora Bari,8100473402,Bekasi,2025-02-09 12:30:24,2025-02-11 08:30:24,,On Delivery,2
ORD001375,2025-01-10 23:15:32,VTMMD60,vitaman madu 60 ml,50000,Mimo Saka Zati,8653987575,Jepara,2025-01-11 02:02:32,2025-01-12 18:02:32,,Delivered,3
ORD001376,2025-02-26 01:38:58,JDM,jelly drink madu,20000,Mofa Nati,8799435615,Ponorogo,2025-02-26 04:09:58,2025-02-27 16:09:58,,On Delivery,3
ORD001377,2025-01-07 23:47:37,MDB120,maduboom 120 ml,23000,Fana Nami,8380734288,Singkawang,2025-01-08 02:25:37,2025-01-09 03:25:37,,Processed,3
ORD001378,2025-01-30 01:25:28,MDB200,maduboom 200 ml,32000,Lijo Kajo,8888495556,Kudus,2025-01-30 03:40:28,2025-01-31 15:40:28,,Delivered,3
ORD001379,2025-01-01 06:42:58,VTM60,vitaman 60 ml,30000,Dira Zaza Nasa,8460621379,Indramayu,2025-01-01 07:57:58,2025-01-01 22:57:58,,Processed,3
ORD001380,2025-02-02 05:06:03,JDM,jelly drink madu,20000,Joti Kamo Fari,8964841037,Bojonegoro,2025-02-02 06:01:03,2025-02-02 22:01:03,,Processed,3
ORD001381,2025-01-22 07:26:12,VTMMD60,vitaman madu 60 ml,50000,Timo Safa Nomi,8751302537,Tegal,2025-01-22 08:52:12,2025-01-23 00:52:12,2025-01-30 00:52:12,Returned,2
ORD001382,2025-01-15 04:03:55,JDM,jelly drink madu,20000,Jomo Jori,8244935405,Purwakarta,2025-01-15 05:28:55,2025-01-15 22:28:55,2025-01-19 22:28:55,Returned,3
ORD001383,2025-02-05 19:49:21,MDB120,maduboom 120 ml,23000,Nasa Sari,8702790679,Jombang,2025-02-05 20:47:21,2025-02-07 17:47:21,,Delivered,1
ORD001384,2025-02-15 07:43:46,MDB120,maduboom 120 ml,23000,Mika Rali Zami,8339014386,Ende,2025-02-15 09:35:46,2025-02-16 03:35:46,,Processed,2
ORD001385,2025-02-19 01:56:01,VTM60,vitaman 60 ml,30000,Zaza Mika Bali,8423639037,Purwakarta,2025-02-19 02:51:01,2025-02-20 21:51:01,,On Delivery,1
ORD001386,2025-02-25 14:11:02,VTM60,vitaman 60 ml,30000,Rana Saza Rali,8879625609,Lombok Timur,2025-02-25 15:37:02,2025-02-27 02:37:02,2025-03-06 02:37:02,Returned,2
ORD001387,2025-01-13 01:03:27,VTMMD60,vitaman madu 60 ml,50000,Miti Basa Mili,8725358655,Denpasar,2025-01-13 03:40:27,2025-01-13 09:40:27,,On Delivery,1
ORD001388,2025-02-28 21:36:09,MDB120,maduboom 120 ml,23000,Moba Jora Didi,8838638297,Pasuruan,2025-02-28 22:30:09,2025-03-01 15:30:09,,On Delivery,1
ORD001389,2025-02-25 02:42:49,MDB120,maduboom 120 ml,23000,Rifa Nojo Tiza,8761618411,Denpasar,2025-02-25 04:41:49,2025-02-26 11:41:49,,On Delivery,2
ORD001390,2025-02-12 22:32:20,VTM60,vitaman 60 ml,30000,Tidi Bano,8362845333,Batu,2025-02-13 00:23:20,2025-02-14 18:23:20,,Processed,3
ORD001391,2025-02-05 11:55:57,VTM60,vitaman 60 ml,30000,Momi Nono,8482842263,Magelang,2025-02-05 12:47:57,2025-02-06 03:47:57,2025-02-11 03:47:57,Returned,2
ORD001392,2025-02-16 03:54:59,VTMMD60,vitaman madu 60 ml,50000,Momo Famo,8334093925,Batam,2025-02-16 06:00:59,2025-02-17 11:00:59,,On Delivery,1
ORD001393,2025-01-07 13:35:05,JDM,jelly drink madu,20000,Mona Tili,8699424599,Banjarbaru,2025-01-07 15:07:05,2025-01-08 22:07:05,2025-01-14 22:07:05,Returned,2
ORD001394,2025-02-14 00:21:47,MDB200,maduboom 200 ml,32000,Tina Nara Noli,8671638126,Karangasem,2025-02-14 01:02:47,2025-02-14 21:02:47,,Delivered,2
ORD001395,2025-01-17 08:41:57,MDB120,maduboom 120 ml,23000,Risa Naka,8841234738,Bojonegoro,2025-01-17 10:36:57,2025-01-18 19:36:57,,Delivered,2
ORD001396,2025-01-04 01:56:40,MDB200,maduboom 200 ml,32000,Zari Fari,8161896411,Denpasar,2025-01-04 03:45:40,2025-01-04 22:45:40,,Delivered,1
ORD001397,2025-02-03 17:53:44,JDM,jelly drink madu,20000,Ridi Rira,8657480256,Batam,2025-02-03 18:36:44,2025-02-04 06:36:44,2025-02-11 06:36:44,Returned,1
ORD001398,2025-01-04 20:59:43,MDB120,maduboom 120 ml,23000,Joka Nano Zano,8424622967,Pontianak,2025-01-04 23:02:43,2025-01-06 22:02:43,,On Delivery,1
ORD001399,2025-02-10 11:09:06,MDB200,maduboom 200 ml,32000,Miba Dimi Nora,8213781361,Madiun,2025-02-10 11:53:06,2025-02-11 10:53:06,,Processed,1
ORD001400,2025-02-06 11:53:23,MDB200,maduboom 200 ml,32000,Bano Samo Didi,8708436747,Banyuwangi,2025-02-06 14:53:23,2025-02-07 09:53:23,2025-02-12 09:53:23,Returned,1
ORD001401,2025-02-24 06:41:27,MDB120,maduboom 120 ml,23000,Nano Tira Sana,8446096598,Ternate,2025-02-24 07:24:27,2025-02-25 06:24:27,,Processed,1
ORD001402,2025-02-15 04:31:28,VTMMD60,vitaman madu 60 ml,50000,Basa Rimo,8752950302,Sorong,2025-02-15 05:27:28,2025-02-16 23:27:28,,Processed,3
ORD001403,2025-02-18 16:28:08,JDM,jelly drink madu,20000,Fari Lika,8570224863,Banyuwangi,2025-02-18 18:07:08,2025-02-20 15:07:08,,Delivered,1
ORD001404,2025-01-30 07:40:02,VTMMD60,vitaman madu 60 ml,50000,Rifa Faka Rafa,8847305255,Singaraja,2025-01-30 09:55:02,2025-01-31 17:55:02,2025-02-07 17:55:02,Returned,3
ORD001405,2025-02-19 16:04:29,MDB120,maduboom 120 ml,23000,Mofa Tina,8207364458,Karangasem,2025-02-19 18:41:29,2025-02-20 04:41:29,,Processed,1
ORD001406,2025-01-26 13:36:38,VTM60,vitaman 60 ml,30000,Fafa Riba,8610768422,Jombang,2025-01-26 14:21:38,2025-01-28 14:21:38,,Processed,3
ORD001407,2025-01-11 04:11:09,VTM60,vitaman 60 ml,30000,Raka Zamo Rika,8405665254,Magelang,2025-01-11 06:37:09,2025-01-11 13:37:09,,Delivered,2
ORD001408,2025-01-19 07:15:46,MDB120,maduboom 120 ml,23000,Mifa Tiri Kali,8592928316,Cirebon,2025-01-19 09:02:46,2025-01-20 18:02:46,,Delivered,3
ORD001409,2025-02-08 01:49:07,VTM60,vitaman 60 ml,30000,Mika Disa,8167783390,Ngawi,2025-02-08 03:57:07,2025-02-08 19:57:07,,Processed,1
ORD001410,2025-01-26 07:36:20,MDB120,maduboom 120 ml,23000,Namo Nojo,8194119680,Tegal,2025-01-26 09:47:20,2025-01-28 07:47:20,2025-02-03 07:47:20,Returned,3
ORD001411,2025-01-27 12:50:19,MDB120,maduboom 120 ml,23000,Mimi Fafa,8661108984,Banyuwangi,2025-01-27 13:51:19,2025-01-28 18:51:19,,On Delivery,2
ORD001412,2025-01-15 11:16:11,MDB200,maduboom 200 ml,32000,Ridi Limo Noza,8892771374,Purwokerto,2025-01-15 12:03:11,2025-01-17 00:03:11,,On Delivery,3
ORD001413,2025-01-28 04:32:30,VTMMD60,vitaman madu 60 ml,50000,Kano Mili Mili,8555465896,Karawang,2025-01-28 06:37:30,2025-01-28 19:37:30,,Processed,2
ORD001414,2025-02-26 04:07:50,MDB200,maduboom 200 ml,32000,Tina Zara,8680606012,Mataram,2025-02-26 06:54:50,2025-02-28 06:54:50,,Processed,2
ORD001415,2025-01-23 05:15:56,MDB120,maduboom 120 ml,23000,Tika Zari Nojo,8952828125,Ende,2025-01-23 06:12:56,2025-01-24 10:12:56,,Processed,3
ORD001416,2025-02-16 17:12:53,MDB120,maduboom 120 ml,23000,Noli Raba,8493506432,Karangasem,2025-02-16 19:06:53,2025-02-18 09:06:53,,On Delivery,1
ORD001417,2025-02-03 18:11:44,JDM,jelly drink madu,20000,Nofa Rimo,8164556354,Batu,2025-02-03 20:25:44,2025-02-05 06:25:44,2025-02-11 06:25:44,Returned,2
ORD001418,2025-01-16 05:15:49,MDB200,maduboom 200 ml,32000,Dimi Sadi,8969832422,Makassar,2025-01-16 07:29:49,2025-01-17 23:29:49,,Delivered,1
ORD001419,2025-01-19 13:34:40,VTM60,vitaman 60 ml,30000,Jojo Nasa,8245396965,Tangerang,2025-01-19 15:34:40,2025-01-21 01:34:40,,On Delivery,3
ORD001420,2025-02-24 07:11:45,VTM60,vitaman 60 ml,30000,Fasa Kajo Rali,8337595303,Probolinggo,2025-02-24 09:59:45,2025-02-25 09:59:45,,Processed,2
ORD001421,2025-01-26 05:00:07,VTMMD60,vitaman madu 60 ml,50000,Miti Raba Moba,8837774323,Jambi,2025-01-26 06:48:07,2025-01-27 22:48:07,,Delivered,1
ORD001422,2025-02-19 18:35:24,MDB200,maduboom 200 ml,32000,Sano Faba,8624498350,Batu,2025-02-19 20:39:24,2025-02-21 06:39:24,,Processed,1
ORD001423,2025-01-11 06:56:05,VTM60,vitaman 60 ml,30000,Nomi Kano Dino,8969516419,Batu,2025-01-11 08:42:05,2025-01-12 01:42:05,,Delivered,2
ORD001424,2025-01-12 16:11:11,MDB200,maduboom 200 ml,32000,Rati Nara Zaka,8531424182,Banyuwangi,2025-01-12 17:02:11,2025-01-14 02:02:11,,Delivered,3
ORD001425,2025-02-22 23:09:36,VTM60,vitaman 60 ml,30000,Jona Moka Lira,8928775657,Karangasem,2025-02-23 00:54:36,2025-02-23 16:54:36,,Processed,1
ORD001426,2025-02-13 10:28:32,MDB200,maduboom 200 ml,32000,Lina Kano,8103229085,Bandung,2025-02-13 13:12:32,2025-02-15 12:12:32,2025-02-19 12:12:32,Returned,2
ORD001427,2025-01-13 18:25:39,MDB120,maduboom 120 ml,23000,Nono Limi Kana,8939924799,Samarinda,2025-01-13 21:11:39,2025-01-15 05:11:39,,Processed,3
ORD001428,2025-02-22 23:08:16,VTM60,vitaman 60 ml,30000,Mika Rati,8195529940,Palu,2025-02-23 01:50:16,2025-02-23 13:50:16,,On Delivery,2
ORD001429,2025-01-10 10:37:18,JDM,jelly drink madu,20000,Riri Tina,8897355198,Lamongan,2025-01-10 13:14:18,2025-01-12 03:14:18,,Delivered,3
ORD001430,2025-02-24 18:42:35,MDB120,maduboom 120 ml,23000,Sadi Mora,8461751839,Buleleng,2025-02-24 21:30:35,2025-02-25 17:30:35,2025-03-04 17:30:35,Returned,2
ORD001431,2025-02-16 19:48:52,MDB200,maduboom 200 ml,32000,Dijo Zari Titi,8925758000,Makassar,2025-02-16 20:29:52,2025-02-18 14:29:52,,Delivered,2
ORD001432,2025-01-03 15:47:29,VTMMD60,vitaman madu 60 ml,50000,Fati Kaka,8120471980,Banjarmasin,2025-01-03 17:28:29,2025-01-05 11:28:29,,On Delivery,1
ORD001433,2025-02-11 08:04:08,JDM,jelly drink madu,20000,Zali Faka,8807302960,Banjarbaru,2025-02-11 08:58:08,2025-02-12 05:58:08,,Processed,3
ORD001434,2025-02-08 03:28:02,VTM60,vitaman 60 ml,30000,Naza Nojo Fati,8780826513,Malang,2025-02-08 06:16:02,2025-02-09 14:16:02,,On Delivery,2
ORD001435,2025-01-29 06:17:00,MDB120,maduboom 120 ml,23000,Moka Nadi Raka,8885569662,Sorong,2025-01-29 09:14:00,2025-01-30 11:14:00,,On Delivery,2
ORD001436,2025-02-11 10:53:50,MDB200,maduboom 200 ml,32000,Dino Mona Noba,8887199654,Gorontalo,2025-02-11 11:36:50,2025-02-12 08:36:50,,On Delivery,2
ORD001437,2025-01-28 00:52:04,VTMMD60,vitaman madu 60 ml,50000,Riba Noba,8340005511,Lombok Barat,2025-01-28 02:36:04,2025-01-29 20:36:04,,Delivered,1
ORD001438,2025-02-10 11:45:36,VTMMD60,vitaman madu 60 ml,50000,Tidi Kafa Rijo,8966296179,Padang,2025-02-10 13:38:36,2025-02-12 02:38:36,2025-02-17 02:38:36,Returned,3
ORD001439,2025-01-03 20:14:55,MDB120,maduboom 120 ml,23000,Tika Midi Nali,8400507727,Madiun,2025-01-03 21:12:55,2025-01-04 02:12:55,,Processed,2
ORD001440,2025-01-15 23:20:24,MDB200,maduboom 200 ml,32000,Rili Noli,8664444341,Palu,2025-01-16 00:58:24,2025-01-17 18:58:24,,On Delivery,1
ORD001441,2025-01-20 10:58:49,MDB120,maduboom 120 ml,23000,Jono Noli Nojo,8628792897,Karawang,2025-01-20 12:10:49,2025-01-20 22:10:49,2025-01-27 22:10:49,Returned,2
ORD001442,2025-02-22 04:59:39,VTMMD60,vitaman madu 60 ml,50000,Mika Mojo Lira,8890792796,Cikarang,2025-02-22 06:25:39,2025-02-23 09:25:39,,Processed,1
ORD001443,2025-01-27 05:29:56,MDB200,maduboom 200 ml,32000,Josa Dika,8932369412,Pontianak,2025-01-27 06:22:56,2025-01-28 21:22:56,2025-02-01 21:22:56,Returned,2
ORD001444,2025-01-19 21:15:17,JDM,jelly drink madu,20000,Tili Rasa,8753983157,Semarang,2025-01-19 21:48:17,2025-01-21 07:48:17,,Delivered,1
ORD001445,2025-02-22 19:49:08,MDB200,maduboom 200 ml,32000,Jora Lidi,8729372896,Probolinggo,2025-02-22 20:35:08,2025-02-24 19:35:08,,On Delivery,3
ORD001446,2025-01-17 01:54:56,MDB200,maduboom 200 ml,32000,Miti Jodi Lidi,8302163523,Kediri,2025-01-17 03:34:56,2025-01-17 16:34:56,,Delivered,1
ORD001447,2025-01-05 10:31:13,MDB200,maduboom 200 ml,32000,Rana Jono,8618136412,Makassar,2025-01-05 11:05:13,2025-01-06 20:05:13,2025-01-11 20:05:13,Returned,1
ORD001448,2025-02-07 04:25:35,JDM,jelly drink madu,20000,Joli Rika,8344957888,Cianjur,2025-02-07 06:05:35,2025-02-08 14:05:35,,On Delivery,3
ORD001449,2025-01-18 19:50:52,VTM60,vitaman 60 ml,30000,Basa Nasa,8951983437,Buleleng,2025-01-18 22:16:52,2025-01-19 18:16:52,,Delivered,3
ORD001450,2025-02-27 08:09:21,VTM60,vitaman 60 ml,30000,Faba Nofa,8322544873,Bandung,2025-02-27 10:51:21,2025-02-28 01:51:21,,Processed,2
ORD001451,2025-02-08 16:41:02,VTM60,vitaman 60 ml,30000,Zaza Baza,8458472209,Sorong,2025-02-08 17:27:02,2025-02-09 00:27:02,,Processed,3
ORD001452,2025-01-14 22:18:45,VTMMD60,vitaman madu 60 ml,50000,Rali Kara Zasa,8216980189,Jombang,2025-01-14 23:44:45,2025-01-15 08:44:45,,On Delivery,1
ORD001453,2025-02-20 05:52:27,VTM60,vitaman 60 ml,30000,Noli Mimo Zadi,8384784730,Batu,2025-02-20 06:29:27,2025-02-21 15:29:27,2025-02-23 15:29:27,Returned,1
ORD001454,2025-01-25 16:04:13,VTMMD60,vitaman madu 60 ml,50000,Fari Difa Mili,8620709749,Sidoarjo,2025-01-25 17:52:13,2025-01-26 17:52:13,,Processed,2
ORD001455,2025-01-06 09:49:54,JDM,jelly drink madu,20000,Fasa Nadi Tisa,8653349565,Sumedang,2025-01-06 10:34:54,2025-01-07 12:34:54,,On Delivery,2
ORD001456,2025-01-15 19:24:01,VTMMD60,vitaman madu 60 ml,50000,Fafa Nosa,8437349696,Banyuwangi,2025-01-15 22:23:01,2025-01-16 10:23:01,,On Delivery,3
ORD001457,2025-02-11 22:38:50,JDM,jelly drink madu,20000,Moba Mino Raka,8709480988,Pasuruan,2025-02-11 23:34:50,2025-02-13 03:34:50,,Delivered,3
ORD001458,2025-01-19 08:38:33,JDM,jelly drink madu,20000,Didi Zano Rari,8633539743,Banjarmasin,2025-01-19 10:29:33,2025-01-21 07:29:33,,Processed,1
ORD001459,2025-02-11 20:54:45,VTMMD60,vitaman madu 60 ml,50000,Jora Joti Nati,8215769678,Medan,2025-02-11 22:58:45,2025-02-12 08:58:45,,Processed,3
ORD001460,2025-01-16 15:58:43,MDB200,maduboom 200 ml,32000,Rika Zafa,8374580001,Depok,2025-01-16 17:08:43,2025-01-17 05:08:43,,On Delivery,3
ORD001461,2025-01-10 23:04:22,VTM60,vitaman 60 ml,30000,Kasa Zamo Joza,8366698151,Bogor,2025-01-11 01:57:22,2025-01-11 15:57:22,,On Delivery,2
ORD001462,2025-01-10 21:32:54,VTMMD60,vitaman madu 60 ml,50000,Nana Momi,8744357561,Banyuwangi,2025-01-10 22:32:54,2025-01-12 12:32:54,,Processed,2
ORD001463,2025-01-17 20:31:50,VTM60,vitaman 60 ml,30000,Nafa Tidi,8493088897,Situbondo,2025-01-17 23:25:50,2025-01-18 10:25:50,,Delivered,1
ORD001464,2025-02-07 20:05:09,JDM,jelly drink madu,20000,Kajo Kana,8598937094,Purwakarta,2025-02-07 22:46:09,2025-02-09 16:46:09,,Delivered,3
ORD001465,2025-01-23 02:22:07,VTMMD60,vitaman madu 60 ml,50000,Kajo Dino Kafa,8343952197,Jepara,2025-01-23 04:25:07,2025-01-23 15:25:07,,Processed,2
ORD001466,2025-01-13 21:27:16,MDB120,maduboom 120 ml,23000,Fara Famo Famo,8295811183,Malang,2025-01-13 22:23:16,2025-01-14 17:23:16,2025-01-18 17:23:16,Returned,3
ORD001467,2025-02-02 14:24:10,JDM,jelly drink madu,20000,Saba Miri,8536121695,Banjarbaru,2025-02-02 16:47:10,2025-02-03 13:47:10,,Processed,1
ORD001468,2025-02-20 03:55:15,MDB120,maduboom 120 ml,23000,Mira Nofa,8885254448,Gianyar,2025-02-20 06:03:15,2025-02-21 21:03:15,,Delivered,1
ORD001469,2025-02-08 06:41:24,MDB120,maduboom 120 ml,23000,Lika Fami Zari,8709780906,Manado,2025-02-08 08:05:24,2025-02-08 23:05:24,,On Delivery,1
ORD001470,2025-01-29 16:48:25,JDM,jelly drink madu,20000,Kali Sati Mofa,8989766031,Magelang,2025-01-29 19:00:25,2025-01-31 16:00:25,,On Delivery,3
ORD001471,2025-02-04 13:38:10,MDB120,maduboom 120 ml,23000,Jono Kadi Tika,8265377909,Buleleng,2025-02-04 15:30:10,2025-02-05 12:30:10,,Delivered,3
ORD001472,2025-01-10 18:49:01,MDB200,maduboom 200 ml,32000,Timi Rifa,8847445257,Badung,2025-01-10 20:45:01,2025-01-11 22:45:01,,Processed,3
ORD001473,2025-01-31 14:31:47,VTM60,vitaman 60 ml,30000,Basa Zano,8361931343,Jombang,2025-01-31 15:11:47,2025-02-02 13:11:47,,On Delivery,2
ORD001474,2025-02-03 17:47:54,VTMMD60,vitaman madu 60 ml,50000,Liza Zajo,8659994212,Bogor,2025-02-03 20:36:54,2025-02-05 18:36:54,,On Delivery,3
ORD001475,2025-01-19 22:54:54,MDB200,maduboom 200 ml,32000,Titi Mono,8970898831,Kendari,2025-01-20 01:41:54,2025-01-20 12:41:54,,Delivered,1
ORD001476,2025-01-18 13:59:05,MDB120,maduboom 120 ml,23000,Moka Kali,8221559799,Gorontalo,2025-01-18 16:05:05,2025-01-20 08:05:05,,Processed,3
ORD001477,2025-01-31 13:29:05,MDB200,maduboom 200 ml,32000,Didi Sara,8751167563,Larantuka,2025-01-31 14:52:05,2025-02-01 05:52:05,,Delivered,3
ORD001478,2025-01-28 10:31:06,VTM60,vitaman 60 ml,30000,Jono Lidi Mona,8738223103,Banyuwangi,2025-01-28 12:41:06,2025-01-29 14:41:06,,On Delivery,3
ORD001479,2025-02-03 02:39:16,JDM,jelly drink madu,20000,Rano Nadi,8309335885,Garut,2025-02-03 05:09:16,2025-02-03 11:09:16,,Processed,2
ORD001480,2025-01-12 12:21:51,MDB120,maduboom 120 ml,23000,Risa Kara Sari,8736778852,Lamongan,2025-01-12 13:14:51,2025-01-13 05:14:51,,On Delivery,3
ORD001481,2025-02-10 23:50:47,MDB120,maduboom 120 ml,23000,Rijo Noka Samo,8503556381,Batu,2025-02-11 00:56:47,2025-02-12 08:56:47,,Processed,3
ORD001482,2025-02-06 14:53:31,VTM60,vitaman 60 ml,30000,Rili Rira Saba,8692548952,Probolinggo,2025-02-06 15:34:31,2025-02-08 15:34:31,,Processed,1
ORD001483,2025-02-10 07:36:15,MDB200,maduboom 200 ml,32000,Mona Liba,8564826574,Pontianak,2025-02-10 09:45:15,2025-02-12 06:45:15,,Delivered,2
ORD001484,2025-01-22 12:35:57,MDB200,maduboom 200 ml,32000,Tisa Lika,8496639806,Padang,2025-01-22 15:25:57,2025-01-24 13:25:57,,Delivered,1
ORD001485,2025-01-15 17:35:10,MDB200,maduboom 200 ml,32000,Rami Lisa,8390526921,Bojonegoro,2025-01-15 20:32:10,2025-01-16 17:32:10,,Delivered,1
ORD001486,2025-02-10 16:30:27,MDB200,maduboom 200 ml,32000,Nono Difa,8374691655,Purwakarta,2025-02-10 17:54:27,2025-02-12 11:54:27,,Processed,1
ORD001487,2025-01-14 05:52:07,MDB200,maduboom 200 ml,32000,Miri Jona,8909233268,Manado,2025-01-14 07:23:07,2025-01-14 16:23:07,2025-01-20 16:23:07,Returned,2
ORD001488,2025-01-14 11:32:04,MDB200,maduboom 200 ml,32000,Nomi Kafa,8698360315,Sidoarjo,2025-01-14 13:25:04,2025-01-15 20:25:04,,Processed,1
ORD001489,2025-02-18 03:28:25,MDB200,maduboom 200 ml,32000,Limo Zaza,8547464545,Cianjur,2025-02-18 05:38:25,2025-02-19 14:38:25,,Delivered,3
ORD001490,2025-02-22 14:18:50,MDB120,maduboom 120 ml,23000,Jomi Fami,8317037874,Mataram,2025-02-22 16:23:50,2025-02-23 20:23:50,,Delivered,1
ORD001491,2025-01-14 13:11:26,MDB120,maduboom 120 ml,23000,Noza Tino Baka,8108374570,Semarang,2025-01-14 14:49:26,2025-01-15 11:49:26,,Delivered,3
ORD001492,2025-02-11 21:08:49,VTM60,vitaman 60 ml,30000,Rafa Lifa Moba,8457139755,Maumere,2025-02-11 22:27:49,2025-02-12 07:27:49,,Processed,3
ORD001493,2025-01-04 17:39:19,VTMMD60,vitaman madu 60 ml,50000,Rara Ramo Liza,8876990087,Blitar,2025-01-04 19:42:19,2025-01-05 18:42:19,,On Delivery,3
ORD001494,2025-02-07 09:51:24,VTM60,vitaman 60 ml,30000,Noka Fajo Dira,8981119682,Subang,2025-02-07 12:42:24,2025-02-09 11:42:24,,Delivered,2
ORD001495,2025-01-15 07:08:26,VTMMD60,vitaman madu 60 ml,50000,Dino Tira Nara,8206158739,Banjarmasin,2025-01-15 10:01:26,2025-01-15 22:01:26,,Processed,1
ORD001496,2025-02-12 10:07:24,JDM,jelly drink madu,20000,Tino Zamo Joba,8880680463,Kudus,2025-02-12 11:28:24,2025-02-12 21:28:24,,Delivered,3
ORD001497,2025-02-12 22:44:37,MDB200,maduboom 200 ml,32000,Mojo Diza Mimo,8693176643,Bogor,2025-02-13 00:23:37,2025-02-14 22:23:37,,Delivered,3
ORD001498,2025-02-15 00:09:33,MDB120,maduboom 120 ml,23000,Miri Tidi,8255804750,Surabaya,2025-02-15 02:55:33,2025-02-16 02:55:33,,Processed,3
ORD001499,2025-01-27 10:04:17,MDB200,maduboom 200 ml,32000,Kali Nofa,8511033290,Manado,2025-01-27 12:36:17,2025-01-28 13:36:17,,Delivered,2
ORD001500,2025-02-23 02:07:23,VTM60,vitaman 60 ml,30000,Moka Rami Mora,8211235858,Malang,2025-02-23 03:27:23,2025-02-23 22:27:23,,Processed,1
ORD001501,2025-02-11 00:38:53,MDB200,maduboom 200 ml,32000,Riba Kali Fara,8157410745,Gresik,2025-02-11 02:16:53,2025-02-11 07:16:53,,Processed,1
ORD001502,2025-01-29 10:45:10,MDB120,maduboom 120 ml,23000,Dili Ramo Badi,8559518360,Subang,2025-01-29 13:38:10,2025-01-31 11:38:10,2025-02-02 11:38:10,Returned,2
ORD001503,2025-01-07 01:20:06,JDM,jelly drink madu,20000,Naka Mino,8883433493,Yogyakarta,2025-01-07 02:48:06,2025-01-09 00:48:06,,Delivered,2
ORD001504,2025-01-23 22:29:13,MDB200,maduboom 200 ml,32000,Saba Kano,8536535052,Bojonegoro,2025-01-24 00:14:13,2025-01-24 19:14:13,,On Delivery,3
ORD001505,2025-02-20 13:51:50,JDM,jelly drink madu,20000,Rimi Jomi,8462090476,Gianyar,2025-02-20 14:30:50,2025-02-20 23:30:50,,On Delivery,2
ORD001506,2025-01-07 19:23:49,VTMMD60,vitaman madu 60 ml,50000,Fana Tira,8837664829,Cirebon,2025-01-07 20:38:49,2025-01-08 11:38:49,,Delivered,3
ORD001507,2025-01-30 16:40:14,MDB120,maduboom 120 ml,23000,Momo Rano,8919416666,Kendari,2025-01-30 18:18:14,2025-01-31 14:18:14,,Processed,1
ORD001508,2025-01-29 05:17:08,VTMMD60,vitaman madu 60 ml,50000,Kadi Nano,8797964659,Pasuruan,2025-01-29 06:57:08,2025-01-30 06:57:08,,On Delivery,1
ORD001509,2025-02-07 08:50:03,MDB200,maduboom 200 ml,32000,Zaka Lidi,8237145117,Lamongan,2025-02-07 10:57:03,2025-02-07 15:57:03,,Delivered,2
ORD001510,2025-02-08 18:06:34,VTM60,vitaman 60 ml,30000,Zaka Fara,8814917262,Manado,2025-02-08 19:06:34,2025-02-09 04:06:34,,Processed,1
ORD001511,2025-02-15 09:35:06,JDM,jelly drink madu,20000,Mimi Namo,8354015626,Kupang,2025-02-15 11:53:06,2025-02-16 10:53:06,,On Delivery,3
ORD001512,2025-01-22 22:08:58,MDB200,maduboom 200 ml,32000,Zaka Nodi,8581293452,Depok,2025-01-23 00:09:58,2025-01-24 09:09:58,,On Delivery,2
ORD001513,2025-02-10 07:12:10,VTM60,vitaman 60 ml,30000,Riza Kaba Rina,8850813985,Lombok Barat,2025-02-10 08:47:10,2025-02-11 19:47:10,,Delivered,3
ORD001514,2025-02-03 09:12:45,MDB200,maduboom 200 ml,32000,Zami Zara,8961017195,Gianyar,2025-02-03 11:37:45,2025-02-04 12:37:45,,On Delivery,2
ORD001515,2025-01-06 09:40:49,MDB200,maduboom 200 ml,32000,Midi Kana Sati,8916374520,Jembrana,2025-01-06 12:16:49,2025-01-08 04:16:49,,On Delivery,3
ORD001516,2025-01-08 16:22:11,VTM60,vitaman 60 ml,30000,Zara Kana Mijo,8614974478,Bandar Lampung,2025-01-08 19:20:11,2025-01-09 17:20:11,,Processed,2
ORD001517,2025-01-03 20:05:55,MDB200,maduboom 200 ml,32000,Timo Zajo,8706454824,Kediri,2025-01-03 22:03:55,2025-01-04 16:03:55,,Processed,2
ORD001518,2025-02-16 15:14:43,VTMMD60,vitaman madu 60 ml,50000,Momo Rino Sano,8943425558,Karangasem,2025-02-16 16:09:43,2025-02-17 14:09:43,,On Delivery,2
ORD001519,2025-01-18 16:51:58,MDB200,maduboom 200 ml,32000,Titi Dimi Bali,8648223996,Karawang,2025-01-18 18:57:58,2025-01-19 16:57:58,,Delivered,2
ORD001520,2025-01-26 23:56:51,MDB120,maduboom 120 ml,23000,Saba Baza Jono,8126046322,Samarinda,2025-01-27 00:46:51,2025-01-27 06:46:51,,On Delivery,3
ORD001521,2025-02-08 20:51:55,VTMMD60,vitaman madu 60 ml,50000,Baza Riri,8218608147,Medan,2025-02-08 21:23:55,2025-02-09 23:23:55,,Delivered,1
ORD001522,2025-01-23 01:31:22,MDB200,maduboom 200 ml,32000,Nosa Kara,8656719967,Jepara,2025-01-23 02:04:22,2025-01-23 10:04:22,,Processed,1
ORD001523,2025-01-06 00:10:23,MDB120,maduboom 120 ml,23000,Mono Momi Zali,8888153933,Indramayu,2025-01-06 01:55:23,2025-01-07 04:55:23,,Processed,3
ORD001524,2025-02-11 01:29:21,MDB120,maduboom 120 ml,23000,Diri Mofa Diri,8946468030,Lamongan,2025-02-11 02:52:21,2025-02-12 21:52:21,,Processed,3
ORD001525,2025-01-13 06:34:54,JDM,jelly drink madu,20000,Kasa Lisa,8823213019,Gianyar,2025-01-13 07:38:54,2025-01-15 00:38:54,,On Delivery,3
ORD001526,2025-02-20 21:24:10,MDB120,maduboom 120 ml,23000,Risa Lira,8308872421,Bandung,2025-02-20 22:04:10,2025-02-22 02:04:10,,On Delivery,1
ORD001527,2025-02-28 04:54:08,VTMMD60,vitaman madu 60 ml,50000,Liba Baza,8543878919,Bojonegoro,2025-02-28 06:21:08,2025-03-01 12:21:08,,Delivered,3
ORD001528,2025-02-19 15:39:44,VTMMD60,vitaman madu 60 ml,50000,Nara Fajo Najo,8871645684,Banyuwangi,2025-02-19 17:01:44,2025-02-21 11:01:44,,On Delivery,3
ORD001529,2025-02-16 02:21:03,JDM,jelly drink madu,20000,Tiza Tisa,8758137091,Tuban,2025-02-16 02:54:03,2025-02-16 12:54:03,,Processed,2
ORD001530,2025-02-27 18:51:22,MDB120,maduboom 120 ml,23000,Dino Rika Tika,8682314090,Subang,2025-02-27 20:21:22,2025-02-28 03:21:22,,On Delivery,3
ORD001531,2025-01-22 15:42:37,MDB120,maduboom 120 ml,23000,Nona Liri Disa,8254165400,Cianjur,2025-01-22 17:42:37,2025-01-24 01:42:37,,On Delivery,3
ORD001532,2025-02-17 09:27:53,VTM60,vitaman 60 ml,30000,Jona Bati,8842819312,Jakarta,2025-02-17 10:39:53,2025-02-18 16:39:53,,Processed,1
ORD001533,2025-01-08 23:56:20,MDB200,maduboom 200 ml,32000,Nana Zari Tiza,8246321197,Tabanan,2025-01-09 01:14:20,2025-01-09 11:14:20,2025-01-12 11:14:20,Returned,1
ORD001534,2025-02-06 15:03:45,VTM60,vitaman 60 ml,30000,Mosa Nadi Jomo,8265805895,Cianjur,2025-02-06 18:03:45,2025-02-07 17:03:45,,Delivered,1
ORD001535,2025-01-05 16:26:31,JDM,jelly drink madu,20000,Diri Rara Joba,8876121437,Manado,2025-01-05 19:14:31,2025-01-06 12:14:31,,Processed,2
ORD001536,2025-01-09 12:28:50,VTM60,vitaman 60 ml,30000,Kajo Miri Tili,8780119203,Karawang,2025-01-09 15:07:50,2025-01-10 05:07:50,,Delivered,2
ORD001537,2025-02-14 08:19:32,MDB120,maduboom 120 ml,23000,Zamo Dili,8317462844,Serang,2025-02-14 10:21:32,2025-02-15 01:21:32,,On Delivery,1
ORD001538,2025-02-15 05:40:59,JDM,jelly drink madu,20000,Ridi Riri,8932779053,Surabaya,2025-02-15 08:17:59,2025-02-16 04:17:59,,Delivered,2
ORD001539,2025-01-30 06:57:09,VTMMD60,vitaman madu 60 ml,50000,Moli Rijo,8720093412,Manado,2025-01-30 07:28:09,2025-01-31 03:28:09,,Processed,3
ORD001540,2025-02-17 18:45:33,MDB200,maduboom 200 ml,32000,Sati Diza,8611583820,Cirebon,2025-02-17 21:17:33,2025-02-18 20:17:33,,On Delivery,1
ORD001541,2025-02-10 07:51:43,VTM60,vitaman 60 ml,30000,Nosa Zano Miza,8693881908,Singaraja,2025-02-10 09:29:43,2025-02-11 00:29:43,,Delivered,3
ORD001542,2025-02-14 23:24:25,VTM60,vitaman 60 ml,30000,Kali Jori,8292037443,Medan,2025-02-15 01:10:25,2025-02-16 02:10:25,,Delivered,3
ORD001543,2025-02-27 16:15:48,MDB200,maduboom 200 ml,32000,Lidi Fafa Difa,8549347261,Probolinggo,2025-02-27 18:21:48,2025-02-28 18:21:48,2025-03-04 18:21:48,Returned,3
ORD001544,2025-01-10 22:22:20,MDB120,maduboom 120 ml,23000,Jono Fana Sari,8770297671,Batam,2025-01-11 01:05:20,2025-01-12 05:05:20,,Processed,3
ORD001545,2025-02-19 20:46:37,MDB200,maduboom 200 ml,32000,Josa Noti,8209987995,Ngawi,2025-02-19 22:57:37,2025-02-20 21:57:37,,On Delivery,3
ORD001546,2025-01-15 10:30:09,MDB200,maduboom 200 ml,32000,Fana Jomi Mifa,8565583322,Serang,2025-01-15 12:26:09,2025-01-17 01:26:09,,Delivered,3
ORD001547,2025-01-02 16:26:34,JDM,jelly drink madu,20000,Liza Naba,8407695652,Ternate,2025-01-02 19:17:34,2025-01-04 18:17:34,,Delivered,3
ORD001548,2025-01-04 17:46:32,MDB120,maduboom 120 ml,23000,Jomo Fara,8462167195,Purwokerto,2025-01-04 19:56:32,2025-01-06 06:56:32,,Delivered,3
ORD001549,2025-02-27 20:18:58,VTM60,vitaman 60 ml,30000,Limi Zali,8511712647,Lombok Barat,2025-02-27 21:12:58,2025-02-28 21:12:58,,Delivered,2
ORD001550,2025-01-26 02:26:31,MDB200,maduboom 200 ml,32000,Nara Kari,8844448649,Ambon,2025-01-26 03:56:31,2025-01-26 20:56:31,,Delivered,2
ORD001551,2025-02-02 15:58:44,JDM,jelly drink madu,20000,Momo Naba,8319877550,Pontianak,2025-02-02 18:38:44,2025-02-04 05:38:44,,Processed,3
ORD001552,2025-01-13 04:56:33,MDB200,maduboom 200 ml,32000,Misa Noti Liza,8220079360,Bojonegoro,2025-01-13 06:27:33,2025-01-14 11:27:33,,Delivered,3
ORD001553,2025-01-14 00:29:12,VTMMD60,vitaman madu 60 ml,50000,Diza Lili,8569766172,Pekanbaru,2025-01-14 02:56:12,2025-01-15 07:56:12,2025-01-22 07:56:12,Returned,2
ORD001554,2025-02-21 03:42:24,JDM,jelly drink madu,20000,Dimo Rili Famo,8433375538,Garut,2025-02-21 04:56:24,2025-02-21 09:56:24,,On Delivery,1
ORD001555,2025-01-26 06:17:58,VTMMD60,vitaman madu 60 ml,50000,Safa Riri,8118061278,Padang,2025-01-26 07:35:58,2025-01-27 14:35:58,,Processed,1
ORD001556,2025-02-03 09:37:18,JDM,jelly drink madu,20000,Timo Namo,8679384461,Bangli,2025-02-03 10:44:18,2025-02-05 01:44:18,,Delivered,3
ORD001557,2025-02-11 23:04:05,MDB200,maduboom 200 ml,32000,Nomo Jora,8542045338,Sumedang,2025-02-12 00:36:05,2025-02-13 09:36:05,,On Delivery,1
ORD001558,2025-02-11 18:47:53,MDB120,maduboom 120 ml,23000,Mofa Lisa Noba,8453767416,Ende,2025-02-11 21:33:53,2025-02-12 07:33:53,,Processed,3
ORD001559,2025-01-31 23:44:16,VTMMD60,vitaman madu 60 ml,50000,Diri Tili Midi,8310447870,Cirebon,2025-02-01 00:21:16,2025-02-01 14:21:16,,Processed,1
ORD001560,2025-02-10 06:41:35,JDM,jelly drink madu,20000,Tijo Fajo,8106639420,Karangasem,2025-02-10 08:00:35,2025-02-12 04:00:35,,On Delivery,3
ORD001561,2025-02-23 16:24:12,VTM60,vitaman 60 ml,30000,Jofa Dimo Ramo,8888305598,Lombok Barat,2025-02-23 18:26:12,2025-02-24 06:26:12,,Processed,1
ORD001562,2025-02-01 20:50:21,MDB200,maduboom 200 ml,32000,Jona Dika Saka,8256663522,Lombok Timur,2025-02-01 23:36:21,2025-02-03 15:36:21,,Delivered,3
ORD001563,2025-02-22 17:35:36,VTM60,vitaman 60 ml,30000,Fano Disa Zaka,8270648774,Banyuwangi,2025-02-22 18:47:36,2025-02-23 16:47:36,,Processed,1
ORD001564,2025-01-14 08:02:52,MDB200,maduboom 200 ml,32000,Sari Liba,8407117131,Pekanbaru,2025-01-14 10:48:52,2025-01-15 13:48:52,,On Delivery,2
ORD001565,2025-02-22 20:14:09,VTMMD60,vitaman madu 60 ml,50000,Nasa Rara Rasa,8351905923,Kediri,2025-02-22 20:45:09,2025-02-24 09:45:09,,On Delivery,2
ORD001566,2025-02-16 00:38:05,MDB200,maduboom 200 ml,32000,Miri Riza Saka,8555329636,Pontianak,2025-02-16 02:33:05,2025-02-16 16:33:05,,Delivered,2
ORD001567,2025-02-01 07:57:50,MDB200,maduboom 200 ml,32000,Noza Tiza,8416284179,Ambon,2025-02-01 10:48:50,2025-02-02 11:48:50,,Delivered,2
ORD001568,2025-01-04 16:26:29,MDB200,maduboom 200 ml,32000,Saka Tiri Tili,8117307487,Sukabumi,2025-01-04 19:18:29,2025-01-06 04:18:29,2025-01-11 04:18:29,Returned,3
ORD001569,2025-01-27 16:40:22,MDB200,maduboom 200 ml,32000,Kara Zaza Samo,8933229538,Jembrana,2025-01-27 19:40:22,2025-01-28 10:40:22,,Processed,3
ORD001570,2025-01-30 10:53:52,VTM60,vitaman 60 ml,30000,Zara Rijo,8135859107,Banjarbaru,2025-01-30 11:45:52,2025-01-30 23:45:52,,Processed,1
ORD001571,2025-01-30 15:16:12,MDB200,maduboom 200 ml,32000,Rami Rino Baba,8278618122,Bogor,2025-01-30 16:12:12,2025-02-01 14:12:12,,Processed,3
ORD001572,2025-02-15 03:47:14,JDM,jelly drink madu,20000,Rali Kafa,8186780537,Bekasi,2025-02-15 04:52:14,2025-02-15 18:52:14,,On Delivery,3
ORD001573,2025-01-04 09:36:33,JDM,jelly drink madu,20000,Tijo Dino,8215767696,Pekanbaru,2025-01-04 10:31:33,2025-01-05 10:31:33,2025-01-09 10:31:33,Returned,3
ORD001574,2025-02-06 10:21:30,VTMMD60,vitaman madu 60 ml,50000,Titi Basa,8275080672,Karawang,2025-02-06 12:30:30,2025-02-07 11:30:30,,On Delivery,2
ORD001575,2025-02-08 09:02:47,MDB120,maduboom 120 ml,23000,Sano Riri,8843927400,Ambon,2025-02-08 09:36:47,2025-02-09 10:36:47,,On Delivery,2
ORD001576,2025-01-05 08:32:32,VTMMD60,vitaman madu 60 ml,50000,Mofa Moka,8186093289,Tangerang,2025-01-05 09:35:32,2025-01-07 06:35:32,,Delivered,2
ORD001577,2025-01-16 13:10:53,VTM60,vitaman 60 ml,30000,Miza Moka Limo,8133453866,Bengkulu,2025-01-16 15:15:53,2025-01-18 09:15:53,,Delivered,1
ORD001578,2025-02-03 21:02:29,MDB200,maduboom 200 ml,32000,Jojo Bali Kati,8557023219,Ambon,2025-02-03 22:47:29,2025-02-05 07:47:29,,Processed,1
ORD001579,2025-02-07 23:49:28,MDB200,maduboom 200 ml,32000,Nati Jodi,8352880997,Tabanan,2025-02-08 01:19:28,2025-02-09 20:19:28,,On Delivery,2
ORD001580,2025-01-21 19:49:17,MDB200,maduboom 200 ml,32000,Sadi Tili,8984039074,Banjarbaru,2025-01-21 22:07:17,2025-01-23 16:07:17,,Delivered,1
ORD001581,2025-02-28 03:46:23,MDB120,maduboom 120 ml,23000,Risa Lina,8404800871,Tuban,2025-02-28 06:10:23,2025-03-01 08:10:23,,Processed,3
ORD001582,2025-01-26 19:34:32,MDB120,maduboom 120 ml,23000,Kaza Jona,8174811341,Garut,2025-01-26 21:56:32,2025-01-28 12:56:32,,Delivered,2
ORD001583,2025-02-01 04:17:27,JDM,jelly drink madu,20000,Joka Dika,8512069816,Surabaya,2025-02-01 06:14:27,2025-02-02 08:14:27,,On Delivery,3
ORD001584,2025-02-13 11:30:44,MDB120,maduboom 120 ml,23000,Lira Safa Diza,8251907156,Ngawi,2025-02-13 12:50:44,2025-02-14 19:50:44,,Delivered,3
ORD001585,2025-01-11 06:26:27,MDB120,maduboom 120 ml,23000,Dili Baba,8616445183,Jepara,2025-01-11 07:31:27,2025-01-12 18:31:27,,Delivered,2
ORD001586,2025-01-05 06:52:45,VTMMD60,vitaman madu 60 ml,50000,Jojo Miba,8725351869,Bogor,2025-01-05 07:58:45,2025-01-06 00:58:45,2025-01-11 00:58:45,Returned,1
ORD001587,2025-01-19 11:27:46,VTM60,vitaman 60 ml,30000,Liza Fasa Dimo,8359205612,Gorontalo,2025-01-19 12:26:46,2025-01-19 17:26:46,,On Delivery,3
ORD001588,2025-01-13 06:47:06,JDM,jelly drink madu,20000,Fari Kari Moba,8216148903,Palu,2025-01-13 07:44:06,2025-01-15 01:44:06,,On Delivery,1
ORD001589,2025-01-08 13:33:09,MDB120,maduboom 120 ml,23000,Mora Momi Tifa,8550437403,Mataram,2025-01-08 14:11:09,2025-01-10 03:11:09,,Delivered,1
ORD001590,2025-01-02 06:48:18,MDB120,maduboom 120 ml,23000,Diba Moti Tina,8354133390,Ngawi,2025-01-02 07:37:18,2025-01-03 14:37:18,,Delivered,3
ORD001591,2025-02-03 21:43:19,VTMMD60,vitaman madu 60 ml,50000,Sari Zari,8163894715,Batam,2025-02-03 22:16:19,2025-02-04 21:16:19,2025-02-08 21:16:19,Returned,2
ORD001592,2025-01-27 10:41:13,VTM60,vitaman 60 ml,30000,Tiba Badi Basa,8134706845,Jembrana,2025-01-27 11:57:13,2025-01-29 01:57:13,,On Delivery,3
ORD001593,2025-02-24 08:40:21,MDB200,maduboom 200 ml,32000,Mora Nasa Jori,8640313857,Pekanbaru,2025-02-24 09:25:21,2025-02-26 05:25:21,,On Delivery,3
ORD001594,2025-02-10 21:23:45,JDM,jelly drink madu,20000,Zali Rimo Jojo,8837288337,Jepara,2025-02-10 22:07:45,2025-02-12 16:07:45,,Delivered,3
ORD001595,2025-02-19 17:04:23,VTMMD60,vitaman madu 60 ml,50000,Diza Mosa,8234740059,Lombok Timur,2025-02-19 17:44:23,2025-02-20 22:44:23,,Processed,2
ORD001596,2025-01-25 11:07:29,MDB200,maduboom 200 ml,32000,Tifa Saza,8186225130,Kupang,2025-01-25 11:55:29,2025-01-26 18:55:29,,Processed,1
ORD001597,2025-01-14 13:06:03,VTM60,vitaman 60 ml,30000,Miba Jomo,8573439146,Bogor,2025-01-14 15:47:03,2025-01-15 15:47:03,,Delivered,3
ORD001598,2025-01-14 19:27:09,VTM60,vitaman 60 ml,30000,Miba Zari Tina,8121911668,Bandar Lampung,2025-01-14 21:53:09,2025-01-16 12:53:09,2025-01-19 12:53:09,Returned,2
ORD001599,2025-01-16 14:34:22,JDM,jelly drink madu,20000,Nadi Rino,8770142665,Denpasar,2025-01-16 16:02:22,2025-01-16 23:02:22,,Delivered,3
ORD001600,2025-02-14 05:30:08,MDB120,maduboom 120 ml,23000,Nadi Sami Fadi,8246666012,Subang,2025-02-14 08:28:08,2025-02-15 01:28:08,,Delivered,3
ORD001601,2025-02-22 06:38:00,MDB120,maduboom 120 ml,23000,Nojo Kara,8654197286,Gorontalo,2025-02-22 07:32:00,2025-02-23 04:32:00,,Delivered,1
ORD001602,2025-01-14 12:08:36,JDM,jelly drink madu,20000,Moti Mofa,8619603516,Cikarang,2025-01-14 13:34:36,2025-01-16 09:34:36,,Delivered,1
ORD001603,2025-02-02 02:59:11,VTMMD60,vitaman madu 60 ml,50000,Mono Rali Bamo,8233811108,Surabaya,2025-02-02 05:27:11,2025-02-03 15:27:11,,On Delivery,2
ORD001604,2025-01-17 19:13:21,VTMMD60,vitaman madu 60 ml,50000,Naza Mino Lira,8921514202,Maumere,2025-01-17 21:08:21,2025-01-19 03:08:21,,On Delivery,2
ORD001605,2025-01-08 15:32:43,MDB120,maduboom 120 ml,23000,Fati Riba,8680821419,Kupang,2025-01-08 16:41:43,2025-01-09 07:41:43,,Delivered,3
ORD001606,2025-01-14 19:37:39,VTMMD60,vitaman madu 60 ml,50000,Kana Momi,8670450046,Tasikmalaya,2025-01-14 22:27:39,2025-01-15 14:27:39,,On Delivery,1
ORD001607,2025-01-25 19:34:52,JDM,jelly drink madu,20000,Kaka Rafa Lino,8677247589,Malang,2025-01-25 22:01:52,2025-01-26 10:01:52,,Processed,2
ORD001608,2025-01-24 13:57:34,VTMMD60,vitaman madu 60 ml,50000,Rasa Kadi,8427187667,Tegal,2025-01-24 14:57:34,2025-01-25 17:57:34,,On Delivery,2
ORD001609,2025-02-02 11:30:16,VTMMD60,vitaman madu 60 ml,50000,Naka Faka Timo,8721027139,Balikpapan,2025-02-02 13:23:16,2025-02-02 23:23:16,,Processed,2
ORD001610,2025-01-04 10:01:16,JDM,jelly drink madu,20000,Fara Raka,8150288019,Gorontalo,2025-01-04 12:27:16,2025-01-06 12:27:16,,On Delivery,3
ORD001611,2025-02-07 07:42:50,VTM60,vitaman 60 ml,30000,Rami Bajo Rino,8973663801,Kediri,2025-02-07 08:14:50,2025-02-08 01:14:50,,On Delivery,3
ORD001612,2025-02-04 22:34:52,JDM,jelly drink madu,20000,Rami Risa,8893602725,Kudus,2025-02-05 00:56:52,2025-02-07 00:56:52,,On Delivery,1
ORD001613,2025-01-22 07:11:10,JDM,jelly drink madu,20000,Sami Momo Mofa,8135076582,Kendari,2025-01-22 08:06:10,2025-01-23 22:06:10,,Delivered,2
ORD001614,2025-01-21 23:59:26,JDM,jelly drink madu,20000,Naka Noza,8793345611,Indramayu,2025-01-22 01:44:26,2025-01-23 05:44:26,,Processed,3
ORD001615,2025-01-17 13:39:24,VTM60,vitaman 60 ml,30000,Jofa Zana Rino,8566738324,Subang,2025-01-17 14:45:24,2025-01-18 05:45:24,,Delivered,3
ORD001616,2025-02-18 03:23:44,VTMMD60,vitaman madu 60 ml,50000,Tiza Rimo Mifa,8480518798,Yogyakarta,2025-02-18 04:25:44,2025-02-19 20:25:44,,On Delivery,1
ORD001617,2025-01-31 12:56:24,JDM,jelly drink madu,20000,Riba Joza Najo,8572971513,Banjarmasin,2025-01-31 14:22:24,2025-01-31 23:22:24,,Delivered,3
ORD001618,2025-01-14 11:54:40,VTMMD60,vitaman madu 60 ml,50000,Riti Saka,8902773804,Madiun,2025-01-14 13:23:40,2025-01-15 16:23:40,,Processed,2
ORD001619,2025-01-17 09:48:46,VTMMD60,vitaman madu 60 ml,50000,Zami Fadi,8734272586,Situbondo,2025-01-17 11:19:46,2025-01-18 03:19:46,,Processed,3
ORD001620,2025-01-31 10:57:57,MDB120,maduboom 120 ml,23000,Noba Rili,8995749842,Purwakarta,2025-01-31 13:27:57,2025-02-01 08:27:57,,Processed,1
ORD001621,2025-02-10 05:01:58,MDB120,maduboom 120 ml,23000,Kasa Raza Diri,8326521489,Tasikmalaya,2025-02-10 06:34:58,2025-02-11 12:34:58,,On Delivery,2
ORD001622,2025-01-04 23:36:24,MDB120,maduboom 120 ml,23000,Diza Saba,8623715042,Ngawi,2025-01-05 02:25:24,2025-01-06 00:25:24,,Delivered,3
ORD001623,2025-02-14 07:04:57,JDM,jelly drink madu,20000,Miti Momi Baza,8221987829,Cikarang,2025-02-14 09:35:57,2025-02-15 11:35:57,,Delivered,3
ORD001624,2025-02-05 05:24:46,VTM60,vitaman 60 ml,30000,Jona Nami,8861619489,Pontianak,2025-02-05 07:08:46,2025-02-06 06:08:46,,Delivered,3
ORD001625,2025-02-27 23:48:24,JDM,jelly drink madu,20000,Riti Sali,8729947624,Sorong,2025-02-28 00:53:24,2025-02-28 06:53:24,,Processed,1
ORD001626,2025-01-22 12:40:50,VTMMD60,vitaman madu 60 ml,50000,Lidi Nali Miza,8192056733,Kediri,2025-01-22 13:12:50,2025-01-23 08:12:50,,Processed,2
ORD001627,2025-01-26 01:28:49,VTM60,vitaman 60 ml,30000,Rifa Nasa,8345562207,Depok,2025-01-26 02:51:49,2025-01-27 04:51:49,,Processed,1
ORD001628,2025-01-23 17:31:29,VTMMD60,vitaman madu 60 ml,50000,Momi Noka,8160752849,Palembang,2025-01-23 19:46:29,2025-01-25 18:46:29,,On Delivery,2
ORD001629,2025-01-29 06:35:26,MDB120,maduboom 120 ml,23000,Raza Fano,8561812390,Karawang,2025-01-29 09:34:26,2025-01-30 07:34:26,,On Delivery,3
ORD001630,2025-02-08 21:01:54,MDB200,maduboom 200 ml,32000,Famo Miba,8748379008,Blitar,2025-02-08 23:28:54,2025-02-09 17:28:54,,Delivered,3
ORD001631,2025-01-19 01:56:48,JDM,jelly drink madu,20000,Lili Bano Lina,8172490987,Tuban,2025-01-19 03:05:48,2025-01-19 08:05:48,,Processed,2
ORD001632,2025-01-07 16:01:23,JDM,jelly drink madu,20000,Rana Nadi,8389610220,Tasikmalaya,2025-01-07 16:42:23,2025-01-08 18:42:23,2025-01-13 18:42:23,Returned,3
ORD001633,2025-02-15 21:41:28,MDB200,maduboom 200 ml,32000,Rati Basa Risa,8138103265,Lombok Barat,2025-02-16 00:32:28,2025-02-17 10:32:28,,On Delivery,1
ORD001634,2025-01-22 18:36:36,JDM,jelly drink madu,20000,Samo Kali Liti,8279398280,Ende,2025-01-22 19:34:36,2025-01-24 02:34:36,,On Delivery,1
ORD001635,2025-01-06 12:21:47,VTMMD60,vitaman madu 60 ml,50000,Fafa Faka Liza,8312328026,Yogyakarta,2025-01-06 13:38:47,2025-01-07 10:38:47,,Processed,3
ORD001636,2025-01-25 04:32:42,VTM60,vitaman 60 ml,30000,Didi Nami Tiba,8304813997,Kendari,2025-01-25 06:22:42,2025-01-26 20:22:42,,On Delivery,2
ORD001637,2025-01-17 00:14:28,VTMMD60,vitaman madu 60 ml,50000,Sari Lina,8120105425,Ponorogo,2025-01-17 01:17:28,2025-01-18 12:17:28,,Processed,2
ORD001638,2025-02-04 08:16:55,JDM,jelly drink madu,20000,Faka Zadi,8764793696,Bekasi,2025-02-04 10:37:55,2025-02-06 00:37:55,,On Delivery,2
ORD001639,2025-02-17 02:28:30,JDM,jelly drink madu,20000,Fadi Baka Miti,8961232355,Depok,2025-02-17 04:51:30,2025-02-18 05:51:30,,Processed,1
ORD001640,2025-02-19 12:27:29,JDM,jelly drink madu,20000,Rari Rijo,8378113686,Boyolali,2025-02-19 13:57:29,2025-02-20 20:57:29,,On Delivery,3
ORD001641,2025-01-21 18:19:03,VTM60,vitaman 60 ml,30000,Sami Mora,8807257293,Kudus,2025-01-21 20:35:03,2025-01-22 20:35:03,,Processed,1
ORD001642,2025-02-04 03:34:39,MDB200,maduboom 200 ml,32000,Nora Nori Jojo,8522533305,Bogor,2025-02-04 05:44:39,2025-02-04 22:44:39,2025-02-08 22:44:39,Returned,2
ORD001643,2025-01-19 19:14:36,MDB120,maduboom 120 ml,23000,Mira Raba Nodi,8568828039,Denpasar,2025-01-19 19:51:36,2025-01-20 17:51:36,,Processed,3
ORD001644,2025-01-01 04:13:07,VTM60,vitaman 60 ml,30000,Mimi Naka Mosa,8390552217,Cirebon,2025-01-01 06:00:07,2025-01-02 07:00:07,,Processed,2
ORD001645,2025-02-17 22:47:44,MDB120,maduboom 120 ml,23000,Saba Naza Baza,8182436510,Ambon,2025-02-18 01:01:44,2025-02-19 02:01:44,,Processed,1
ORD001646,2025-01-06 16:29:22,MDB120,maduboom 120 ml,23000,Rijo Noli,8137517207,Banjarbaru,2025-01-06 18:58:22,2025-01-08 18:58:22,,Processed,2
ORD001647,2025-01-08 08:06:31,JDM,jelly drink madu,20000,Tili Kami Raka,8635689968,Gresik,2025-01-08 09:14:31,2025-01-10 08:14:31,,On Delivery,2
ORD001648,2025-01-25 11:07:48,VTMMD60,vitaman madu 60 ml,50000,Kami Josa,8938123493,Lombok Barat,2025-01-25 13:18:48,2025-01-27 09:18:48,,On Delivery,1
ORD001649,2025-02-24 18:18:55,MDB200,maduboom 200 ml,32000,Joti Kati,8735894118,Pekanbaru,2025-02-24 19:35:55,2025-02-26 03:35:55,,On Delivery,3
ORD001650,2025-01-10 15:05:30,MDB120,maduboom 120 ml,23000,Naka Naza Titi,8564849640,Pontianak,2025-01-10 16:57:30,2025-01-10 23:57:30,,Processed,1
ORD001651,2025-01-06 00:49:26,JDM,jelly drink madu,20000,Kajo Kano,8368265834,Sumedang,2025-01-06 01:46:26,2025-01-07 20:46:26,,On Delivery,3
ORD001652,2025-01-21 18:24:03,JDM,jelly drink madu,20000,Rasa Tijo Zaba,8293419009,Makassar,2025-01-21 19:11:03,2025-01-22 00:11:03,,On Delivery,2
ORD001653,2025-02-11 18:54:27,JDM,jelly drink madu,20000,Mika Sadi Fafa,8925301900,Jakarta,2025-02-11 20:14:27,2025-02-12 13:14:27,,Processed,2
ORD001654,2025-01-31 08:20:51,VTM60,vitaman 60 ml,30000,Zali Diti,8697153636,Cirebon,2025-01-31 10:15:51,2025-02-01 04:15:51,,Delivered,1
ORD001655,2025-02-22 22:04:52,VTM60,vitaman 60 ml,30000,Tiba Rino,8194903921,Buleleng,2025-02-23 00:57:52,2025-02-24 01:57:52,,Delivered,2
ORD001656,2025-02-24 19:10:59,VTM60,vitaman 60 ml,30000,Najo Jono Tiri,8920570208,Cianjur,2025-02-24 20:18:59,2025-02-26 13:18:59,,On Delivery,2
ORD001657,2025-01-09 07:49:57,VTM60,vitaman 60 ml,30000,Zafa Sara Nari,8172805469,Jepara,2025-01-09 08:44:57,2025-01-09 18:44:57,,On Delivery,2
ORD001658,2025-02-07 10:14:12,VTMMD60,vitaman madu 60 ml,50000,Badi Titi Nodi,8436835125,Denpasar,2025-02-07 11:40:12,2025-02-08 21:40:12,2025-02-10 21:40:12,Returned,1
ORD001659,2025-01-17 03:48:31,MDB200,maduboom 200 ml,32000,Fadi Bali,8966961867,Jepara,2025-01-17 06:44:31,2025-01-18 16:44:31,,On Delivery,3
ORD001660,2025-01-03 07:06:02,MDB200,maduboom 200 ml,32000,Risa Fadi,8737750571,Pasuruan,2025-01-03 09:09:02,2025-01-04 18:09:02,,Delivered,2
ORD001661,2025-02-04 05:38:57,VTM60,vitaman 60 ml,30000,Mofa Moza Tiri,8718784399,Makassar,2025-02-04 07:27:57,2025-02-04 12:27:57,,Delivered,2
ORD001662,2025-02-22 04:31:59,MDB200,maduboom 200 ml,32000,Fano Momo,8769848301,Purwokerto,2025-02-22 05:14:59,2025-02-23 19:14:59,,Processed,2
ORD001663,2025-02-01 12:25:27,VTM60,vitaman 60 ml,30000,Bara Naka,8200368934,Jakarta,2025-02-01 13:04:27,2025-02-02 15:04:27,,On Delivery,3
ORD001664,2025-01-01 07:07:06,VTMMD60,vitaman madu 60 ml,50000,Jona Nali Didi,8524699445,Sukabumi,2025-01-01 09:58:06,2025-01-03 07:58:06,,On Delivery,1
ORD001665,2025-02-03 05:55:43,MDB120,maduboom 120 ml,23000,Nasa Samo,8696480961,Semarang,2025-02-03 08:45:43,2025-02-04 07:45:43,,Processed,2
ORD001666,2025-01-18 00:53:52,JDM,jelly drink madu,20000,Mori Lidi Mimi,8812738053,Makassar,2025-01-18 02:47:52,2025-01-18 10:47:52,,Processed,1
ORD001667,2025-01-30 15:33:02,VTM60,vitaman 60 ml,30000,Ramo Namo Rimo,8283804333,Bandung,2025-01-30 17:47:02,2025-01-31 16:47:02,,Delivered,2
ORD001668,2025-02-12 08:45:44,VTM60,vitaman 60 ml,30000,Jono Misa Diti,8424913957,Indramayu,2025-02-12 10:39:44,2025-02-12 17:39:44,,Delivered,3
ORD001669,2025-01-02 09:16:26,VTM60,vitaman 60 ml,30000,Faba Miti,8271978632,Ambon,2025-01-02 10:41:26,2025-01-03 18:41:26,,On Delivery,1
ORD001670,2025-01-16 22:04:29,MDB200,maduboom 200 ml,32000,Saka Tijo Diba,8342659864,Pontianak,2025-01-16 22:35:29,2025-01-17 16:35:29,,Delivered,1
ORD001671,2025-01-23 14:38:59,JDM,jelly drink madu,20000,Kaka Zano,8691321799,Boyolali,2025-01-23 16:56:59,2025-01-24 02:56:59,,On Delivery,1
ORD001672,2025-01-16 02:02:10,JDM,jelly drink madu,20000,Difa Rafa Nasa,8161667431,Singkawang,2025-01-16 03:01:10,2025-01-18 00:01:10,,Delivered,1
ORD001673,2025-01-16 07:30:55,MDB120,maduboom 120 ml,23000,Risa Rara,8251620461,Sidoarjo,2025-01-16 09:40:55,2025-01-17 05:40:55,2025-01-23 05:40:55,Returned,2
ORD001674,2025-02-05 04:58:38,VTM60,vitaman 60 ml,30000,Kati Momo Dika,8528291400,Tuban,2025-02-05 06:19:38,2025-02-07 04:19:38,,Processed,3
ORD001675,2025-02-20 13:14:30,VTMMD60,vitaman madu 60 ml,50000,Ramo Lisa,8848876565,Bandung,2025-02-20 15:58:30,2025-02-22 10:58:30,,Delivered,1
ORD001676,2025-01-03 09:29:43,MDB200,maduboom 200 ml,32000,Riri Dino Mijo,8902951052,Bekasi,2025-01-03 10:10:43,2025-01-04 21:10:43,,Delivered,3
ORD001677,2025-02-09 12:01:18,MDB200,maduboom 200 ml,32000,Nono Zamo,8649539904,Yogyakarta,2025-02-09 13:50:18,2025-02-10 03:50:18,,On Delivery,2
ORD001678,2025-01-01 22:08:35,VTMMD60,vitaman madu 60 ml,50000,Raka Nofa Naza,8102701970,Lombok Barat,2025-01-01 23:55:35,2025-01-02 15:55:35,,On Delivery,3
ORD001679,2025-01-14 22:15:28,MDB120,maduboom 120 ml,23000,Tijo Moza Faza,8824606895,Cianjur,2025-01-15 00:01:28,2025-01-15 23:01:28,,On Delivery,1
ORD001680,2025-01-24 09:50:05,MDB200,maduboom 200 ml,32000,Limi Noba,8730167617,Tasikmalaya,2025-01-24 12:06:05,2025-01-25 04:06:05,,Delivered,3
ORD001681,2025-01-20 19:43:49,VTM60,vitaman 60 ml,30000,Kaba Zaka,8326660496,Kediri,2025-01-20 22:16:49,2025-01-21 10:16:49,,Processed,2
ORD001682,2025-02-05 07:26:35,MDB120,maduboom 120 ml,23000,Rijo Rika Rifa,8222210796,Malang,2025-02-05 09:22:35,2025-02-06 07:22:35,,Delivered,1
ORD001683,2025-02-05 08:56:45,VTM60,vitaman 60 ml,30000,Riri Zali,8931218952,Pekanbaru,2025-02-05 10:30:45,2025-02-06 17:30:45,,Delivered,1
ORD001684,2025-01-27 06:08:54,MDB120,maduboom 120 ml,23000,Bamo Kasa,8932431314,Lombok Barat,2025-01-27 08:16:54,2025-01-29 01:16:54,,On Delivery,1
ORD001685,2025-01-31 09:04:59,MDB120,maduboom 120 ml,23000,Diti Josa,8557694481,Palangkaraya,2025-01-31 10:05:59,2025-02-01 14:05:59,,Processed,1
ORD001686,2025-02-21 15:34:19,MDB120,maduboom 120 ml,23000,Nafa Tika Tiri,8969477946,Cianjur,2025-02-21 16:28:19,2025-02-21 21:28:19,2025-02-25 21:28:19,Returned,3
ORD001687,2025-01-30 13:29:11,MDB120,maduboom 120 ml,23000,Rimi Mino Jomo,8925497284,Bandar Lampung,2025-01-30 15:34:11,2025-01-30 23:34:11,2025-02-05 23:34:11,Returned,2
ORD001688,2025-02-14 04:09:13,VTM60,vitaman 60 ml,30000,Kana Rano,8663631834,Bojonegoro,2025-02-14 05:17:13,2025-02-14 17:17:13,,Delivered,1
ORD001689,2025-02-25 01:08:41,JDM,jelly drink madu,20000,Jomi Mofa Mora,8471204028,Purwakarta,2025-02-25 02:23:41,2025-02-25 19:23:41,2025-02-27 19:23:41,Returned,1
ORD001690,2025-01-24 05:49:26,VTMMD60,vitaman madu 60 ml,50000,Safa Kaza Jomi,8725055034,Magelang,2025-01-24 07:30:26,2025-01-25 03:30:26,,On Delivery,1
ORD001691,2025-02-07 01:38:00,MDB200,maduboom 200 ml,32000,Lina Noli,8655690701,Karangasem,2025-02-07 02:34:00,2025-02-08 01:34:00,,Delivered,1
ORD001692,2025-01-22 12:10:15,MDB200,maduboom 200 ml,32000,Dili Diza,8723500514,Bengkulu,2025-01-22 13:02:15,2025-01-23 04:02:15,,Delivered,2
ORD001693,2025-01-29 18:12:41,MDB200,maduboom 200 ml,32000,Fali Lidi Miza,8409087660,Bangli,2025-01-29 19:11:41,2025-01-30 06:11:41,,Processed,1
ORD001694,2025-01-17 01:32:31,MDB200,maduboom 200 ml,32000,Zamo Bami Kari,8499035135,Batam,2025-01-17 02:27:31,2025-01-17 22:27:31,,Delivered,2
ORD001695,2025-01-05 10:18:51,VTMMD60,vitaman madu 60 ml,50000,Mofa Raba,8876548572,Bangli,2025-01-05 11:58:51,2025-01-05 18:58:51,,On Delivery,2
ORD001696,2025-02-05 08:13:03,VTMMD60,vitaman madu 60 ml,50000,Tina Radi,8987807515,Probolinggo,2025-02-05 11:08:03,2025-02-05 19:08:03,,Processed,2
ORD001697,2025-02-07 15:33:52,JDM,jelly drink madu,20000,Mifa Rifa,8240665480,Tuban,2025-02-07 17:55:52,2025-02-08 10:55:52,,On Delivery,1
ORD001698,2025-02-02 01:04:26,MDB120,maduboom 120 ml,23000,Jojo Joka,8805484251,Yogyakarta,2025-02-02 01:43:26,2025-02-02 13:43:26,,Delivered,2
ORD001699,2025-01-01 16:32:44,VTMMD60,vitaman madu 60 ml,50000,Bamo Zara,8885032086,Jambi,2025-01-01 17:54:44,2025-01-02 02:54:44,2025-01-08 02:54:44,Returned,2
ORD001700,2025-01-21 07:17:00,VTMMD60,vitaman madu 60 ml,50000,Bami Nomi,8384508438,Yogyakarta,2025-01-21 09:31:00,2025-01-23 09:31:00,,Processed,3
ORD001701,2025-02-27 23:21:17,VTMMD60,vitaman madu 60 ml,50000,Dili Didi,8471589164,Samarinda,2025-02-28 02:04:17,2025-02-28 18:04:17,,On Delivery,3
ORD001702,2025-01-23 12:05:55,MDB120,maduboom 120 ml,23000,Miti Sami,8823777741,Probolinggo,2025-01-23 14:51:55,2025-01-24 13:51:55,,Delivered,1
ORD001703,2025-01-25 00:39:01,MDB200,maduboom 200 ml,32000,Fasa Nati Kajo,8334411275,Sidoarjo,2025-01-25 02:16:01,2025-01-26 20:16:01,,On Delivery,2
ORD001704,2025-02-14 20:42:44,MDB120,maduboom 120 ml,23000,Fadi Bali Bali,8389685748,Ternate,2025-02-14 21:36:44,2025-02-16 10:36:44,,Processed,1
ORD001705,2025-01-31 02:56:17,MDB200,maduboom 200 ml,32000,Diri Didi Noka,8520900333,Gorontalo,2025-01-31 04:28:17,2025-02-01 18:28:17,,On Delivery,2
ORD001706,2025-02-03 17:50:43,MDB120,maduboom 120 ml,23000,Kati Difa Saba,8672234821,Gresik,2025-02-03 20:18:43,2025-02-04 17:18:43,,On Delivery,2
ORD001707,2025-02-03 12:22:55,VTMMD60,vitaman madu 60 ml,50000,Basa Lifa,8849113066,Probolinggo,2025-02-03 12:54:55,2025-02-05 01:54:55,,On Delivery,3
ORD001708,2025-01-11 02:10:14,MDB200,maduboom 200 ml,32000,Kano Tiba Miba,8961401762,Sukabumi,2025-01-11 04:58:14,2025-01-12 06:58:14,,Processed,1
ORD001709,2025-01-21 21:55:23,JDM,jelly drink madu,20000,Rika Namo,8305411518,Sukabumi,2025-01-22 00:05:23,2025-01-22 08:05:23,,On Delivery,1
ORD001710,2025-02-20 04:00:50,JDM,jelly drink madu,20000,Bana Modi Zaza,8104116150,Banyuwangi,2025-02-20 06:36:50,2025-02-21 15:36:50,,On Delivery,1
ORD001711,2025-02-07 11:57:32,MDB120,maduboom 120 ml,23000,Josa Mono Kasa,8775508542,Lombok Timur,2025-02-07 12:35:32,2025-02-08 05:35:32,,Delivered,3
ORD001712,2025-01-30 13:37:53,MDB200,maduboom 200 ml,32000,Tino Raka Limi,8264205985,Manado,2025-01-30 15:33:53,2025-01-31 00:33:53,,Processed,3
ORD001713,2025-01-24 04:04:17,JDM,jelly drink madu,20000,Sali Zasa,8324422367,Situbondo,2025-01-24 05:27:17,2025-01-26 01:27:17,,Processed,1
ORD001714,2025-01-26 17:57:25,VTMMD60,vitaman madu 60 ml,50000,Fafa Rifa,8420560002,Probolinggo,2025-01-26 18:57:25,2025-01-27 18:57:25,,Processed,3
ORD001715,2025-01-17 09:28:11,VTM60,vitaman 60 ml,30000,Bamo Famo Diri,8588452772,Tuban,2025-01-17 10:51:11,2025-01-19 10:51:11,,Delivered,3
ORD001716,2025-02-08 22:46:05,MDB200,maduboom 200 ml,32000,Nori Lijo Dili,8220510432,Sukabumi,2025-02-08 23:16:05,2025-02-09 10:16:05,,Processed,1
ORD001717,2025-02-18 03:21:37,MDB120,maduboom 120 ml,23000,Dino Riza,8294362192,Balikpapan,2025-02-18 04:19:37,2025-02-19 12:19:37,,Processed,1
ORD001718,2025-02-03 10:55:36,VTMMD60,vitaman madu 60 ml,50000,Dira Nojo Sajo,8558686352,Balikpapan,2025-02-03 12:36:36,2025-02-04 14:36:36,,Processed,3
ORD001719,2025-01-26 11:07:11,MDB120,maduboom 120 ml,23000,Bati Joba,8324291682,Bandar Lampung,2025-01-26 13:12:11,2025-01-27 16:12:11,,Processed,1
ORD001720,2025-01-06 13:11:22,MDB120,maduboom 120 ml,23000,Mira Lili,8609861535,Jepara,2025-01-06 14:13:22,2025-01-08 02:13:22,,On Delivery,2
ORD001721,2025-02-19 03:34:25,JDM,jelly drink madu,20000,Kati Dira Bari,8260163041,Bengkulu,2025-02-19 06:16:25,2025-02-21 04:16:25,,Delivered,2
ORD001722,2025-01-19 19:20:54,JDM,jelly drink madu,20000,Fami Lifa,8275705723,Sukabumi,2025-01-19 21:46:54,2025-01-21 18:46:54,,Delivered,2
ORD001723,2025-02-05 05:35:08,VTMMD60,vitaman madu 60 ml,50000,Jori Bara,8319475085,Pontianak,2025-02-05 07:13:08,2025-02-06 12:13:08,,Delivered,1
ORD001724,2025-01-24 21:42:49,JDM,jelly drink madu,20000,Nana Bamo,8453240121,Purwokerto,2025-01-24 22:34:49,2025-01-26 05:34:49,,Processed,2
ORD001725,2025-01-14 15:30:57,MDB120,maduboom 120 ml,23000,Lifa Miza,8232590813,Kendari,2025-01-14 18:21:57,2025-01-15 20:21:57,,On Delivery,2
ORD001726,2025-02-19 20:06:41,MDB120,maduboom 120 ml,23000,Ramo Badi Tiza,8421141622,Badung,2025-02-19 21:55:41,2025-02-20 05:55:41,,On Delivery,3
ORD001727,2025-01-27 02:06:13,VTMMD60,vitaman madu 60 ml,50000,Kara Ramo Zana,8508964832,Makassar,2025-01-27 04:37:13,2025-01-28 08:37:13,2025-01-30 08:37:13,Returned,3
ORD001728,2025-02-21 03:02:58,MDB120,maduboom 120 ml,23000,Nomi Kana Liti,8256439925,Ternate,2025-02-21 04:53:58,2025-02-21 14:53:58,2025-02-23 14:53:58,Returned,3
ORD001729,2025-01-27 19:23:24,VTM60,vitaman 60 ml,30000,Rili Rajo,8535168567,Sukabumi,2025-01-27 19:57:24,2025-01-28 22:57:24,,Processed,3
ORD001730,2025-02-21 14:35:39,MDB200,maduboom 200 ml,32000,Liti Rimi,8677803236,Pekanbaru,2025-02-21 15:17:39,2025-02-23 09:17:39,,Processed,2
ORD001731,2025-02-17 16:02:05,JDM,jelly drink madu,20000,Mono Rifa,8617029502,Palembang,2025-02-17 18:44:05,2025-02-19 00:44:05,,Delivered,2
ORD001732,2025-02-03 12:36:48,VTMMD60,vitaman madu 60 ml,50000,Rijo Misa,8503718789,Medan,2025-02-03 15:22:48,2025-02-05 04:22:48,,Delivered,3
ORD001733,2025-02-12 15:24:26,JDM,jelly drink madu,20000,Lidi Dijo,8322090804,Banyuwangi,2025-02-12 17:28:26,2025-02-12 23:28:26,,Delivered,2
ORD001734,2025-01-16 03:07:24,VTMMD60,vitaman madu 60 ml,50000,Liba Miti,8273426796,Bekasi,2025-01-16 06:02:24,2025-01-17 14:02:24,,Delivered,1
ORD001735,2025-01-25 17:34:14,JDM,jelly drink madu,20000,Zadi Naka Kati,8220537039,Probolinggo,2025-01-25 19:23:14,2025-01-26 14:23:14,2025-02-01 14:23:14,Returned,3
ORD001736,2025-02-17 21:21:49,MDB200,maduboom 200 ml,32000,Sami Rijo Kali,8137478064,Banyuwangi,2025-02-17 22:05:49,2025-02-19 19:05:49,,Processed,1
ORD001737,2025-02-09 15:03:10,JDM,jelly drink madu,20000,Rali Jora,8891682909,Batu,2025-02-09 16:10:10,2025-02-10 05:10:10,,Processed,2
ORD001738,2025-01-04 14:16:17,VTMMD60,vitaman madu 60 ml,50000,Naka Zati,8608856728,Bangli,2025-01-04 15:59:17,2025-01-05 11:59:17,,Delivered,2
ORD001739,2025-02-01 08:25:23,JDM,jelly drink madu,20000,Nasa Moza Fadi,8286715762,Situbondo,2025-02-01 09:28:23,2025-02-03 06:28:23,,Processed,3
ORD001740,2025-02-17 04:55:32,VTMMD60,vitaman madu 60 ml,50000,Jodi Miza,8667235795,Sukabumi,2025-02-17 07:13:32,2025-02-18 01:13:32,,Delivered,3
ORD001741,2025-02-17 11:25:08,VTM60,vitaman 60 ml,30000,Rina Saza Dimi,8265673196,Sorong,2025-02-17 13:37:08,2025-02-18 03:37:08,,Processed,3
ORD001742,2025-01-18 18:08:16,MDB200,maduboom 200 ml,32000,Zadi Mimo Tiri,8447788748,Pekanbaru,2025-01-18 20:50:16,2025-01-19 09:50:16,,Delivered,1
ORD001743,2025-01-11 08:37:25,MDB120,maduboom 120 ml,23000,Tina Bafa,8559306643,Mataram,2025-01-11 09:52:25,2025-01-13 02:52:25,,Processed,2
ORD001744,2025-01-21 05:20:48,VTMMD60,vitaman madu 60 ml,50000,Misa Zari,8639327215,Cianjur,2025-01-21 08:02:48,2025-01-23 08:02:48,,Processed,3
ORD001745,2025-01-06 06:09:05,JDM,jelly drink madu,20000,Tiri Nano Disa,8531519494,Banyuwangi,2025-01-06 08:40:05,2025-01-07 05:40:05,,On Delivery,1
ORD001746,2025-01-13 05:19:55,JDM,jelly drink madu,20000,Sadi Fasa Rina,8482633528,Banjarbaru,2025-01-13 06:09:55,2025-01-15 06:09:55,,On Delivery,3
ORD001747,2025-02-27 00:24:52,VTMMD60,vitaman madu 60 ml,50000,Zami Zati Bana,8303999232,Kendari,2025-02-27 01:50:52,2025-02-28 17:50:52,,Delivered,1
ORD001748,2025-02-28 11:07:30,MDB120,maduboom 120 ml,23000,Kari Mino Fara,8872217565,Indramayu,2025-02-28 13:53:30,2025-03-01 01:53:30,,Processed,3
ORD001749,2025-01-22 15:15:53,MDB200,maduboom 200 ml,32000,Rimo Rara Mori,8348608742,Tabanan,2025-01-22 16:27:53,2025-01-23 02:27:53,2025-01-25 02:27:53,Returned,2
ORD001750,2025-01-03 20:09:00,VTM60,vitaman 60 ml,30000,Bali Bari Dira,8269092241,Ngawi,2025-01-03 21:23:00,2025-01-04 10:23:00,,On Delivery,2
ORD001751,2025-01-04 19:31:12,VTMMD60,vitaman madu 60 ml,50000,Miba Rara Timo,8352699638,Larantuka,2025-01-04 21:52:12,2025-01-06 00:52:12,,On Delivery,2
ORD001752,2025-01-13 19:41:19,MDB200,maduboom 200 ml,32000,Nofa Nono Lijo,8957626891,Subang,2025-01-13 22:39:19,2025-01-15 14:39:19,,Processed,2
ORD001753,2025-01-14 18:29:07,MDB200,maduboom 200 ml,32000,Limi Rijo,8575012559,Tuban,2025-01-14 20:06:07,2025-01-15 21:06:07,,Processed,3
ORD001754,2025-01-06 22:58:21,VTM60,vitaman 60 ml,30000,Joza Rino,8881028557,Situbondo,2025-01-06 23:37:21,2025-01-08 11:37:21,,On Delivery,2
ORD001755,2025-02-26 13:29:29,MDB200,maduboom 200 ml,32000,Zari Rili,8943260584,Jayapura,2025-02-26 14:25:29,2025-02-27 15:25:29,,Processed,3
ORD001756,2025-01-10 08:36:07,VTM60,vitaman 60 ml,30000,Nali Limo,8441862609,Surabaya,2025-01-10 10:25:07,2025-01-12 01:25:07,,Processed,3
ORD001757,2025-01-22 17:41:35,VTMMD60,vitaman madu 60 ml,50000,Rajo Lili Nomo,8905379713,Medan,2025-01-22 18:28:35,2025-01-23 10:28:35,,Processed,3
ORD001758,2025-02-27 16:29:22,JDM,jelly drink madu,20000,Diza Kafa Joka,8742164253,Pontianak,2025-02-27 18:16:22,2025-02-28 19:16:22,,Delivered,2
ORD001759,2025-01-01 18:21:09,MDB120,maduboom 120 ml,23000,Safa Momi,8157928969,Palu,2025-01-01 20:37:09,2025-01-03 08:37:09,,Delivered,2
ORD001760,2025-01-30 07:55:22,MDB120,maduboom 120 ml,23000,Saba Fana Baza,8845692915,Palu,2025-01-30 10:01:22,2025-02-01 04:01:22,,Delivered,1
ORD001761,2025-02-23 12:00:29,MDB120,maduboom 120 ml,23000,Miba Rana Jori,8701196135,Buleleng,2025-02-23 13:48:29,2025-02-24 01:48:29,,Delivered,1
ORD001762,2025-01-04 07:24:16,VTM60,vitaman 60 ml,30000,Noka Raza,8844675271,Kupang,2025-01-04 09:46:16,2025-01-05 06:46:16,,Processed,2
ORD001763,2025-02-27 04:57:59,JDM,jelly drink madu,20000,Baza Dira Zami,8624303570,Palu,2025-02-27 05:57:59,2025-03-01 05:57:59,,Processed,2
ORD001764,2025-02-26 22:45:13,VTM60,vitaman 60 ml,30000,Nono Nami,8198380239,Bekasi,2025-02-26 23:21:13,2025-02-27 09:21:13,,Processed,1
ORD001765,2025-02-26 06:29:34,MDB120,maduboom 120 ml,23000,Zasa Rifa Dira,8222032929,Sumedang,2025-02-26 07:11:34,2025-02-27 05:11:34,,Processed,3
ORD001766,2025-02-18 05:52:02,MDB200,maduboom 200 ml,32000,Kari Saka Lira,8881494865,Palembang,2025-02-18 07:31:02,2025-02-18 19:31:02,,Delivered,3
ORD001767,2025-02-06 13:00:34,VTM60,vitaman 60 ml,30000,Kamo Mona,8411464158,Jakarta,2025-02-06 14:59:34,2025-02-08 05:59:34,,Processed,1
ORD001768,2025-02-11 04:32:15,JDM,jelly drink madu,20000,Fadi Moli Misa,8586918568,Jembrana,2025-02-11 06:11:15,2025-02-11 20:11:15,2025-02-16 20:11:15,Returned,2
ORD001769,2025-01-13 15:30:29,VTM60,vitaman 60 ml,30000,Moka Josa,8480536901,Bangli,2025-01-13 18:14:29,2025-01-14 02:14:29,2025-01-18 02:14:29,Returned,2
ORD001770,2025-02-04 00:21:34,VTM60,vitaman 60 ml,30000,Tiri Naba Nojo,8137970373,Pasuruan,2025-02-04 00:54:34,2025-02-04 05:54:34,,On Delivery,2
ORD001771,2025-01-01 00:51:48,MDB120,maduboom 120 ml,23000,Tidi Tiza,8777376689,Purwokerto,2025-01-01 02:49:48,2025-01-01 14:49:48,,Processed,2
ORD001772,2025-02-11 04:06:51,MDB120,maduboom 120 ml,23000,Namo Rana Basa,8204219241,Makassar,2025-02-11 05:05:51,2025-02-12 18:05:51,,Delivered,3
ORD001773,2025-02-10 13:58:49,JDM,jelly drink madu,20000,Nomi Nono Najo,8406549701,Purwokerto,2025-02-10 14:56:49,2025-02-12 05:56:49,,Processed,2
ORD001774,2025-01-17 03:15:13,JDM,jelly drink madu,20000,Zajo Bamo Rino,8584121442,Mataram,2025-01-17 05:44:13,2025-01-18 09:44:13,,Processed,1
ORD001775,2025-01-29 02:30:35,VTM60,vitaman 60 ml,30000,Rimi Rili,8770010467,Situbondo,2025-01-29 03:55:35,2025-01-29 17:55:35,,On Delivery,1
ORD001776,2025-01-09 11:51:52,VTMMD60,vitaman madu 60 ml,50000,Bafa Titi Mira,8224471799,Garut,2025-01-09 14:45:52,2025-01-11 00:45:52,,Processed,2
ORD001777,2025-01-05 04:04:37,VTMMD60,vitaman madu 60 ml,50000,Sari Sati,8356213885,Garut,2025-01-05 04:41:37,2025-01-06 22:41:37,2025-01-11 22:41:37,Returned,3
ORD001778,2025-01-03 15:09:32,MDB120,maduboom 120 ml,23000,Kasa Mimi,8278205807,Palembang,2025-01-03 17:20:32,2025-01-04 17:20:32,,On Delivery,2
ORD001779,2025-02-25 02:42:13,MDB120,maduboom 120 ml,23000,Kana Moka Samo,8748940886,Badung,2025-02-25 04:41:13,2025-02-25 15:41:13,,On Delivery,2
ORD001780,2025-02-21 10:33:12,JDM,jelly drink madu,20000,Fasa Tika Tidi,8543686585,Tabanan,2025-02-21 13:09:12,2025-02-23 03:09:12,,Delivered,1
ORD001781,2025-01-17 18:01:36,MDB200,maduboom 200 ml,32000,Lili Nori Rali,8746829471,Batu,2025-01-17 19:21:36,2025-01-19 02:21:36,,Processed,2
ORD001782,2025-01-18 10:24:57,MDB120,maduboom 120 ml,23000,Saba Miza,8805349164,Purwokerto,2025-01-18 11:20:57,2025-01-18 20:20:57,,On Delivery,3
ORD001783,2025-02-23 15:59:06,MDB200,maduboom 200 ml,32000,Mori Zana Rafa,8457144089,Medan,2025-02-23 17:05:06,2025-02-25 16:05:06,,On Delivery,1
ORD001784,2025-01-14 02:29:54,MDB120,maduboom 120 ml,23000,Raza Riza,8867292181,Semarang,2025-01-14 03:44:54,2025-01-15 18:44:54,,Processed,2
ORD001785,2025-02-14 04:32:18,JDM,jelly drink madu,20000,Momi Jojo Tira,8561551711,Ponorogo,2025-02-14 07:07:18,2025-02-16 06:07:18,,Delivered,1
ORD001786,2025-01-12 12:35:36,VTMMD60,vitaman madu 60 ml,50000,Jofa Liza Safa,8842666231,Mataram,2025-01-12 13:32:36,2025-01-13 18:32:36,,Delivered,1
ORD001787,2025-01-28 03:25:57,MDB120,maduboom 120 ml,23000,Kafa Dina,8712971671,Madiun,2025-01-28 05:58:57,2025-01-29 20:58:57,,Delivered,2
ORD001788,2025-02-21 00:14:54,JDM,jelly drink madu,20000,Bana Riza Nofa,8608628247,Subang,2025-02-21 01:30:54,2025-02-21 16:30:54,,Processed,1
ORD001789,2025-02-13 21:46:24,VTMMD60,vitaman madu 60 ml,50000,Mijo Famo Famo,8210344913,Indramayu,2025-02-13 23:49:24,2025-02-15 09:49:24,,Processed,3
ORD001790,2025-02-09 00:01:48,MDB200,maduboom 200 ml,32000,Mimi Joka Liba,8850104047,Bojonegoro,2025-02-09 02:07:48,2025-02-09 09:07:48,,Delivered,1
ORD001791,2025-02-03 03:16:36,VTM60,vitaman 60 ml,30000,Limi Faza Titi,8708221365,Gresik,2025-02-03 04:39:36,2025-02-04 00:39:36,,Delivered,3
ORD001792,2025-01-17 15:36:59,MDB200,maduboom 200 ml,32000,Rara Mifa,8210441121,Makassar,2025-01-17 16:37:59,2025-01-19 12:37:59,,Delivered,2
ORD001793,2025-01-11 11:18:58,JDM,jelly drink madu,20000,Zaza Mili,8994408446,Jembrana,2025-01-11 13:52:58,2025-01-12 15:52:58,,On Delivery,1
ORD001794,2025-01-04 16:21:06,VTMMD60,vitaman madu 60 ml,50000,Moba Zano,8930548039,Sorong,2025-01-04 17:52:06,2025-01-06 04:52:06,2025-01-11 04:52:06,Returned,2
ORD001795,2025-01-10 04:48:36,VTMMD60,vitaman madu 60 ml,50000,Jori Kasa Fadi,8639785658,Jambi,2025-01-10 05:25:36,2025-01-11 14:25:36,,Processed,2
ORD001796,2025-01-19 21:48:46,VTM60,vitaman 60 ml,30000,Rira Tino Rami,8896335950,Larantuka,2025-01-20 00:36:46,2025-01-21 12:36:46,,Processed,2
ORD001797,2025-02-02 02:00:53,MDB200,maduboom 200 ml,32000,Lijo Mimi,8275578668,Cirebon,2025-02-02 03:28:53,2025-02-02 18:28:53,,On Delivery,3
ORD001798,2025-02-14 12:43:34,MDB120,maduboom 120 ml,23000,Dika Nari,8536190749,Magelang,2025-02-14 13:25:34,2025-02-15 00:25:34,,On Delivery,1
ORD001799,2025-01-06 11:36:47,MDB200,maduboom 200 ml,32000,Zadi Nana Nosa,8475320128,Samarinda,2025-01-06 13:38:47,2025-01-07 13:38:47,,Processed,2
ORD001800,2025-01-09 04:06:01,MDB120,maduboom 120 ml,23000,Faba Tino Kasa,8782266117,Bekasi,2025-01-09 04:40:01,2025-01-10 07:40:01,,Delivered,3
ORD001801,2025-02-28 04:03:49,MDB120,maduboom 120 ml,23000,Rifa Kati,8994068849,Malang,2025-02-28 06:53:49,2025-03-01 14:53:49,,Delivered,3
ORD001802,2025-01-22 00:57:06,VTMMD60,vitaman madu 60 ml,50000,Noka Ridi Jomo,8418962645,Purwokerto,2025-01-22 02:59:06,2025-01-23 12:59:06,,Processed,2
ORD001803,2025-02-07 08:21:38,VTM60,vitaman 60 ml,30000,Jomi Raza,8933841670,Gresik,2025-02-07 11:17:38,2025-02-08 19:17:38,,On Delivery,3
ORD001804,2025-02-09 03:22:07,MDB120,maduboom 120 ml,23000,Naza Nafa Lidi,8658476541,Indramayu,2025-02-09 05:28:07,2025-02-10 05:28:07,,Processed,2
ORD001805,2025-01-30 08:54:05,VTM60,vitaman 60 ml,30000,Basa Kajo Jofa,8189581997,Denpasar,2025-01-30 11:47:05,2025-01-30 16:47:05,,On Delivery,2
ORD001806,2025-02-24 09:02:00,MDB200,maduboom 200 ml,32000,Namo Dimi Fami,8388958634,Situbondo,2025-02-24 09:45:00,2025-02-24 16:45:00,,Delivered,1
ORD001807,2025-01-05 03:53:53,JDM,jelly drink madu,20000,Radi Fali Tina,8719166086,Depok,2025-01-05 04:47:53,2025-01-06 16:47:53,,Delivered,1
ORD001808,2025-01-06 22:39:38,JDM,jelly drink madu,20000,Diba Tira Mona,8234218294,Surabaya,2025-01-07 01:35:38,2025-01-08 00:35:38,,Processed,3
ORD001809,2025-01-20 03:34:40,MDB120,maduboom 120 ml,23000,Tijo Timo Zamo,8476496733,Ende,2025-01-20 04:28:40,2025-01-20 15:28:40,,Delivered,1
ORD001810,2025-02-08 17:50:44,VTMMD60,vitaman madu 60 ml,50000,Limi Saka,8397609906,Surabaya,2025-02-08 18:23:44,2025-02-10 18:23:44,,On Delivery,2
ORD001811,2025-02-15 08:49:14,MDB120,maduboom 120 ml,23000,Bamo Fajo,8197573562,Tuban,2025-02-15 09:57:14,2025-02-16 08:57:14,,Delivered,2
ORD001812,2025-02-23 00:58:20,JDM,jelly drink madu,20000,Bati Zaba,8494149201,Singaraja,2025-02-23 03:19:20,2025-02-25 00:19:20,,Processed,3
ORD001813,2025-02-22 16:54:33,VTMMD60,vitaman madu 60 ml,50000,Rana Kami,8171897264,Padang,2025-02-22 17:49:33,2025-02-24 06:49:33,2025-02-27 06:49:33,Returned,2
ORD001814,2025-02-08 08:18:43,MDB120,maduboom 120 ml,23000,Baba Riri,8404109943,Sumedang,2025-02-08 11:05:43,2025-02-10 09:05:43,,On Delivery,1
ORD001815,2025-02-18 16:53:32,MDB200,maduboom 200 ml,32000,Timi Nami,8973743768,Balikpapan,2025-02-18 19:40:32,2025-02-19 00:40:32,,Processed,3
ORD001816,2025-01-07 12:48:47,MDB200,maduboom 200 ml,32000,Bano Limi,8619921823,Ternate,2025-01-07 14:33:47,2025-01-09 09:33:47,,Processed,2
ORD001817,2025-01-24 04:05:32,VTMMD60,vitaman madu 60 ml,50000,Nara Mono,8945097890,Medan,2025-01-24 06:02:32,2025-01-25 08:02:32,,Processed,1
ORD001818,2025-01-14 10:19:21,MDB200,maduboom 200 ml,32000,Kaza Diri Sami,8675964207,Pekanbaru,2025-01-14 11:52:21,2025-01-14 20:52:21,,On Delivery,2
ORD001819,2025-02-20 09:23:32,MDB200,maduboom 200 ml,32000,Mofa Noba Didi,8606212617,Maumere,2025-02-20 10:54:32,2025-02-21 13:54:32,,On Delivery,3
ORD001820,2025-01-24 17:03:56,JDM,jelly drink madu,20000,Modi Zana Lifa,8682414068,Tasikmalaya,2025-01-24 19:17:56,2025-01-25 00:17:56,,Processed,1
ORD001821,2025-02-28 11:13:21,MDB200,maduboom 200 ml,32000,Diza Liza,8148505754,Badung,2025-02-28 12:35:21,2025-03-02 01:35:21,,Delivered,1
ORD001822,2025-01-09 08:39:18,MDB120,maduboom 120 ml,23000,Mifa Dili,8254666311,Jambi,2025-01-09 09:56:18,2025-01-10 14:56:18,,On Delivery,3
ORD001823,2025-02-28 02:51:59,MDB200,maduboom 200 ml,32000,Riti Liri,8556338271,Karangasem,2025-02-28 04:25:59,2025-03-02 00:25:59,,On Delivery,1
ORD001824,2025-02-10 21:14:41,MDB120,maduboom 120 ml,23000,Rafa Zali Noti,8948995613,Bangli,2025-02-10 21:48:41,2025-02-12 18:48:41,,Delivered,2
ORD001825,2025-01-27 18:25:50,JDM,jelly drink madu,20000,Bajo Liba Fano,8335223014,Indramayu,2025-01-27 19:57:50,2025-01-29 05:57:50,,On Delivery,2
ORD001826,2025-01-15 15:17:17,VTM60,vitaman 60 ml,30000,Timi Diza,8111091578,Palembang,2025-01-15 16:35:17,2025-01-17 05:35:17,,On Delivery,3
ORD001827,2025-02-23 23:01:43,VTM60,vitaman 60 ml,30000,Bano Badi Miti,8475001017,Batam,2025-02-24 00:31:43,2025-02-24 16:31:43,,On Delivery,3
ORD001828,2025-02-16 06:35:23,VTM60,vitaman 60 ml,30000,Kafa Zali Jora,8904128396,Indramayu,2025-02-16 08:01:23,2025-02-17 18:01:23,,On Delivery,2
ORD001829,2025-01-08 15:57:41,JDM,jelly drink madu,20000,Lika Raka,8604136279,Ngawi,2025-01-08 16:51:41,2025-01-09 12:51:41,,Processed,2
ORD001830,2025-01-04 06:48:49,JDM,jelly drink madu,20000,Baza Mono Rimi,8896752789,Kupang,2025-01-04 08:07:49,2025-01-05 16:07:49,,Processed,3
ORD001831,2025-01-08 06:40:37,VTM60,vitaman 60 ml,30000,Diba Ramo,8651981965,Semarang,2025-01-08 09:21:37,2025-01-09 14:21:37,,On Delivery,1
ORD001832,2025-02-09 02:22:26,MDB120,maduboom 120 ml,23000,Noti Mojo,8698399461,Semarang,2025-02-09 03:42:26,2025-02-10 18:42:26,,On Delivery,1
ORD001833,2025-02-12 13:19:45,VTM60,vitaman 60 ml,30000,Nano Nona,8509103379,Banjarmasin,2025-02-12 14:25:45,2025-02-14 08:25:45,,Delivered,3
ORD001834,2025-01-23 00:38:17,JDM,jelly drink madu,20000,Tiza Radi Bati,8271938032,Malang,2025-01-23 02:57:17,2025-01-24 01:57:17,,On Delivery,2
ORD001835,2025-01-31 18:48:14,MDB200,maduboom 200 ml,32000,Mijo Faza,8760632577,Pontianak,2025-01-31 19:27:14,2025-02-01 11:27:14,,Delivered,3
ORD001836,2025-02-26 08:27:36,JDM,jelly drink madu,20000,Rafa Nano Rari,8691446708,Manado,2025-02-26 11:00:36,2025-02-28 08:00:36,,Processed,1
ORD001837,2025-01-14 02:04:33,VTM60,vitaman 60 ml,30000,Limi Tifa,8561870593,Ende,2025-01-14 03:35:33,2025-01-15 04:35:33,,Delivered,1
ORD001838,2025-01-21 10:38:02,VTM60,vitaman 60 ml,30000,Misa Dimi Lili,8421499096,Ende,2025-01-21 12:35:02,2025-01-22 02:35:02,,On Delivery,3
ORD001839,2025-02-23 04:11:47,MDB200,maduboom 200 ml,32000,Rara Joza Zadi,8482866241,Lamongan,2025-02-23 06:20:47,2025-02-23 15:20:47,,Delivered,1
ORD001840,2025-01-22 08:10:27,JDM,jelly drink madu,20000,Nomo Raka,8715892829,Banjarbaru,2025-01-22 11:01:27,2025-01-22 20:01:27,,On Delivery,2
ORD001841,2025-01-14 16:24:10,VTM60,vitaman 60 ml,30000,Sami Sadi,8917008824,Mataram,2025-01-14 18:04:10,2025-01-15 05:04:10,,Delivered,3
ORD001842,2025-01-20 17:20:48,VTM60,vitaman 60 ml,30000,Risa Noba,8520424054,Kendari,2025-01-20 19:57:48,2025-01-22 18:57:48,,Processed,2
ORD001843,2025-01-15 00:51:42,VTM60,vitaman 60 ml,30000,Lili Raba,8560046090,Depok,2025-01-15 02:04:42,2025-01-16 21:04:42,,Delivered,3
ORD001844,2025-02-13 15:59:10,VTMMD60,vitaman madu 60 ml,50000,Zafa Najo Nomo,8282457251,Denpasar,2025-02-13 18:54:10,2025-02-14 22:54:10,,Delivered,3
ORD001845,2025-02-22 21:29:19,VTMMD60,vitaman madu 60 ml,50000,Rano Sana,8127195781,Bogor,2025-02-22 22:43:19,2025-02-23 16:43:19,,On Delivery,1
ORD001846,2025-01-20 14:08:36,VTM60,vitaman 60 ml,30000,Tika Diza,8991275305,Boyolali,2025-01-20 15:10:36,2025-01-21 19:10:36,,Delivered,1
ORD001847,2025-02-23 01:15:06,VTMMD60,vitaman madu 60 ml,50000,Rino Naba Saka,8404412112,Maumere,2025-02-23 03:22:06,2025-02-23 15:22:06,,Delivered,2
ORD001848,2025-01-14 13:58:56,VTM60,vitaman 60 ml,30000,Nasa Riti Zaka,8440112080,Kendari,2025-01-14 16:47:56,2025-01-15 04:47:56,,On Delivery,3
ORD001849,2025-02-01 23:09:18,JDM,jelly drink madu,20000,Zati Lika Liza,8202758829,Ambon,2025-02-02 00:17:18,2025-02-02 08:17:18,,On Delivery,3
ORD001850,2025-02-03 11:11:55,JDM,jelly drink madu,20000,Fano Nana,8670717736,Kediri,2025-02-03 13:23:55,2025-02-04 14:23:55,,Processed,1
ORD001851,2025-02-10 06:04:59,VTM60,vitaman 60 ml,30000,Zaza Sali,8485382426,Banjarbaru,2025-02-10 07:22:59,2025-02-12 03:22:59,,Processed,3
ORD001852,2025-02-25 19:02:13,JDM,jelly drink madu,20000,Lira Mino Jodi,8314141009,Manado,2025-02-25 21:27:13,2025-02-26 05:27:13,,Processed,1
ORD001853,2025-01-01 00:00:45,VTM60,vitaman 60 ml,30000,Nosa Nomi Disa,8477204008,Lombok Barat,2025-01-01 01:31:45,2025-01-02 01:31:45,,Processed,3
ORD001854,2025-02-25 22:06:01,MDB120,maduboom 120 ml,23000,Riri Saba Modi,8675880998,Lombok Timur,2025-02-25 23:30:01,2025-02-26 10:30:01,2025-03-05 10:30:01,Returned,2
ORD001855,2025-02-19 18:57:58,MDB120,maduboom 120 ml,23000,Diti Sami,8584002302,Denpasar,2025-02-19 19:43:58,2025-02-21 02:43:58,,Processed,1
ORD001856,2025-01-01 19:20:12,VTMMD60,vitaman madu 60 ml,50000,Lidi Mimo,8808878796,Surabaya,2025-01-01 22:06:12,2025-01-02 04:06:12,,On Delivery,1
ORD001857,2025-02-03 18:51:31,JDM,jelly drink madu,20000,Kana Nati,8565333047,Badung,2025-02-03 20:44:31,2025-02-04 03:44:31,,On Delivery,3
ORD001858,2025-01-29 11:33:25,MDB200,maduboom 200 ml,32000,Tifa Mori,8370906074,Ende,2025-01-29 12:24:25,2025-01-31 00:24:25,2025-02-06 00:24:25,Returned,3
ORD001859,2025-01-18 09:13:54,MDB200,maduboom 200 ml,32000,Sano Misa,8727222246,Singaraja,2025-01-18 09:47:54,2025-01-19 00:47:54,,Processed,1
ORD001860,2025-01-28 07:20:23,MDB200,maduboom 200 ml,32000,Lili Ridi,8536859202,Malang,2025-01-28 08:17:23,2025-01-29 05:17:23,,On Delivery,1
ORD001861,2025-02-12 01:55:47,VTM60,vitaman 60 ml,30000,Rira Zasa Rasa,8545607904,Balikpapan,2025-02-12 02:26:47,2025-02-12 11:26:47,,On Delivery,1
ORD001862,2025-01-26 18:34:02,VTMMD60,vitaman madu 60 ml,50000,Kano Sadi Sadi,8625002902,Tabanan,2025-01-26 19:50:02,2025-01-27 10:50:02,,Processed,1
ORD001863,2025-02-26 13:55:45,VTM60,vitaman 60 ml,30000,Fati Mimo,8110641677,Kudus,2025-02-26 14:40:45,2025-02-27 13:40:45,,On Delivery,1
ORD001864,2025-01-27 17:20:45,MDB200,maduboom 200 ml,32000,Bami Bana,8390562367,Jambi,2025-01-27 19:58:45,2025-01-29 12:58:45,,Processed,1
ORD001865,2025-02-11 05:43:10,VTMMD60,vitaman madu 60 ml,50000,Nano Zaba,8686965323,Jambi,2025-02-11 06:41:10,2025-02-12 07:41:10,,Processed,2
ORD001866,2025-01-31 04:04:29,VTMMD60,vitaman madu 60 ml,50000,Joza Momo Sari,8858073730,Jombang,2025-01-31 06:01:29,2025-02-02 01:01:29,,Processed,1
ORD001867,2025-01-12 03:51:46,MDB120,maduboom 120 ml,23000,Sajo Rifa,8837460377,Madiun,2025-01-12 05:35:46,2025-01-12 21:35:46,,Delivered,2
ORD001868,2025-01-24 03:57:33,MDB200,maduboom 200 ml,32000,Fari Saka,8586864595,Gorontalo,2025-01-24 04:55:33,2025-01-25 21:55:33,,On Delivery,3
ORD001869,2025-02-19 03:31:17,VTMMD60,vitaman madu 60 ml,50000,Kasa Zara,8828394065,Bojonegoro,2025-02-19 04:56:17,2025-02-19 15:56:17,,Processed,1
ORD001870,2025-01-17 14:30:41,JDM,jelly drink madu,20000,Rijo Naza Sati,8618354016,Kudus,2025-01-17 16:01:41,2025-01-17 23:01:41,,Processed,2
ORD001871,2025-02-09 14:15:04,VTM60,vitaman 60 ml,30000,Diba Rari,8413918551,Jayapura,2025-02-09 17:13:04,2025-02-10 06:13:04,,Delivered,1
ORD001872,2025-01-03 21:53:17,VTM60,vitaman 60 ml,30000,Tidi Kana Baka,8695052699,Indramayu,2025-01-04 00:45:17,2025-01-05 01:45:17,,On Delivery,1
ORD001873,2025-02-13 06:02:47,VTM60,vitaman 60 ml,30000,Mimi Faza Tika,8661019897,Tegal,2025-02-13 08:16:47,2025-02-14 15:16:47,,On Delivery,3
ORD001874,2025-01-18 21:14:47,VTMMD60,vitaman madu 60 ml,50000,Kaza Nori Nori,8420426586,Ambon,2025-01-18 23:24:47,2025-01-19 22:24:47,2025-01-22 22:24:47,Returned,1
ORD001875,2025-01-14 11:53:09,JDM,jelly drink madu,20000,Raza Liti,8470215610,Singaraja,2025-01-14 14:48:09,2025-01-15 16:48:09,,On Delivery,2
ORD001876,2025-01-09 17:15:15,MDB120,maduboom 120 ml,23000,Mofa Mino Bafa,8598050210,Maumere,2025-01-09 19:44:15,2025-01-11 00:44:15,,Delivered,3
ORD001877,2025-01-18 11:28:21,MDB200,maduboom 200 ml,32000,Rimo Nami,8200266350,Cikarang,2025-01-18 12:38:21,2025-01-20 04:38:21,,On Delivery,3
ORD001878,2025-01-21 13:57:25,VTMMD60,vitaman madu 60 ml,50000,Liza Kaza Mira,8272507200,Tegal,2025-01-21 14:56:25,2025-01-22 08:56:25,,Delivered,1
ORD001879,2025-01-25 06:18:07,MDB120,maduboom 120 ml,23000,Moti Riri Kaka,8990645695,Depok,2025-01-25 08:17:07,2025-01-26 02:17:07,,Delivered,3
ORD001880,2025-01-23 00:31:12,VTM60,vitaman 60 ml,30000,Miri Jora,8610865654,Banyuwangi,2025-01-23 01:41:12,2025-01-24 23:41:12,,Processed,1
ORD001881,2025-02-28 12:49:28,VTMMD60,vitaman madu 60 ml,50000,Bati Sadi Dino,8715934064,Tuban,2025-02-28 14:41:28,2025-02-28 22:41:28,,Delivered,3
ORD001882,2025-02-06 06:46:44,JDM,jelly drink madu,20000,Nono Modi,8389201757,Buleleng,2025-02-06 08:18:44,2025-02-08 08:18:44,,Processed,2
ORD001883,2025-01-18 14:01:23,MDB200,maduboom 200 ml,32000,Tili Zaza Nari,8621434656,Tegal,2025-01-18 15:34:23,2025-01-19 09:34:23,,Processed,2
ORD001884,2025-01-22 08:44:25,VTM60,vitaman 60 ml,30000,Miti Mifa,8350936869,Cikarang,2025-01-22 10:35:25,2025-01-23 20:35:25,,On Delivery,1
ORD001885,2025-02-04 23:22:24,VTM60,vitaman 60 ml,30000,Tino Jora Jojo,8310077755,Jayapura,2025-02-05 01:00:24,2025-02-06 04:00:24,2025-02-10 04:00:24,Returned,3
ORD001886,2025-02-22 01:48:06,MDB120,maduboom 120 ml,23000,Tiri Kadi,8656428279,Balikpapan,2025-02-22 02:49:06,2025-02-23 16:49:06,,Processed,3
ORD001887,2025-02-03 12:35:43,JDM,jelly drink madu,20000,Rijo Mika,8923877454,Purwakarta,2025-02-03 13:51:43,2025-02-04 08:51:43,,Processed,1
ORD001888,2025-01-17 03:26:48,VTM60,vitaman 60 ml,30000,Joza Moli,8739190126,Malang,2025-01-17 03:56:48,2025-01-17 14:56:48,,Delivered,3
ORD001889,2025-01-13 17:29:43,MDB120,maduboom 120 ml,23000,Faba Josa Mimi,8929021726,Gianyar,2025-01-13 20:01:43,2025-01-14 11:01:43,,Processed,1
ORD001890,2025-01-20 18:15:19,VTM60,vitaman 60 ml,30000,Mora Risa Noza,8979686301,Cirebon,2025-01-20 20:05:19,2025-01-22 01:05:19,,Processed,1
ORD001891,2025-01-26 15:38:40,VTM60,vitaman 60 ml,30000,Ramo Fana Sali,8289362780,Ende,2025-01-26 16:46:40,2025-01-28 08:46:40,,On Delivery,2
ORD001892,2025-02-07 19:19:47,VTMMD60,vitaman madu 60 ml,50000,Nodi Jomi Mora,8779354333,Karawang,2025-02-07 21:00:47,2025-02-08 13:00:47,,Delivered,2
ORD001893,2025-02-07 13:25:03,MDB120,maduboom 120 ml,23000,Rina Tidi,8389016032,Ambon,2025-02-07 14:59:03,2025-02-08 01:59:03,,Delivered,1
ORD001894,2025-01-10 06:12:07,VTMMD60,vitaman madu 60 ml,50000,Nasa Rano Rara,8470615333,Batam,2025-01-10 07:23:07,2025-01-11 23:23:07,,Processed,3
ORD001895,2025-01-08 06:04:01,VTMMD60,vitaman madu 60 ml,50000,Radi Josa,8645265821,Kediri,2025-01-08 07:08:01,2025-01-10 07:08:01,,On Delivery,2
ORD001896,2025-01-07 16:09:54,VTM60,vitaman 60 ml,30000,Sano Bami,8415752872,Gorontalo,2025-01-07 18:07:54,2025-01-09 00:07:54,,Delivered,2
ORD001897,2025-02-16 19:10:57,VTMMD60,vitaman madu 60 ml,50000,Mifa Lili,8431401919,Batam,2025-02-16 21:42:57,2025-02-17 19:42:57,,Processed,1
ORD001898,2025-01-04 06:29:55,VTMMD60,vitaman madu 60 ml,50000,Zaza Zana,8970842821,Karawang,2025-01-04 08:40:55,2025-01-04 19:40:55,,On Delivery,1
ORD001899,2025-01-03 08:12:49,MDB200,maduboom 200 ml,32000,Bano Rasa Moti,8896197332,Pekanbaru,2025-01-03 09:01:49,2025-01-04 05:01:49,,On Delivery,3
ORD001900,2025-01-16 10:48:32,JDM,jelly drink madu,20000,Sajo Dili,8423222875,Batam,2025-01-16 12:40:32,2025-01-16 22:40:32,,Processed,2
ORD001901,2025-02-27 05:05:14,JDM,jelly drink madu,20000,Zana Joli Fadi,8631900170,Serang,2025-02-27 06:31:14,2025-02-28 14:31:14,,Processed,3
ORD001902,2025-02-05 01:28:22,VTMMD60,vitaman madu 60 ml,50000,Jona Zadi Bati,8232850681,Buleleng,2025-02-05 02:03:22,2025-02-06 10:03:22,,Processed,2
ORD001903,2025-02-21 08:44:16,VTM60,vitaman 60 ml,30000,Miza Nono Riza,8267998090,Cianjur,2025-02-21 11:06:16,2025-02-23 02:06:16,,Processed,2
ORD001904,2025-01-20 19:40:54,MDB120,maduboom 120 ml,23000,Fano Zaka,8671334071,Jakarta,2025-01-20 21:50:54,2025-01-22 17:50:54,,Delivered,2
ORD001905,2025-02-10 02:48:45,JDM,jelly drink madu,20000,Rika Titi,8960136159,Bandung,2025-02-10 05:23:45,2025-02-10 10:23:45,2025-02-16 10:23:45,Returned,1
ORD001906,2025-01-05 01:31:28,MDB200,maduboom 200 ml,32000,Lina Nona,8886645431,Pontianak,2025-01-05 02:14:28,2025-01-06 22:14:28,,Delivered,2
ORD001907,2025-02-02 17:25:59,MDB200,maduboom 200 ml,32000,Jomi Famo Kafa,8555563076,Blitar,2025-02-02 20:11:59,2025-02-03 19:11:59,,Processed,1
ORD001908,2025-02-26 11:44:50,VTM60,vitaman 60 ml,30000,Rifa Timi Midi,8788387654,Bogor,2025-02-26 12:55:50,2025-02-28 07:55:50,,Processed,2
ORD001909,2025-02-06 04:47:43,VTM60,vitaman 60 ml,30000,Josa Rili,8513767839,Sukabumi,2025-02-06 05:21:43,2025-02-07 17:21:43,,On Delivery,3
ORD001910,2025-01-31 02:49:45,VTMMD60,vitaman madu 60 ml,50000,Miti Diba Sadi,8443466853,Subang,2025-01-31 04:58:45,2025-01-31 17:58:45,,Delivered,1
ORD001911,2025-02-06 08:05:31,JDM,jelly drink madu,20000,Fajo Jori,8207716222,Singkawang,2025-02-06 09:25:31,2025-02-07 22:25:31,,Delivered,1
ORD001912,2025-02-02 06:18:32,MDB120,maduboom 120 ml,23000,Raka Fano Dimo,8784696395,Ngawi,2025-02-02 08:59:32,2025-02-03 06:59:32,,Processed,3
ORD001913,2025-01-25 20:30:45,JDM,jelly drink madu,20000,Kano Fasa Tifa,8945717179,Banyuwangi,2025-01-25 22:12:45,2025-01-26 07:12:45,,Delivered,3
ORD001914,2025-02-19 14:25:29,VTM60,vitaman 60 ml,30000,Riti Limo Kami,8376505808,Kendari,2025-02-19 14:56:29,2025-02-20 14:56:29,2025-02-22 14:56:29,Returned,3
ORD001915,2025-01-21 13:29:41,JDM,jelly drink madu,20000,Fami Bara,8851253345,Singkawang,2025-01-21 15:09:41,2025-01-23 13:09:41,,Processed,1
ORD001916,2025-01-16 18:17:40,VTMMD60,vitaman madu 60 ml,50000,Nora Saba Nami,8754308710,Jepara,2025-01-16 20:24:40,2025-01-17 09:24:40,,Delivered,1
ORD001917,2025-02-16 11:09:37,JDM,jelly drink madu,20000,Faba Kali Fajo,8766892285,Bekasi,2025-02-16 11:57:37,2025-02-17 13:57:37,,Delivered,1
ORD001918,2025-01-07 08:38:45,MDB120,maduboom 120 ml,23000,Nono Rili Saba,8229197436,Jayapura,2025-01-07 10:51:45,2025-01-07 17:51:45,,Processed,1
ORD001919,2025-02-20 07:59:16,VTM60,vitaman 60 ml,30000,Mojo Noli Saza,8608097728,Palu,2025-02-20 10:03:16,2025-02-22 08:03:16,,On Delivery,2
ORD001920,2025-02-26 23:09:15,JDM,jelly drink madu,20000,Mimi Radi,8115153863,Bojonegoro,2025-02-27 02:03:15,2025-02-27 16:03:15,2025-03-04 16:03:15,Returned,3
ORD001921,2025-01-07 14:13:42,MDB200,maduboom 200 ml,32000,Raza Lijo Kamo,8818632497,Subang,2025-01-07 14:47:42,2025-01-08 09:47:42,2025-01-10 09:47:42,Returned,1
ORD001922,2025-01-27 23:17:07,VTM60,vitaman 60 ml,30000,Mira Badi Moka,8585788622,Magelang,2025-01-28 01:04:07,2025-01-29 17:04:07,,On Delivery,2
ORD001923,2025-01-13 07:47:57,VTM60,vitaman 60 ml,30000,Tiba Jomo Kati,8928017116,Blitar,2025-01-13 08:35:57,2025-01-14 21:35:57,,Delivered,2
ORD001924,2025-02-05 07:26:42,MDB120,maduboom 120 ml,23000,Zamo Mojo Tiri,8200376721,Bandung,2025-02-05 09:06:42,2025-02-07 09:06:42,,On Delivery,3
ORD001925,2025-01-01 03:52:06,MDB120,maduboom 120 ml,23000,Dimo Didi Bajo,8860614987,Samarinda,2025-01-01 04:41:06,2025-01-01 09:41:06,,Processed,3
ORD001926,2025-01-10 16:33:18,MDB200,maduboom 200 ml,32000,Jofa Ramo,8208520935,Situbondo,2025-01-10 18:13:18,2025-01-12 04:13:18,,On Delivery,2
ORD001927,2025-01-18 18:05:31,MDB120,maduboom 120 ml,23000,Jomo Bajo Noka,8252706743,Gresik,2025-01-18 20:54:31,2025-01-20 19:54:31,,Delivered,2
ORD001928,2025-01-01 12:31:48,VTMMD60,vitaman madu 60 ml,50000,Nofa Fafa,8713937926,Serang,2025-01-01 13:54:48,2025-01-03 09:54:48,,Processed,1
ORD001929,2025-02-19 09:24:21,VTM60,vitaman 60 ml,30000,Fasa Bano Kaba,8676755937,Makassar,2025-02-19 09:58:21,2025-02-21 04:58:21,,On Delivery,3
ORD001930,2025-01-26 23:15:59,JDM,jelly drink madu,20000,Rari Faza Lina,8278144106,Tasikmalaya,2025-01-27 01:11:59,2025-01-28 22:11:59,,Delivered,2
ORD001931,2025-01-28 22:59:00,VTMMD60,vitaman madu 60 ml,50000,Miri Noli,8471204365,Sidoarjo,2025-01-29 01:59:00,2025-01-30 15:59:00,,Processed,3
ORD001932,2025-02-15 20:19:51,MDB120,maduboom 120 ml,23000,Tifa Misa Sadi,8785525551,Tuban,2025-02-15 21:28:51,2025-02-16 16:28:51,,On Delivery,1
ORD001933,2025-01-07 03:37:32,VTM60,vitaman 60 ml,30000,Modi Didi Lifa,8687893833,Samarinda,2025-01-07 05:17:32,2025-01-08 04:17:32,,Delivered,3
ORD001934,2025-01-22 13:59:08,MDB120,maduboom 120 ml,23000,Lidi Sajo Naba,8911111471,Denpasar,2025-01-22 14:54:08,2025-01-22 21:54:08,,Delivered,3
ORD001935,2025-01-04 00:38:34,VTM60,vitaman 60 ml,30000,Fali Rafa,8977523304,Blitar,2025-01-04 02:56:34,2025-01-06 02:56:34,,Processed,2
ORD001936,2025-02-20 08:56:44,VTMMD60,vitaman madu 60 ml,50000,Momo Zafa,8460018477,Madiun,2025-02-20 10:56:44,2025-02-21 13:56:44,,Delivered,3
ORD001937,2025-02-10 21:54:56,VTMMD60,vitaman madu 60 ml,50000,Zajo Zana,8595325296,Garut,2025-02-10 23:44:56,2025-02-12 15:44:56,,Processed,3
ORD001938,2025-02-15 14:53:55,VTMMD60,vitaman madu 60 ml,50000,Saba Risa Timi,8283536252,Banjarmasin,2025-02-15 16:25:55,2025-02-17 15:25:55,,On Delivery,1
ORD001939,2025-02-22 22:56:20,JDM,jelly drink madu,20000,Fadi Nono,8741277097,Tegal,2025-02-22 23:28:20,2025-02-24 07:28:20,,Processed,3
ORD001940,2025-01-21 10:41:11,JDM,jelly drink madu,20000,Tika Fadi,8608610750,Jakarta,2025-01-21 11:15:11,2025-01-22 22:15:11,,On Delivery,1
ORD001941,2025-02-19 02:06:11,MDB200,maduboom 200 ml,32000,Mofa Tidi Moba,8472613721,Pontianak,2025-02-19 02:44:11,2025-02-19 16:44:11,2025-02-24 16:44:11,Returned,2
ORD001942,2025-02-27 16:50:34,JDM,jelly drink madu,20000,Zamo Rifa,8435652613,Manado,2025-02-27 18:37:34,2025-02-28 16:37:34,,Processed,3
ORD001943,2025-02-25 11:41:02,MDB120,maduboom 120 ml,23000,Mimi Rifa,8596943894,Tabanan,2025-02-25 12:50:02,2025-02-26 03:50:02,,Processed,2
ORD001944,2025-01-13 03:20:17,MDB120,maduboom 120 ml,23000,Tijo Diba Saba,8666242130,Makassar,2025-01-13 06:16:17,2025-01-14 01:16:17,,Processed,2
ORD001945,2025-02-28 22:24:07,VTM60,vitaman 60 ml,30000,Nori Nomo Noti,8497237944,Sorong,2025-02-28 23:30:07,2025-03-02 09:30:07,,Processed,2
ORD001946,2025-01-06 01:05:32,MDB200,maduboom 200 ml,32000,Sano Diza,8897439801,Ternate,2025-01-06 02:27:32,2025-01-07 05:27:32,,On Delivery,2
ORD001947,2025-02-04 10:35:57,VTM60,vitaman 60 ml,30000,Fati Nona Faza,8557512994,Karangasem,2025-02-04 11:08:57,2025-02-05 21:08:57,,Delivered,2
ORD001948,2025-01-16 08:53:16,MDB200,maduboom 200 ml,32000,Mojo Naba Tiri,8845504243,Pontianak,2025-01-16 09:43:16,2025-01-16 18:43:16,,On Delivery,2
ORD001949,2025-02-08 23:32:58,JDM,jelly drink madu,20000,Naka Nojo Kaba,8507889845,Bandung,2025-02-09 00:43:58,2025-02-10 00:43:58,,Delivered,3
ORD001950,2025-02-11 00:33:05,VTM60,vitaman 60 ml,30000,Zajo Mori Fajo,8166443185,Bangli,2025-02-11 03:07:05,2025-02-11 19:07:05,,Delivered,2
ORD001951,2025-01-06 07:59:18,VTM60,vitaman 60 ml,30000,Liza Moba Limo,8803307473,Jayapura,2025-01-06 08:29:18,2025-01-07 01:29:18,,Processed,2
ORD001952,2025-01-13 03:14:20,MDB200,maduboom 200 ml,32000,Miti Mijo Nati,8607327402,Bandung,2025-01-13 04:18:20,2025-01-14 11:18:20,,On Delivery,1
ORD001953,2025-01-18 07:07:02,JDM,jelly drink madu,20000,Tijo Fati Tijo,8798060646,Sukabumi,2025-01-18 07:55:02,2025-01-19 15:55:02,,Delivered,1
ORD001954,2025-02-22 07:16:24,VTM60,vitaman 60 ml,30000,Liba Badi,8188463207,Semarang,2025-02-22 09:41:24,2025-02-22 19:41:24,,Delivered,2
ORD001955,2025-01-19 18:39:34,MDB120,maduboom 120 ml,23000,Risa Bana Bana,8389386067,Buleleng,2025-01-19 21:15:34,2025-01-21 20:15:34,,Delivered,2
ORD001956,2025-01-27 15:20:43,VTM60,vitaman 60 ml,30000,Sati Nali Nati,8669676105,Tegal,2025-01-27 16:50:43,2025-01-29 07:50:43,,Delivered,1
ORD001957,2025-02-15 14:06:44,MDB120,maduboom 120 ml,23000,Rimo Mijo,8645440446,Jembrana,2025-02-15 15:08:44,2025-02-16 12:08:44,,Delivered,2
ORD001958,2025-01-23 07:33:32,MDB120,maduboom 120 ml,23000,Tiza Risa Miza,8794929420,Ende,2025-01-23 09:02:32,2025-01-25 03:02:32,,Processed,1
ORD001959,2025-01-04 20:35:19,JDM,jelly drink madu,20000,Rifa Lika,8145082801,Tangerang,2025-01-04 23:18:19,2025-01-05 11:18:19,,Processed,1
ORD001960,2025-02-15 22:53:52,VTMMD60,vitaman madu 60 ml,50000,Moza Titi Lidi,8314316670,Tangerang,2025-02-16 00:25:52,2025-02-17 22:25:52,,On Delivery,3
ORD001961,2025-01-24 10:41:55,JDM,jelly drink madu,20000,Nasa Nana Noba,8240538873,Bojonegoro,2025-01-24 12:21:55,2025-01-26 07:21:55,,On Delivery,3
ORD001962,2025-02-10 11:36:10,MDB120,maduboom 120 ml,23000,Liti Tijo Fafa,8173781203,Jombang,2025-02-10 13:53:10,2025-02-11 13:53:10,,Processed,1
ORD001963,2025-02-27 21:38:05,MDB120,maduboom 120 ml,23000,Badi Sasa,8808839866,Bogor,2025-02-27 23:25:05,2025-02-28 05:25:05,,Processed,3
ORD001964,2025-01-21 08:50:07,JDM,jelly drink madu,20000,Namo Kami,8582728358,Manado,2025-01-21 10:02:07,2025-01-23 08:02:07,,Delivered,1
ORD001965,2025-01-18 01:50:55,MDB200,maduboom 200 ml,32000,Mofa Safa Mika,8841057836,Pasuruan,2025-01-18 03:21:55,2025-01-18 13:21:55,,Processed,1
ORD001966,2025-01-27 06:34:10,VTMMD60,vitaman madu 60 ml,50000,Bana Tili Bana,8298500295,Jambi,2025-01-27 07:33:10,2025-01-27 22:33:10,,On Delivery,1
ORD001967,2025-01-09 17:17:32,VTM60,vitaman 60 ml,30000,Mono Rati Jona,8482042537,Tangerang,2025-01-09 17:53:32,2025-01-10 04:53:32,2025-01-13 04:53:32,Returned,3
ORD001968,2025-02-03 18:51:57,MDB200,maduboom 200 ml,32000,Dika Sano,8537502357,Lombok Timur,2025-02-03 20:33:57,2025-02-04 05:33:57,,On Delivery,1
ORD001969,2025-02-20 19:14:18,MDB200,maduboom 200 ml,32000,Miti Samo,8128854296,Jayapura,2025-02-20 20:48:18,2025-02-21 23:48:18,,On Delivery,1
ORD001970,2025-02-01 16:05:21,MDB120,maduboom 120 ml,23000,Nami Rali,8381533717,Purwokerto,2025-02-01 16:40:21,2025-02-02 18:40:21,,Processed,1
ORD001971,2025-02-03 06:14:13,JDM,jelly drink madu,20000,Kari Dili,8133375453,Subang,2025-02-03 08:23:13,2025-02-05 03:23:13,,On Delivery,2
ORD001972,2025-01-30 12:42:27,MDB200,maduboom 200 ml,32000,Difa Joli,8391783369,Cirebon,2025-01-30 15:34:27,2025-01-31 05:34:27,,Processed,3
ORD001973,2025-02-27 14:41:57,MDB200,maduboom 200 ml,32000,Liti Moli Sari,8562870653,Buleleng,2025-02-27 16:38:57,2025-03-01 10:38:57,,Delivered,2
ORD001974,2025-01-09 23:35:07,MDB120,maduboom 120 ml,23000,Badi Ramo,8640888394,Gorontalo,2025-01-10 02:06:07,2025-01-11 07:06:07,,On Delivery,3
ORD001975,2025-02-22 10:59:57,VTM60,vitaman 60 ml,30000,Naka Fadi,8462796883,Purwakarta,2025-02-22 11:59:57,2025-02-22 19:59:57,,Delivered,1
ORD001976,2025-01-27 02:19:34,MDB120,maduboom 120 ml,23000,Kali Sasa,8834764595,Larantuka,2025-01-27 04:16:34,2025-01-28 09:16:34,,On Delivery,1
ORD001977,2025-01-04 19:30:15,VTM60,vitaman 60 ml,30000,Sano Zadi,8240765369,Ambon,2025-01-04 21:04:15,2025-01-06 12:04:15,2025-01-08 12:04:15,Returned,3
ORD001978,2025-01-12 13:01:43,VTMMD60,vitaman madu 60 ml,50000,Faka Kara Lina,8525243306,Situbondo,2025-01-12 15:46:43,2025-01-13 11:46:43,2025-01-15 11:46:43,Returned,1
ORD001979,2025-02-21 15:38:47,VTM60,vitaman 60 ml,30000,Miri Sami,8890768529,Sukabumi,2025-02-21 18:23:47,2025-02-23 04:23:47,,Delivered,1
ORD001980,2025-02-08 10:02:41,VTMMD60,vitaman madu 60 ml,50000,Mofa Bano Baza,8317613017,Ponorogo,2025-02-08 10:40:41,2025-02-09 23:40:41,,Processed,3
ORD001981,2025-02-20 06:22:26,MDB120,maduboom 120 ml,23000,Rino Momi,8374166885,Bangli,2025-02-20 08:36:26,2025-02-20 18:36:26,,Processed,3
ORD001982,2025-02-06 04:13:44,MDB120,maduboom 120 ml,23000,Nana Joka Rami,8335754676,Kediri,2025-02-06 05:59:44,2025-02-07 04:59:44,,On Delivery,1
ORD001983,2025-02-20 14:29:36,MDB120,maduboom 120 ml,23000,Kati Faza Mimi,8471420475,Purwakarta,2025-02-20 16:41:36,2025-02-20 22:41:36,2025-02-24 22:41:36,Returned,1
ORD001984,2025-01-16 08:32:47,VTM60,vitaman 60 ml,30000,Kasa Dino Sasa,8222184852,Bangli,2025-01-16 10:35:47,2025-01-16 20:35:47,,Delivered,3
ORD001985,2025-01-12 09:03:13,VTM60,vitaman 60 ml,30000,Kafa Bamo,8973026519,Maumere,2025-01-12 10:58:13,2025-01-13 09:58:13,,Processed,3
ORD001986,2025-02-21 11:49:13,MDB200,maduboom 200 ml,32000,Naza Rana,8789606872,Pekanbaru,2025-02-21 14:12:13,2025-02-22 14:12:13,,On Delivery,1
ORD001987,2025-01-25 14:55:12,JDM,jelly drink madu,20000,Kati Rati Bami,8405879920,Jayapura,2025-01-25 15:27:12,2025-01-27 04:27:12,,On Delivery,3
ORD001988,2025-01-31 05:56:38,JDM,jelly drink madu,20000,Mijo Kafa Dimo,8542235631,Ngawi,2025-01-31 08:16:38,2025-01-31 22:16:38,,Processed,3
ORD001989,2025-01-18 11:14:11,VTM60,vitaman 60 ml,30000,Noba Mori,8155089097,Maumere,2025-01-18 13:48:11,2025-01-19 13:48:11,,On Delivery,2
ORD001990,2025-01-30 10:25:10,VTM60,vitaman 60 ml,30000,Mora Nona,8657042768,Kudus,2025-01-30 11:41:10,2025-02-01 08:41:10,,Delivered,3
ORD001991,2025-01-12 12:01:04,VTM60,vitaman 60 ml,30000,Bano Nari,8934502419,Tuban,2025-01-12 14:32:04,2025-01-12 23:32:04,,Processed,1
ORD001992,2025-01-13 14:14:33,MDB200,maduboom 200 ml,32000,Najo Rari,8630124707,Palangkaraya,2025-01-13 16:58:33,2025-01-15 05:58:33,,Processed,3
ORD001993,2025-02-18 16:40:49,VTMMD60,vitaman madu 60 ml,50000,Rali Rina,8149074872,Jembrana,2025-02-18 19:12:49,2025-02-20 09:12:49,,Processed,2
ORD001994,2025-02-02 21:03:01,JDM,jelly drink madu,20000,Dijo Bajo Fafa,8630797889,Denpasar,2025-02-02 21:46:01,2025-02-04 17:46:01,2025-02-09 17:46:01,Returned,3
ORD001995,2025-02-20 13:03:41,MDB200,maduboom 200 ml,32000,Sajo Kara Dijo,8792598375,Probolinggo,2025-02-20 13:57:41,2025-02-20 23:57:41,,On Delivery,1
ORD001996,2025-02-05 09:49:22,MDB120,maduboom 120 ml,23000,Miba Difa,8865855797,Tabanan,2025-02-05 11:30:22,2025-02-05 22:30:22,,Delivered,2
ORD001997,2025-01-23 19:37:34,VTMMD60,vitaman madu 60 ml,50000,Kati Sari,8447589405,Ponorogo,2025-01-23 21:23:34,2025-01-25 04:23:34,,Delivered,1
ORD001998,2025-01-28 09:26:21,VTM60,vitaman 60 ml,30000,Basa Mofa Nori,8776131263,Bengkulu,2025-01-28 12:14:21,2025-01-29 11:14:21,2025-02-03 11:14:21,Returned,3
ORD001999,2025-02-24 14:29:13,VTM60,vitaman 60 ml,30000,Diti Titi,8359863597,Purwakarta,2025-02-24 16:09:13,2025-02-25 05:09:13,,On Delivery,3
ORD002000,2025-01-04 13:47:52,MDB120,maduboom 120 ml,23000,Nori Lili Jofa,8413695749,Maumere,2025-01-04 14:43:52,2025-01-06 07:43:52,,On Delivery,2
ORD002001,2025-01-15 14:44:43,MDB120,maduboom 120 ml,23000,Mimi Rili Tiri,8686115244,Lombok Barat,2025-01-15 17:39:43,2025-01-17 01:39:43,2025-01-20 01:39:43,Returned,3
ORD002002,2025-02-27 00:28:55,JDM,jelly drink madu,20000,Samo Jomi,8509296869,Ponorogo,2025-02-27 02:07:55,2025-02-28 06:07:55,,Delivered,3
ORD002003,2025-01-22 01:47:20,VTMMD60,vitaman madu 60 ml,50000,Moba Rari,8931493646,Batam,2025-01-22 04:25:20,2025-01-23 01:25:20,2025-01-28 01:25:20,Returned,2
ORD002004,2025-02-02 23:25:20,VTMMD60,vitaman madu 60 ml,50000,Mika Baka Mili,8449366923,Indramayu,2025-02-03 01:47:20,2025-02-04 11:47:20,,Delivered,1
ORD002005,2025-01-11 10:09:24,MDB200,maduboom 200 ml,32000,Fafa Jomi,8379393509,Purwokerto,2025-01-11 11:56:24,2025-01-12 02:56:24,,Processed,2
ORD002006,2025-02-11 08:04:41,MDB120,maduboom 120 ml,23000,Rina Saba,8409179192,Magelang,2025-02-11 10:57:41,2025-02-12 15:57:41,,Delivered,3
ORD002007,2025-01-08 04:48:22,VTM60,vitaman 60 ml,30000,Lina Namo,8692773327,Garut,2025-01-08 06:31:22,2025-01-09 23:31:22,,Processed,2
ORD002008,2025-01-22 12:45:22,MDB120,maduboom 120 ml,23000,Jora Diti,8187398417,Sidoarjo,2025-01-22 15:44:22,2025-01-23 23:44:22,,Delivered,3
ORD002009,2025-02-27 18:05:32,VTMMD60,vitaman madu 60 ml,50000,Mira Risa,8771916664,Pasuruan,2025-02-27 19:18:32,2025-03-01 02:18:32,,On Delivery,1
ORD002010,2025-02-19 20:27:19,VTM60,vitaman 60 ml,30000,Nara Fari Moti,8449959732,Lamongan,2025-02-19 23:24:19,2025-02-21 12:24:19,,On Delivery,2
ORD002011,2025-01-21 02:23:32,MDB200,maduboom 200 ml,32000,Lira Tifa,8607915202,Jambi,2025-01-21 04:23:32,2025-01-22 23:23:32,,Delivered,3
ORD002012,2025-02-23 18:24:28,MDB120,maduboom 120 ml,23000,Sati Zami Dika,8814956090,Bojonegoro,2025-02-23 19:01:28,2025-02-25 14:01:28,,On Delivery,2
ORD002013,2025-01-27 10:13:30,MDB200,maduboom 200 ml,32000,Noba Rimi Fara,8750309942,Bangli,2025-01-27 11:10:30,2025-01-28 19:10:30,,Delivered,2
ORD002014,2025-02-20 15:52:10,VTM60,vitaman 60 ml,30000,Jono Nami Josa,8901101082,Cikarang,2025-02-20 16:43:10,2025-02-21 02:43:10,,On Delivery,3
ORD002015,2025-01-07 18:45:48,VTM60,vitaman 60 ml,30000,Mori Saka Jofa,8161063833,Gianyar,2025-01-07 21:43:48,2025-01-08 21:43:48,,On Delivery,3
ORD002016,2025-02-09 08:54:00,MDB200,maduboom 200 ml,32000,Rika Naza,8677935073,Jakarta,2025-02-09 09:40:00,2025-02-10 03:40:00,,Delivered,1
ORD002017,2025-02-04 13:14:16,JDM,jelly drink madu,20000,Sami Mori,8367149902,Palu,2025-02-04 15:33:16,2025-02-05 12:33:16,,Processed,3
ORD002018,2025-02-13 06:26:00,VTM60,vitaman 60 ml,30000,Bari Bafa Saba,8508010389,Yogyakarta,2025-02-13 08:29:00,2025-02-14 12:29:00,,Processed,3
ORD002019,2025-01-09 06:30:30,MDB200,maduboom 200 ml,32000,Titi Sara Rili,8440398764,Subang,2025-01-09 09:00:30,2025-01-10 08:00:30,,Processed,2
ORD002020,2025-01-28 06:14:57,MDB200,maduboom 200 ml,32000,Dijo Nadi Najo,8914331125,Pasuruan,2025-01-28 08:48:57,2025-01-29 14:48:57,,Delivered,2
ORD002021,2025-02-10 14:50:38,VTM60,vitaman 60 ml,30000,Mimo Timi Dijo,8452319521,Jakarta,2025-02-10 17:45:38,2025-02-11 18:45:38,,Delivered,2
ORD002022,2025-01-18 13:14:33,MDB120,maduboom 120 ml,23000,Basa Bajo,8799669849,Manado,2025-01-18 15:30:33,2025-01-19 23:30:33,,Delivered,3
ORD002023,2025-02-09 16:22:58,JDM,jelly drink madu,20000,Mori Liri,8442277051,Lamongan,2025-02-09 18:58:58,2025-02-11 15:58:58,,On Delivery,1
ORD002024,2025-01-28 21:40:01,JDM,jelly drink madu,20000,Kano Zadi,8629496804,Lombok Barat,2025-01-29 00:16:01,2025-01-29 15:16:01,,On Delivery,1
ORD002025,2025-01-23 17:44:42,MDB120,maduboom 120 ml,23000,Diza Rino,8784982429,Kediri,2025-01-23 20:01:42,2025-01-25 18:01:42,,On Delivery,2
ORD002026,2025-02-15 08:49:16,JDM,jelly drink madu,20000,Difa Mojo Sadi,8521179629,Samarinda,2025-02-15 09:50:16,2025-02-17 00:50:16,,Processed,2
ORD002027,2025-01-11 12:08:29,MDB200,maduboom 200 ml,32000,Sajo Dimi Jona,8329284359,Palembang,2025-01-11 13:56:29,2025-01-12 14:56:29,,Processed,2
ORD002028,2025-01-23 09:31:53,MDB200,maduboom 200 ml,32000,Lino Mono Dijo,8504709965,Ende,2025-01-23 11:44:53,2025-01-25 08:44:53,,Processed,2
ORD002029,2025-01-17 16:13:34,VTM60,vitaman 60 ml,30000,Limo Rara Jona,8858565748,Padang,2025-01-17 18:29:34,2025-01-19 09:29:34,2025-01-24 09:29:34,Returned,1
ORD002030,2025-02-07 21:23:23,JDM,jelly drink madu,20000,Fafa Zari Momi,8327229034,Samarinda,2025-02-07 22:52:23,2025-02-09 11:52:23,,On Delivery,3
ORD002031,2025-02-10 10:50:26,JDM,jelly drink madu,20000,Kadi Rafa,8703543527,Tangerang,2025-02-10 12:14:26,2025-02-12 00:14:26,,Processed,3
ORD002032,2025-02-07 15:25:10,VTM60,vitaman 60 ml,30000,Saka Modi,8565498933,Ngawi,2025-02-07 17:57:10,2025-02-08 16:57:10,,Delivered,2
ORD002033,2025-01-26 08:40:20,JDM,jelly drink madu,20000,Dika Faka Lira,8324706498,Indramayu,2025-01-26 09:51:20,2025-01-27 11:51:20,,Processed,1
ORD002034,2025-01-03 21:39:18,JDM,jelly drink madu,20000,Timi Raka Mino,8616425221,Bandar Lampung,2025-01-03 23:08:18,2025-01-05 06:08:18,,Processed,1
ORD002035,2025-02-25 20:24:28,MDB120,maduboom 120 ml,23000,Mino Raza,8917408416,Manado,2025-02-25 22:26:28,2025-02-26 22:26:28,,Processed,1
ORD002036,2025-01-25 20:53:53,VTM60,vitaman 60 ml,30000,Famo Rasa Zaza,8796248966,Jambi,2025-01-25 23:52:53,2025-01-26 08:52:53,,Delivered,3
ORD002037,2025-01-31 20:30:35,JDM,jelly drink madu,20000,Kana Naza,8634682113,Tuban,2025-01-31 22:43:35,2025-02-01 13:43:35,,Processed,1
ORD002038,2025-01-09 03:00:04,JDM,jelly drink madu,20000,Zaza Rimi Ridi,8723418958,Banjarmasin,2025-01-09 03:42:04,2025-01-09 21:42:04,,On Delivery,3
ORD002039,2025-01-15 21:22:53,MDB120,maduboom 120 ml,23000,Sajo Noka,8860064772,Jayapura,2025-01-16 00:12:53,2025-01-17 21:12:53,,Processed,3
ORD002040,2025-01-31 14:17:18,VTMMD60,vitaman madu 60 ml,50000,Sana Tifa,8311758370,Cikarang,2025-01-31 16:30:18,2025-02-02 12:30:18,,On Delivery,1
ORD002041,2025-01-13 02:43:11,MDB200,maduboom 200 ml,32000,Zaba Tika Liza,8635058293,Cianjur,2025-01-13 04:15:11,2025-01-13 21:15:11,2025-01-15 21:15:11,Returned,2
ORD002042,2025-01-27 03:51:22,MDB120,maduboom 120 ml,23000,Rajo Dina Nomi,8226574068,Sukabumi,2025-01-27 05:18:22,2025-01-27 11:18:22,,Processed,2
ORD002043,2025-02-14 20:13:14,MDB120,maduboom 120 ml,23000,Rino Mono,8346456046,Sorong,2025-02-14 21:24:14,2025-02-15 05:24:14,,On Delivery,3
ORD002044,2025-01-20 02:55:04,VTM60,vitaman 60 ml,30000,Mora Jomo Mino,8115951042,Kupang,2025-01-20 05:30:04,2025-01-21 19:30:04,,Processed,1
ORD002045,2025-02-01 08:11:55,VTMMD60,vitaman madu 60 ml,50000,Tika Diri Sara,8242446699,Manado,2025-02-01 10:41:55,2025-02-03 04:41:55,,On Delivery,3
ORD002046,2025-02-18 01:32:11,JDM,jelly drink madu,20000,Rina Jora,8406235732,Makassar,2025-02-18 02:15:11,2025-02-19 08:15:11,,Processed,2
ORD002047,2025-02-24 10:55:27,JDM,jelly drink madu,20000,Tisa Fadi Radi,8562171728,Bandar Lampung,2025-02-24 12:05:27,2025-02-26 12:05:27,,Delivered,3
ORD002048,2025-01-14 19:55:53,JDM,jelly drink madu,20000,Bali Ramo Baba,8227967825,Palembang,2025-01-14 20:50:53,2025-01-16 18:50:53,,Processed,1
ORD002049,2025-01-05 00:25:23,MDB200,maduboom 200 ml,32000,Sati Difa Dimo,8778203821,Ngawi,2025-01-05 02:41:23,2025-01-06 15:41:23,,Delivered,2
ORD002050,2025-01-28 04:35:01,JDM,jelly drink madu,20000,Nali Nosa,8423600410,Lamongan,2025-01-28 07:20:01,2025-01-29 04:20:01,,Processed,3
ORD002051,2025-02-13 04:12:04,VTMMD60,vitaman madu 60 ml,50000,Nona Naka,8202731352,Bangli,2025-02-13 05:48:04,2025-02-15 05:48:04,,Delivered,2
ORD002052,2025-02-07 19:59:34,JDM,jelly drink madu,20000,Moli Mijo Bari,8105908108,Ngawi,2025-02-07 21:17:34,2025-02-08 15:17:34,,On Delivery,3
ORD002053,2025-02-23 08:33:51,MDB200,maduboom 200 ml,32000,Zadi Ramo,8374567997,Palembang,2025-02-23 11:02:51,2025-02-25 00:02:51,,Processed,1
ORD002054,2025-02-21 00:34:47,JDM,jelly drink madu,20000,Bana Nana,8556423478,Magelang,2025-02-21 02:53:47,2025-02-22 20:53:47,,On Delivery,2
ORD002055,2025-02-05 05:05:30,VTMMD60,vitaman madu 60 ml,50000,Miti Noli Faka,8413693954,Sumedang,2025-02-05 06:29:30,2025-02-06 05:29:30,,On Delivery,2
ORD002056,2025-01-24 15:48:02,VTM60,vitaman 60 ml,30000,Nari Zati,8392141469,Jepara,2025-01-24 17:55:02,2025-01-26 15:55:02,,Processed,1
ORD002057,2025-01-04 08:59:21,VTMMD60,vitaman madu 60 ml,50000,Nojo Dimo Noba,8366840037,Madiun,2025-01-04 09:58:21,2025-01-05 16:58:21,,Delivered,1
ORD002058,2025-01-04 14:22:47,VTM60,vitaman 60 ml,30000,Dira Mino,8582360237,Sidoarjo,2025-01-04 16:45:47,2025-01-05 04:45:47,,Processed,2
ORD002059,2025-01-09 22:09:35,VTM60,vitaman 60 ml,30000,Zaza Mijo,8267783895,Karawang,2025-01-09 22:43:35,2025-01-11 13:43:35,,On Delivery,1
ORD002060,2025-01-06 04:06:03,JDM,jelly drink madu,20000,Nara Joza Tira,8339328919,Jepara,2025-01-06 06:26:03,2025-01-06 21:26:03,,Processed,3
ORD002061,2025-01-20 04:45:03,VTMMD60,vitaman madu 60 ml,50000,Diri Tidi,8948714398,Larantuka,2025-01-20 07:30:03,2025-01-22 00:30:03,,Delivered,1
ORD002062,2025-02-18 01:36:58,VTM60,vitaman 60 ml,30000,Rino Dina Momo,8489659801,Ende,2025-02-18 02:10:58,2025-02-18 13:10:58,,Processed,2
ORD002063,2025-01-12 04:59:42,VTMMD60,vitaman madu 60 ml,50000,Baza Raza Noza,8804675313,Jambi,2025-01-12 05:36:42,2025-01-13 11:36:42,,Processed,2
ORD002064,2025-01-13 20:20:10,MDB120,maduboom 120 ml,23000,Zara Baza,8160646901,Manado,2025-01-13 23:17:10,2025-01-14 18:17:10,,On Delivery,3
ORD002065,2025-01-07 04:53:01,MDB200,maduboom 200 ml,32000,Moli Moli,8377915833,Gresik,2025-01-07 07:49:01,2025-01-08 22:49:01,,On Delivery,2
ORD002066,2025-01-01 03:27:30,VTMMD60,vitaman madu 60 ml,50000,Nora Dina Kaza,8393108504,Pekanbaru,2025-01-01 05:18:30,2025-01-02 10:18:30,,On Delivery,2
ORD002067,2025-02-22 06:37:59,VTM60,vitaman 60 ml,30000,Dimi Noba Fari,8326058833,Mataram,2025-02-22 07:37:59,2025-02-22 14:37:59,,Processed,3
ORD002068,2025-02-23 08:11:53,MDB120,maduboom 120 ml,23000,Fari Rasa Mimo,8465893717,Jayapura,2025-02-23 09:21:53,2025-02-23 16:21:53,,Processed,3
ORD002069,2025-02-28 18:47:50,JDM,jelly drink madu,20000,Nodi Liri Riba,8860972034,Tegal,2025-02-28 19:38:50,2025-03-01 20:38:50,,On Delivery,3
ORD002070,2025-02-21 14:58:31,MDB200,maduboom 200 ml,32000,Lira Nodi Lili,8230645984,Gianyar,2025-02-21 15:29:31,2025-02-23 06:29:31,2025-03-02 06:29:31,Returned,3
ORD002071,2025-01-23 20:46:31,VTM60,vitaman 60 ml,30000,Tiza Jora Naba,8163739377,Purwokerto,2025-01-23 22:14:31,2025-01-25 01:14:31,,Processed,2
ORD002072,2025-01-01 04:55:22,MDB120,maduboom 120 ml,23000,Moka Momo,8319838543,Indramayu,2025-01-01 06:07:22,2025-01-02 19:07:22,,Processed,2
ORD002073,2025-02-18 23:13:22,JDM,jelly drink madu,20000,Titi Faba,8199601007,Jombang,2025-02-19 00:28:22,2025-02-20 18:28:22,,On Delivery,1
ORD002074,2025-01-26 11:50:52,JDM,jelly drink madu,20000,Noli Zasa,8913767826,Tuban,2025-01-26 14:38:52,2025-01-27 15:38:52,,Processed,3
ORD002075,2025-01-22 12:49:12,MDB120,maduboom 120 ml,23000,Moli Modi,8968700672,Tabanan,2025-01-22 13:39:12,2025-01-22 19:39:12,,Processed,3
ORD002076,2025-01-23 18:48:32,MDB120,maduboom 120 ml,23000,Kafa Moka,8591931813,Tasikmalaya,2025-01-23 20:09:32,2025-01-25 15:09:32,,Processed,1
ORD002077,2025-01-06 21:25:51,VTMMD60,vitaman madu 60 ml,50000,Zadi Raba,8472813523,Batu,2025-01-06 22:25:51,2025-01-08 21:25:51,,Processed,1
ORD002078,2025-01-10 22:06:08,JDM,jelly drink madu,20000,Ramo Rana,8956796581,Tangerang,2025-01-10 23:34:08,2025-01-11 13:34:08,,On Delivery,1
ORD002079,2025-02-08 17:14:48,VTM60,vitaman 60 ml,30000,Dimo Bami Bamo,8146237098,Palu,2025-02-08 18:27:48,2025-02-09 01:27:48,2025-02-13 01:27:48,Returned,3
ORD002080,2025-02-17 13:24:11,VTM60,vitaman 60 ml,30000,Faka Dimi Disa,8102004653,Manado,2025-02-17 15:45:11,2025-02-19 05:45:11,,Delivered,1
ORD002081,2025-02-11 02:30:01,JDM,jelly drink madu,20000,Noza Rira,8158804242,Palembang,2025-02-11 03:21:01,2025-02-12 11:21:01,,Processed,1
ORD002082,2025-01-01 12:03:25,MDB200,maduboom 200 ml,32000,Dino Sano Diba,8482151630,Batam,2025-01-01 13:40:25,2025-01-02 11:40:25,,Delivered,2
ORD002083,2025-01-21 14:24:17,JDM,jelly drink madu,20000,Zana Kari,8726592102,Palembang,2025-01-21 16:04:17,2025-01-23 11:04:17,,Processed,3
ORD002084,2025-01-31 18:39:18,VTM60,vitaman 60 ml,30000,Moza Mofa,8744253912,Karawang,2025-01-31 19:50:18,2025-02-02 06:50:18,,Delivered,1
ORD002085,2025-02-15 16:23:08,VTM60,vitaman 60 ml,30000,Raka Miri Rano,8688890861,Denpasar,2025-02-15 19:23:08,2025-02-16 15:23:08,,Delivered,2
ORD002086,2025-02-03 07:21:15,MDB120,maduboom 120 ml,23000,Disa Lira,8967449005,Ternate,2025-02-03 08:36:15,2025-02-04 02:36:15,,Processed,1
ORD002087,2025-01-12 08:43:36,VTMMD60,vitaman madu 60 ml,50000,Kamo Lifa,8209247673,Denpasar,2025-01-12 09:27:36,2025-01-14 09:27:36,2025-01-20 09:27:36,Returned,3
ORD002088,2025-01-20 16:50:33,MDB120,maduboom 120 ml,23000,Jomo Rira,8887743185,Denpasar,2025-01-20 17:32:33,2025-01-21 08:32:33,2025-01-27 08:32:33,Returned,3
ORD002089,2025-01-26 15:10:23,MDB200,maduboom 200 ml,32000,Nomo Dina,8292781880,Ende,2025-01-26 17:05:23,2025-01-28 05:05:23,,Processed,2
ORD002090,2025-02-23 11:26:40,VTMMD60,vitaman madu 60 ml,50000,Moba Fara,8470630120,Madiun,2025-02-23 13:02:40,2025-02-24 17:02:40,2025-02-27 17:02:40,Returned,1
ORD002091,2025-02-12 21:19:43,VTMMD60,vitaman madu 60 ml,50000,Sana Tidi,8288810207,Bengkulu,2025-02-13 00:08:43,2025-02-14 22:08:43,,Delivered,1
ORD002092,2025-01-05 10:43:21,MDB120,maduboom 120 ml,23000,Bami Rajo,8989293902,Jepara,2025-01-05 12:59:21,2025-01-05 18:59:21,,Delivered,2
ORD002093,2025-01-12 05:25:13,MDB120,maduboom 120 ml,23000,Riti Rimo,8704813529,Lombok Barat,2025-01-12 07:46:13,2025-01-13 09:46:13,,Delivered,2
ORD002094,2025-01-04 11:07:36,VTMMD60,vitaman madu 60 ml,50000,Diri Liri Liba,8218367070,Buleleng,2025-01-04 13:56:36,2025-01-05 12:56:36,,Processed,1
ORD002095,2025-01-15 19:13:58,MDB120,maduboom 120 ml,23000,Zafa Tidi,8210915767,Bandung,2025-01-15 20:20:58,2025-01-16 13:20:58,,Delivered,3
ORD002096,2025-01-12 17:29:16,JDM,jelly drink madu,20000,Mori Sali,8290606789,Magelang,2025-01-12 19:53:16,2025-01-14 03:53:16,,Delivered,3
ORD002097,2025-02-14 19:50:09,JDM,jelly drink madu,20000,Nomo Saka,8177974022,Lombok Timur,2025-02-14 21:46:09,2025-02-16 04:46:09,,Processed,2
ORD002098,2025-02-19 21:08:54,MDB200,maduboom 200 ml,32000,Limi Bami Diri,8149336469,Madiun,2025-02-19 23:46:54,2025-02-20 15:46:54,,Delivered,1
ORD002099,2025-01-27 15:08:07,JDM,jelly drink madu,20000,Fafa Mira,8606089383,Gianyar,2025-01-27 15:42:07,2025-01-29 08:42:07,2025-02-02 08:42:07,Returned,3
ORD002100,2025-01-18 13:59:41,MDB120,maduboom 120 ml,23000,Limo Mili Faba,8429315311,Pekanbaru,2025-01-18 16:21:41,2025-01-20 13:21:41,,Processed,1
ORD002101,2025-01-02 11:11:09,JDM,jelly drink madu,20000,Zara Momi,8506137963,Karangasem,2025-01-02 12:32:09,2025-01-02 21:32:09,,Delivered,2
ORD002102,2025-02-28 04:52:03,VTM60,vitaman 60 ml,30000,Disa Jojo,8854196805,Balikpapan,2025-02-28 05:51:03,2025-03-01 22:51:03,2025-03-05 22:51:03,Returned,2
ORD002103,2025-01-01 14:54:43,JDM,jelly drink madu,20000,Kati Zaba Momo,8984857108,Sumedang,2025-01-01 17:20:43,2025-01-03 08:20:43,,On Delivery,1
ORD002104,2025-01-29 20:00:01,VTM60,vitaman 60 ml,30000,Jono Saba,8953218419,Probolinggo,2025-01-29 20:30:01,2025-01-31 17:30:01,,On Delivery,1
ORD002105,2025-02-14 08:41:38,VTMMD60,vitaman madu 60 ml,50000,Mono Zamo Nano,8775603050,Bangli,2025-02-14 10:09:38,2025-02-14 18:09:38,,Processed,2
ORD002106,2025-01-27 08:35:08,MDB120,maduboom 120 ml,23000,Difa Nami Nona,8494997250,Makassar,2025-01-27 09:24:08,2025-01-27 17:24:08,,Processed,3
ORD002107,2025-02-07 23:42:37,MDB120,maduboom 120 ml,23000,Tiba Momo,8944754932,Mataram,2025-02-08 00:56:37,2025-02-08 18:56:37,,On Delivery,2
ORD002108,2025-01-08 10:59:38,VTMMD60,vitaman madu 60 ml,50000,Kara Lika Miba,8993570468,Ternate,2025-01-08 13:06:38,2025-01-10 09:06:38,,Delivered,2
ORD002109,2025-01-03 13:10:01,JDM,jelly drink madu,20000,Zami Naza Lika,8849726875,Lamongan,2025-01-03 15:40:01,2025-01-04 14:40:01,,Delivered,2
ORD002110,2025-02-21 19:28:26,JDM,jelly drink madu,20000,Mono Zano Didi,8646573707,Sidoarjo,2025-02-21 21:49:26,2025-02-22 07:49:26,,On Delivery,1
ORD002111,2025-02-02 13:17:56,VTMMD60,vitaman madu 60 ml,50000,Zafa Nali Bali,8421885645,Tasikmalaya,2025-02-02 14:25:56,2025-02-03 09:25:56,,On Delivery,1
ORD002112,2025-01-10 05:03:51,MDB120,maduboom 120 ml,23000,Josa Mori,8180931835,Bengkulu,2025-01-10 06:56:51,2025-01-10 23:56:51,,On Delivery,2
ORD002113,2025-02-08 19:10:05,MDB200,maduboom 200 ml,32000,Namo Bami Faba,8456338267,Malang,2025-02-08 22:04:05,2025-02-09 16:04:05,,On Delivery,2
ORD002114,2025-01-25 16:17:37,JDM,jelly drink madu,20000,Fari Jori,8368850448,Situbondo,2025-01-25 18:44:37,2025-01-26 12:44:37,2025-01-30 12:44:37,Returned,3
ORD002115,2025-02-01 01:50:24,VTM60,vitaman 60 ml,30000,Lino Moza,8463730135,Pontianak,2025-02-01 04:36:24,2025-02-02 10:36:24,,On Delivery,1
ORD002116,2025-02-25 07:30:46,MDB200,maduboom 200 ml,32000,Rara Sana Fano,8653504905,Palu,2025-02-25 09:20:46,2025-02-25 21:20:46,,Delivered,1
ORD002117,2025-02-23 14:12:07,MDB200,maduboom 200 ml,32000,Lisa Saza,8873252085,Sumedang,2025-02-23 16:34:07,2025-02-25 00:34:07,,On Delivery,3
ORD002118,2025-02-22 12:06:11,VTM60,vitaman 60 ml,30000,Fali Dimo Riza,8217318043,Karawang,2025-02-22 13:45:11,2025-02-22 22:45:11,,Processed,2
ORD002119,2025-01-18 16:24:58,VTM60,vitaman 60 ml,30000,Titi Joti Jona,8660467849,Cikarang,2025-01-18 19:10:58,2025-01-19 22:10:58,,Delivered,3
ORD002120,2025-02-26 12:03:37,MDB120,maduboom 120 ml,23000,Rino Saba,8781621024,Kudus,2025-02-26 13:00:37,2025-02-26 20:00:37,,Delivered,2
ORD002121,2025-01-21 05:31:53,MDB120,maduboom 120 ml,23000,Moba Miza Tika,8471647478,Bengkulu,2025-01-21 06:13:53,2025-01-22 13:13:53,,Processed,1
ORD002122,2025-01-30 20:22:33,VTM60,vitaman 60 ml,30000,Fadi Misa,8573559720,Tegal,2025-01-30 20:58:33,2025-01-31 20:58:33,2025-02-04 20:58:33,Returned,1
ORD002123,2025-01-14 22:27:33,JDM,jelly drink madu,20000,Bano Joba Baka,8399298177,Tegal,2025-01-14 23:49:33,2025-01-15 09:49:33,,Processed,3
ORD002124,2025-02-23 21:16:42,MDB120,maduboom 120 ml,23000,Samo Rana Mona,8306856167,Singaraja,2025-02-23 23:57:42,2025-02-24 17:57:42,2025-02-26 17:57:42,Returned,1
ORD002125,2025-02-14 06:56:51,JDM,jelly drink madu,20000,Nodi Baka Rajo,8420584393,Karawang,2025-02-14 09:16:51,2025-02-16 01:16:51,,On Delivery,3
ORD002126,2025-02-08 11:50:02,JDM,jelly drink madu,20000,Zadi Fali Riba,8259136480,Purwokerto,2025-02-08 13:08:02,2025-02-08 23:08:02,,Delivered,2
ORD002127,2025-01-28 18:59:37,VTMMD60,vitaman madu 60 ml,50000,Bami Modi,8914146069,Malang,2025-01-28 21:56:37,2025-01-30 18:56:37,,Processed,1
ORD002128,2025-01-05 03:42:30,MDB200,maduboom 200 ml,32000,Liri Kadi,8159732884,Pontianak,2025-01-05 04:47:30,2025-01-07 03:47:30,,Delivered,3
ORD002129,2025-02-07 05:42:38,MDB200,maduboom 200 ml,32000,Fana Riti,8687485810,Singaraja,2025-02-07 08:13:38,2025-02-07 17:13:38,,Processed,2
ORD002130,2025-01-08 23:09:13,VTMMD60,vitaman madu 60 ml,50000,Tiza Lidi Mosa,8779385023,Lombok Timur,2025-01-09 00:30:13,2025-01-10 03:30:13,,Delivered,2
ORD002131,2025-01-30 22:14:48,VTMMD60,vitaman madu 60 ml,50000,Rana Mosa Fati,8597552258,Jayapura,2025-01-31 00:19:48,2025-02-01 21:19:48,,Processed,3
ORD002132,2025-01-23 13:58:25,MDB200,maduboom 200 ml,32000,Raza Mina Nano,8756898691,Samarinda,2025-01-23 14:30:25,2025-01-24 21:30:25,,On Delivery,2
ORD002133,2025-01-23 09:51:03,MDB200,maduboom 200 ml,32000,Kajo Midi,8722402422,Bekasi,2025-01-23 12:29:03,2025-01-24 11:29:03,,Delivered,3
ORD002134,2025-01-02 15:20:56,MDB120,maduboom 120 ml,23000,Riri Zadi,8429498059,Tangerang,2025-01-02 17:14:56,2025-01-04 06:14:56,,Processed,3
ORD002135,2025-01-09 15:56:20,MDB200,maduboom 200 ml,32000,Mosa Disa,8556048935,Gorontalo,2025-01-09 17:53:20,2025-01-09 22:53:20,,On Delivery,1
ORD002136,2025-02-27 10:26:31,MDB200,maduboom 200 ml,32000,Zajo Kajo Nami,8648534866,Padang,2025-02-27 11:05:31,2025-02-28 11:05:31,,On Delivery,1
ORD002137,2025-01-08 16:55:17,MDB120,maduboom 120 ml,23000,Rami Mina,8242907580,Larantuka,2025-01-08 18:42:17,2025-01-10 03:42:17,,On Delivery,1
ORD002138,2025-01-05 08:00:41,VTMMD60,vitaman madu 60 ml,50000,Fajo Nasa,8621131601,Jambi,2025-01-05 10:28:41,2025-01-07 06:28:41,,On Delivery,1
ORD002139,2025-01-07 15:16:11,VTM60,vitaman 60 ml,30000,Fano Nosa,8700010385,Malang,2025-01-07 17:45:11,2025-01-09 17:45:11,,On Delivery,1
ORD002140,2025-02-11 17:47:17,JDM,jelly drink madu,20000,Zaka Joka Tika,8442888646,Cikarang,2025-02-11 19:34:17,2025-02-13 00:34:17,,On Delivery,3
ORD002141,2025-01-23 06:03:38,MDB120,maduboom 120 ml,23000,Sati Disa Lino,8473244364,Padang,2025-01-23 08:17:38,2025-01-24 01:17:38,,Delivered,1
ORD002142,2025-01-06 14:28:27,JDM,jelly drink madu,20000,Badi Tili Zara,8159254552,Ende,2025-01-06 15:27:27,2025-01-07 21:27:27,,On Delivery,1
ORD002143,2025-01-30 05:23:26,MDB120,maduboom 120 ml,23000,Zami Kara,8782226699,Blitar,2025-01-30 06:37:26,2025-01-31 05:37:26,,Processed,2
ORD002144,2025-01-12 03:03:51,MDB200,maduboom 200 ml,32000,Limo Bana,8992124986,Denpasar,2025-01-12 03:33:51,2025-01-13 15:33:51,,On Delivery,1
ORD002145,2025-01-09 10:57:07,MDB200,maduboom 200 ml,32000,Kara Sano,8308887753,Mataram,2025-01-09 11:36:07,2025-01-09 16:36:07,,Processed,3
ORD002146,2025-02-27 16:33:15,MDB200,maduboom 200 ml,32000,Liri Josa Mona,8595314398,Gresik,2025-02-27 18:41:15,2025-03-01 03:41:15,,On Delivery,2
ORD002147,2025-02-19 06:32:57,MDB120,maduboom 120 ml,23000,Diba Jono Jojo,8450184754,Bekasi,2025-02-19 07:32:57,2025-02-19 19:32:57,,Delivered,3
ORD002148,2025-02-05 02:14:40,MDB120,maduboom 120 ml,23000,Mina Radi Disa,8246461183,Garut,2025-02-05 02:44:40,2025-02-06 05:44:40,,Processed,1
ORD002149,2025-02-25 03:23:02,MDB120,maduboom 120 ml,23000,Fana Basa Bana,8989024130,Gorontalo,2025-02-25 05:55:02,2025-02-26 07:55:02,2025-03-03 07:55:02,Returned,2
ORD002150,2025-01-13 22:15:11,VTMMD60,vitaman madu 60 ml,50000,Sasa Nasa,8219866943,Sorong,2025-01-13 23:04:11,2025-01-14 05:04:11,,On Delivery,3
ORD002151,2025-02-04 00:32:43,JDM,jelly drink madu,20000,Miba Tiza,8537941085,Tangerang,2025-02-04 01:36:43,2025-02-05 07:36:43,,Delivered,3
ORD002152,2025-01-11 04:10:14,MDB200,maduboom 200 ml,32000,Nomi Saka,8198386375,Manado,2025-01-11 06:33:14,2025-01-12 01:33:14,,Delivered,1
ORD002153,2025-01-23 05:05:48,VTMMD60,vitaman madu 60 ml,50000,Liri Samo Tiri,8574377217,Magelang,2025-01-23 07:41:48,2025-01-23 16:41:48,,Delivered,1
ORD002154,2025-01-07 11:56:50,MDB120,maduboom 120 ml,23000,Moli Joti,8389228021,Batu,2025-01-07 13:53:50,2025-01-09 09:53:50,,Processed,3
ORD002155,2025-01-21 01:52:40,VTM60,vitaman 60 ml,30000,Bafa Tidi Jomo,8203073368,Gianyar,2025-01-21 04:09:40,2025-01-21 22:09:40,,Delivered,2
ORD002156,2025-01-31 06:41:08,VTM60,vitaman 60 ml,30000,Kafa Mona Baza,8516266998,Kupang,2025-01-31 07:53:08,2025-01-31 16:53:08,,Delivered,2
ORD002157,2025-02-24 20:50:07,VTM60,vitaman 60 ml,30000,Zara Miza Noba,8579384943,Tegal,2025-02-24 22:32:07,2025-02-25 10:32:07,2025-03-01 10:32:07,Returned,1
ORD002158,2025-02-14 20:02:14,MDB200,maduboom 200 ml,32000,Zati Radi,8626084183,Kudus,2025-02-14 21:20:14,2025-02-15 21:20:14,,Processed,3
ORD002159,2025-02-21 11:23:32,VTMMD60,vitaman madu 60 ml,50000,Fadi Nati Joti,8564170936,Indramayu,2025-02-21 12:09:32,2025-02-22 10:09:32,,Processed,2
ORD002160,2025-01-12 15:13:27,VTM60,vitaman 60 ml,30000,Jojo Kati,8699965947,Ponorogo,2025-01-12 17:24:27,2025-01-13 10:24:27,,On Delivery,3
ORD002161,2025-01-29 01:38:22,VTMMD60,vitaman madu 60 ml,50000,Jodi Tino,8441543739,Surabaya,2025-01-29 04:12:22,2025-01-29 14:12:22,,On Delivery,3
ORD002162,2025-02-01 00:04:41,MDB200,maduboom 200 ml,32000,Sadi Fana Zali,8856826536,Bangli,2025-02-01 02:06:41,2025-02-02 03:06:41,,On Delivery,3
ORD002163,2025-01-08 06:49:49,MDB200,maduboom 200 ml,32000,Sati Joli,8614968455,Kendari,2025-01-08 09:34:49,2025-01-10 00:34:49,,On Delivery,2
ORD002164,2025-02-07 04:14:33,VTMMD60,vitaman madu 60 ml,50000,Zano Sami,8208587282,Banjarmasin,2025-02-07 05:01:33,2025-02-07 22:01:33,,On Delivery,3
ORD002165,2025-01-03 13:52:39,MDB200,maduboom 200 ml,32000,Noba Nosa Kaba,8579129139,Jembrana,2025-01-03 16:50:39,2025-01-05 07:50:39,,Delivered,3
ORD002166,2025-02-21 06:21:10,MDB120,maduboom 120 ml,23000,Rira Dina Mimo,8246661550,Kupang,2025-02-21 08:36:10,2025-02-22 16:36:10,,Delivered,1
ORD002167,2025-02-01 16:53:35,VTMMD60,vitaman madu 60 ml,50000,Joka Rimi,8391407123,Depok,2025-02-01 17:41:35,2025-02-02 04:41:35,,Delivered,2
ORD002168,2025-02-04 15:46:38,MDB120,maduboom 120 ml,23000,Tifa Moza Kati,8606480610,Tasikmalaya,2025-02-04 17:49:38,2025-02-06 00:49:38,,Processed,2
ORD002169,2025-01-08 03:13:00,MDB120,maduboom 120 ml,23000,Nona Rimi Fari,8386698247,Medan,2025-01-08 04:08:00,2025-01-08 19:08:00,,Processed,1
ORD002170,2025-02-17 19:07:33,VTMMD60,vitaman madu 60 ml,50000,Dira Rali,8360244666,Boyolali,2025-02-17 21:43:33,2025-02-19 12:43:33,,Delivered,3
ORD002171,2025-02-23 05:30:14,MDB120,maduboom 120 ml,23000,Fafa Kami,8927778747,Jepara,2025-02-23 07:30:14,2025-02-23 18:30:14,,Delivered,3
ORD002172,2025-02-24 04:48:09,MDB120,maduboom 120 ml,23000,Kana Dijo Miba,8798263842,Bandar Lampung,2025-02-24 06:05:09,2025-02-26 03:05:09,,Delivered,1
ORD002173,2025-02-05 11:18:24,JDM,jelly drink madu,20000,Famo Jomi Timi,8529548909,Palu,2025-02-05 12:13:24,2025-02-05 17:13:24,,On Delivery,1
ORD002174,2025-01-12 15:39:13,MDB120,maduboom 120 ml,23000,Moti Jori,8991556443,Tasikmalaya,2025-01-12 16:19:13,2025-01-14 06:19:13,2025-01-21 06:19:13,Returned,1
ORD002175,2025-01-19 14:20:51,VTM60,vitaman 60 ml,30000,Miba Mimo,8363795584,Manado,2025-01-19 15:00:51,2025-01-20 17:00:51,,Processed,2
ORD002176,2025-01-24 15:22:13,MDB120,maduboom 120 ml,23000,Moba Tijo Dimo,8720698134,Samarinda,2025-01-24 17:09:13,2025-01-25 20:09:13,,Delivered,1
ORD002177,2025-01-01 01:09:20,MDB200,maduboom 200 ml,32000,Noba Joba Raba,8973331224,Blitar,2025-01-01 02:32:20,2025-01-01 12:32:20,,Processed,1
ORD002178,2025-02-13 18:06:10,MDB200,maduboom 200 ml,32000,Rifa Noli,8266290402,Lamongan,2025-02-13 19:41:10,2025-02-15 09:41:10,,Delivered,2
ORD002179,2025-02-12 16:32:37,VTM60,vitaman 60 ml,30000,Miri Naba Jono,8453072073,Gresik,2025-02-12 18:36:37,2025-02-13 08:36:37,,Delivered,2
ORD002180,2025-01-10 17:44:43,MDB200,maduboom 200 ml,32000,Mino Bafa Rati,8565074707,Samarinda,2025-01-10 20:23:43,2025-01-11 02:23:43,,Delivered,2
ORD002181,2025-02-03 11:08:20,MDB120,maduboom 120 ml,23000,Nara Nafa Riri,8397241774,Gianyar,2025-02-03 11:55:20,2025-02-04 00:55:20,,On Delivery,3
ORD002182,2025-02-06 14:49:10,JDM,jelly drink madu,20000,Naza Diri Disa,8353752120,Malang,2025-02-06 16:47:10,2025-02-07 00:47:10,,Processed,2
ORD002183,2025-02-01 07:37:09,MDB120,maduboom 120 ml,23000,Nasa Mosa,8567049992,Pekanbaru,2025-02-01 09:14:09,2025-02-02 12:14:09,,Delivered,2
ORD002184,2025-01-12 12:44:01,JDM,jelly drink madu,20000,Nora Joti,8809587823,Ende,2025-01-12 13:14:01,2025-01-14 13:14:01,,Processed,2
ORD002185,2025-01-03 18:22:38,VTMMD60,vitaman madu 60 ml,50000,Diri Zamo,8177966281,Indramayu,2025-01-03 19:46:38,2025-01-04 22:46:38,,On Delivery,1
ORD002186,2025-01-16 07:01:39,MDB200,maduboom 200 ml,32000,Momo Mona Tisa,8470598592,Blitar,2025-01-16 09:27:39,2025-01-17 11:27:39,,Processed,3
ORD002187,2025-01-18 02:04:55,VTMMD60,vitaman madu 60 ml,50000,Timi Midi Sati,8970819244,Tegal,2025-01-18 04:30:55,2025-01-19 09:30:55,,On Delivery,2
ORD002188,2025-01-15 12:10:28,MDB120,maduboom 120 ml,23000,Naba Zara,8714658808,Ende,2025-01-15 14:08:28,2025-01-16 18:08:28,,Delivered,2
ORD002189,2025-01-13 14:29:41,MDB200,maduboom 200 ml,32000,Namo Jora,8494887626,Sukabumi,2025-01-13 15:36:41,2025-01-14 21:36:41,,Processed,1
ORD002190,2025-01-17 18:03:24,MDB200,maduboom 200 ml,32000,Dili Mijo Lili,8217340813,Tangerang,2025-01-17 20:18:24,2025-01-19 04:18:24,,Processed,1
ORD002191,2025-01-26 12:19:56,JDM,jelly drink madu,20000,Zana Riza Dijo,8948321013,Karangasem,2025-01-26 15:05:56,2025-01-27 21:05:56,,On Delivery,1
ORD002192,2025-01-11 07:35:44,MDB120,maduboom 120 ml,23000,Bara Bara,8999221612,Larantuka,2025-01-11 08:10:44,2025-01-13 02:10:44,,Processed,2
ORD002193,2025-02-17 21:06:37,MDB200,maduboom 200 ml,32000,Limi Mifa,8517077646,Tangerang,2025-02-17 22:43:37,2025-02-19 08:43:37,,On Delivery,2
ORD002194,2025-01-09 01:31:14,VTM60,vitaman 60 ml,30000,Rajo Lina,8925268284,Palembang,2025-01-09 02:34:14,2025-01-09 10:34:14,,Processed,1
ORD002195,2025-01-29 21:57:46,JDM,jelly drink madu,20000,Nano Diri,8413183061,Larantuka,2025-01-29 23:55:46,2025-01-31 06:55:46,,Delivered,3
ORD002196,2025-02-16 03:21:11,MDB200,maduboom 200 ml,32000,Miti Rasa Lili,8200880038,Blitar,2025-02-16 04:37:11,2025-02-16 10:37:11,,On Delivery,3
ORD002197,2025-02-13 03:48:07,JDM,jelly drink madu,20000,Rano Kana,8752747835,Sukabumi,2025-02-13 05:38:07,2025-02-14 05:38:07,,Processed,1
ORD002198,2025-02-07 11:40:14,VTM60,vitaman 60 ml,30000,Lili Nali Zana,8736038089,Badung,2025-02-07 12:10:14,2025-02-09 10:10:14,,Delivered,3
ORD002199,2025-02-05 02:37:03,MDB200,maduboom 200 ml,32000,Kajo Bara Nomi,8709807174,Jembrana,2025-02-05 03:38:03,2025-02-05 08:38:03,,Processed,2
ORD002200,2025-02-24 05:44:45,JDM,jelly drink madu,20000,Rijo Lisa Tiza,8282117921,Makassar,2025-02-24 08:18:45,2025-02-24 13:18:45,,Processed,1
ORD002201,2025-02-05 22:05:10,JDM,jelly drink madu,20000,Nafa Nati,8685312763,Sorong,2025-02-06 00:25:10,2025-02-06 22:25:10,,Processed,3
ORD002202,2025-01-14 12:15:21,VTMMD60,vitaman madu 60 ml,50000,Fafa Kasa,8411535354,Denpasar,2025-01-14 14:31:21,2025-01-15 15:31:21,,Delivered,3
ORD002203,2025-02-03 22:31:55,MDB200,maduboom 200 ml,32000,Nati Baza Kaba,8419925606,Blitar,2025-02-04 00:29:55,2025-02-05 17:29:55,,Delivered,2
ORD002204,2025-02-13 07:17:22,VTMMD60,vitaman madu 60 ml,50000,Saka Kaba,8730790077,Sukabumi,2025-02-13 08:15:22,2025-02-14 10:15:22,2025-02-17 10:15:22,Returned,1
ORD002205,2025-01-17 01:45:31,JDM,jelly drink madu,20000,Faba Faka,8459509707,Sidoarjo,2025-01-17 02:37:31,2025-01-17 17:37:31,,On Delivery,1
ORD002206,2025-01-05 01:56:26,VTM60,vitaman 60 ml,30000,Rasa Jori Mofa,8115995662,Serang,2025-01-05 03:31:26,2025-01-07 02:31:26,,On Delivery,1
ORD002207,2025-01-30 21:38:38,MDB200,maduboom 200 ml,32000,Mimo Sari Rino,8493232414,Bojonegoro,2025-01-30 23:53:38,2025-02-01 12:53:38,,Processed,2
ORD002208,2025-01-16 03:00:31,VTMMD60,vitaman madu 60 ml,50000,Liti Nora Kafa,8363565062,Bangli,2025-01-16 05:21:31,2025-01-16 13:21:31,,On Delivery,2
ORD002209,2025-02-19 05:55:10,VTMMD60,vitaman madu 60 ml,50000,Nomo Zana Dijo,8345476352,Bangli,2025-02-19 08:53:10,2025-02-20 08:53:10,,Delivered,2
ORD002210,2025-02-11 20:58:17,JDM,jelly drink madu,20000,Nosa Kadi Tika,8339577656,Kupang,2025-02-11 22:37:17,2025-02-12 04:37:17,2025-02-15 04:37:17,Returned,3
ORD002211,2025-02-24 08:02:56,JDM,jelly drink madu,20000,Ramo Misa Noli,8838115892,Makassar,2025-02-24 10:53:56,2025-02-26 04:53:56,,Processed,2
ORD002212,2025-01-18 01:10:03,MDB120,maduboom 120 ml,23000,Famo Kara,8832024069,Lamongan,2025-01-18 02:40:03,2025-01-18 17:40:03,,Delivered,1
ORD002213,2025-01-24 11:35:41,VTMMD60,vitaman madu 60 ml,50000,Jojo Jora,8376582442,Batam,2025-01-24 14:20:41,2025-01-26 08:20:41,,Delivered,2
ORD002214,2025-02-14 22:19:32,MDB200,maduboom 200 ml,32000,Raba Mosa Tiba,8472685855,Semarang,2025-02-14 23:07:32,2025-02-15 06:07:32,,Processed,1
ORD002215,2025-01-12 15:37:30,MDB200,maduboom 200 ml,32000,Kadi Diba,8350438131,Sidoarjo,2025-01-12 17:51:30,2025-01-14 12:51:30,,Processed,2
ORD002216,2025-02-12 01:52:26,VTM60,vitaman 60 ml,30000,Naba Jodi,8224981012,Pontianak,2025-02-12 04:02:26,2025-02-14 04:02:26,,Delivered,3
ORD002217,2025-02-18 08:56:11,VTM60,vitaman 60 ml,30000,Bara Nana,8937345258,Cianjur,2025-02-18 10:15:11,2025-02-20 05:15:11,,Delivered,2
ORD002218,2025-01-18 12:54:51,VTM60,vitaman 60 ml,30000,Dijo Sami Rira,8528922857,Bengkulu,2025-01-18 14:44:51,2025-01-19 18:44:51,,Processed,2
ORD002219,2025-02-09 05:11:03,VTMMD60,vitaman madu 60 ml,50000,Miza Rali,8430622286,Mataram,2025-02-09 06:21:03,2025-02-10 05:21:03,,Delivered,1
ORD002220,2025-02-26 07:43:24,VTM60,vitaman 60 ml,30000,Mijo Rajo Noba,8162945321,Situbondo,2025-02-26 09:26:24,2025-02-27 21:26:24,2025-03-05 21:26:24,Returned,1
ORD002221,2025-02-01 16:36:08,JDM,jelly drink madu,20000,Rina Jodi,8451733789,Bogor,2025-02-01 18:40:08,2025-02-03 11:40:08,2025-02-08 11:40:08,Returned,2
ORD002222,2025-02-27 06:53:59,VTMMD60,vitaman madu 60 ml,50000,Zadi Sano,8753096109,Palembang,2025-02-27 08:36:59,2025-02-28 19:36:59,,Delivered,1
ORD002223,2025-02-13 00:29:47,MDB120,maduboom 120 ml,23000,Baza Mika Jono,8524050005,Bangli,2025-02-13 03:10:47,2025-02-14 15:10:47,2025-02-19 15:10:47,Returned,1
ORD002224,2025-01-31 02:42:04,JDM,jelly drink madu,20000,Nara Faba Zajo,8995057187,Karawang,2025-01-31 03:57:04,2025-01-31 12:57:04,2025-02-06 12:57:04,Returned,2
ORD002225,2025-02-03 21:27:06,MDB120,maduboom 120 ml,23000,Nafa Noza,8160058809,Tangerang,2025-02-03 22:55:06,2025-02-04 08:55:06,,Delivered,2
ORD002226,2025-02-12 03:04:37,JDM,jelly drink madu,20000,Mifa Radi Mojo,8606404674,Batu,2025-02-12 04:26:37,2025-02-13 15:26:37,,Delivered,1
ORD002227,2025-01-20 14:43:27,VTMMD60,vitaman madu 60 ml,50000,Nofa Nora,8202120997,Banjarbaru,2025-01-20 16:30:27,2025-01-21 09:30:27,,On Delivery,1
ORD002228,2025-01-01 16:57:40,JDM,jelly drink madu,20000,Najo Rina,8942415595,Kendari,2025-01-01 17:39:40,2025-01-03 15:39:40,,Processed,1
ORD002229,2025-01-20 13:55:03,JDM,jelly drink madu,20000,Noza Radi Lidi,8606315861,Ternate,2025-01-20 14:46:03,2025-01-20 19:46:03,,Delivered,3
ORD002230,2025-01-02 14:46:28,VTMMD60,vitaman madu 60 ml,50000,Zati Tisa Kaba,8540036889,Pontianak,2025-01-02 16:43:28,2025-01-03 05:43:28,2025-01-06 05:43:28,Returned,3
ORD002231,2025-02-27 14:23:40,VTMMD60,vitaman madu 60 ml,50000,Tiza Nari Najo,8396656718,Karawang,2025-02-27 17:04:40,2025-02-28 00:04:40,2025-03-05 00:04:40,Returned,2
ORD002232,2025-01-12 02:15:42,MDB120,maduboom 120 ml,23000,Noti Difa,8941582972,Bekasi,2025-01-12 04:30:42,2025-01-13 02:30:42,,On Delivery,3
ORD002233,2025-01-19 00:52:34,MDB120,maduboom 120 ml,23000,Fafa Disa Fara,8718127455,Padang,2025-01-19 01:56:34,2025-01-19 13:56:34,,Processed,1
ORD002234,2025-01-13 00:21:29,VTMMD60,vitaman madu 60 ml,50000,Tili Tiza,8788617323,Larantuka,2025-01-13 01:50:29,2025-01-14 15:50:29,,Processed,1
ORD002235,2025-01-02 10:10:42,JDM,jelly drink madu,20000,Sati Lira Liza,8964501242,Blitar,2025-01-02 11:45:42,2025-01-03 15:45:42,,On Delivery,1
ORD002236,2025-01-16 23:45:20,MDB200,maduboom 200 ml,32000,Mijo Lina,8332790205,Jepara,2025-01-17 01:29:20,2025-01-17 12:29:20,2025-01-20 12:29:20,Returned,3
ORD002237,2025-02-04 23:17:24,VTMMD60,vitaman madu 60 ml,50000,Sali Momi Dimo,8481006239,Batam,2025-02-05 00:03:24,2025-02-06 00:03:24,,Delivered,3
ORD002238,2025-02-18 07:33:31,MDB200,maduboom 200 ml,32000,Lidi Saka,8517524755,Tegal,2025-02-18 08:33:31,2025-02-20 08:33:31,,Processed,2
ORD002239,2025-02-11 08:33:35,MDB120,maduboom 120 ml,23000,Rajo Badi,8283384604,Kendari,2025-02-11 11:24:35,2025-02-12 20:24:35,2025-02-16 20:24:35,Returned,3
ORD002240,2025-01-30 03:59:11,MDB120,maduboom 120 ml,23000,Nona Fadi Moba,8501949718,Jembrana,2025-01-30 06:59:11,2025-01-30 18:59:11,,Processed,3
ORD002241,2025-01-17 14:12:56,VTM60,vitaman 60 ml,30000,Liti Baba,8991697243,Ende,2025-01-17 16:37:56,2025-01-19 03:37:56,2025-01-21 03:37:56,Returned,3
ORD002242,2025-01-23 14:09:33,MDB120,maduboom 120 ml,23000,Baka Nori Joti,8281286099,Gianyar,2025-01-23 14:39:33,2025-01-24 11:39:33,,Processed,3
ORD002243,2025-02-04 00:36:59,VTM60,vitaman 60 ml,30000,Nami Nofa,8560630143,Makassar,2025-02-04 01:20:59,2025-02-06 00:20:59,,On Delivery,3
ORD002244,2025-01-01 21:45:48,MDB120,maduboom 120 ml,23000,Zaba Rifa Raba,8615475796,Tasikmalaya,2025-01-02 00:25:48,2025-01-02 11:25:48,,Delivered,1
ORD002245,2025-02-26 09:15:36,MDB120,maduboom 120 ml,23000,Sati Nojo,8206446277,Gianyar,2025-02-26 10:56:36,2025-02-27 15:56:36,,Processed,3
ORD002246,2025-01-10 05:19:52,VTMMD60,vitaman madu 60 ml,50000,Nojo Rina Tino,8892154824,Lombok Timur,2025-01-10 06:32:52,2025-01-11 23:32:52,2025-01-16 23:32:52,Returned,1
ORD002247,2025-02-06 21:41:28,VTMMD60,vitaman madu 60 ml,50000,Modi Mimi,8199578778,Pontianak,2025-02-06 23:47:28,2025-02-07 21:47:28,,Delivered,1
ORD002248,2025-01-20 06:54:48,VTMMD60,vitaman madu 60 ml,50000,Bamo Rasa,8913152825,Probolinggo,2025-01-20 08:29:48,2025-01-21 19:29:48,,On Delivery,2
ORD002249,2025-01-27 00:43:54,JDM,jelly drink madu,20000,Jona Zami,8931396999,Batam,2025-01-27 03:40:54,2025-01-28 20:40:54,,On Delivery,3
ORD002250,2025-01-05 05:42:59,VTM60,vitaman 60 ml,30000,Timo Ridi Mora,8558552569,Jepara,2025-01-05 07:43:59,2025-01-06 18:43:59,,Delivered,2
ORD002251,2025-01-16 17:19:53,VTM60,vitaman 60 ml,30000,Kati Kamo Zaza,8229640947,Yogyakarta,2025-01-16 19:00:53,2025-01-18 03:00:53,2025-01-25 03:00:53,Returned,1
ORD002252,2025-01-01 13:08:36,MDB200,maduboom 200 ml,32000,Josa Raba Sati,8994153515,Purwokerto,2025-01-01 15:21:36,2025-01-02 19:21:36,,On Delivery,1
ORD002253,2025-02-12 14:09:53,MDB120,maduboom 120 ml,23000,Jojo Nosa,8693206322,Palembang,2025-02-12 15:27:53,2025-02-13 01:27:53,,Delivered,1
ORD002254,2025-01-28 09:18:21,VTM60,vitaman 60 ml,30000,Lisa Zadi,8891628615,Pekanbaru,2025-01-28 10:43:21,2025-01-29 11:43:21,2025-02-05 11:43:21,Returned,1
ORD002255,2025-01-03 04:47:25,VTMMD60,vitaman madu 60 ml,50000,Safa Nara Zano,8727801596,Garut,2025-01-03 05:57:25,2025-01-04 16:57:25,,Processed,2
ORD002256,2025-02-18 06:04:36,MDB120,maduboom 120 ml,23000,Nono Lina,8736119046,Banyuwangi,2025-02-18 07:00:36,2025-02-19 06:00:36,2025-02-21 06:00:36,Returned,1
ORD002257,2025-01-22 06:03:01,MDB120,maduboom 120 ml,23000,Rafa Fano,8178542935,Badung,2025-01-22 08:22:01,2025-01-23 02:22:01,,Processed,3
ORD002258,2025-02-24 02:14:26,VTMMD60,vitaman madu 60 ml,50000,Didi Zasa,8292939163,Mataram,2025-02-24 04:13:26,2025-02-26 03:13:26,,Delivered,3
ORD002259,2025-02-05 22:10:38,VTM60,vitaman 60 ml,30000,Josa Noti,8528070289,Kudus,2025-02-06 00:07:38,2025-02-07 07:07:38,,Processed,2
ORD002260,2025-01-29 16:54:11,MDB120,maduboom 120 ml,23000,Mimo Kara Rifa,8679637120,Bandung,2025-01-29 18:24:11,2025-01-30 14:24:11,,Delivered,3
ORD002261,2025-01-07 19:56:59,MDB120,maduboom 120 ml,23000,Fano Sasa,8949017884,Batam,2025-01-07 21:36:59,2025-01-08 22:36:59,,On Delivery,2
ORD002262,2025-01-30 21:08:27,VTM60,vitaman 60 ml,30000,Timi Jomi,8963630806,Tasikmalaya,2025-01-30 21:43:27,2025-02-01 02:43:27,,Processed,2
ORD002263,2025-02-16 22:31:32,MDB200,maduboom 200 ml,32000,Bana Nosa,8375990733,Manado,2025-02-16 23:03:32,2025-02-17 09:03:32,,Delivered,3
ORD002264,2025-01-23 01:09:21,JDM,jelly drink madu,20000,Misa Kari Fano,8184198334,Bandung,2025-01-23 02:20:21,2025-01-24 15:20:21,,On Delivery,3
ORD002265,2025-02-03 13:33:14,MDB200,maduboom 200 ml,32000,Raka Kana Rika,8667103154,Batu,2025-02-03 15:42:14,2025-02-04 15:42:14,,Processed,1
ORD002266,2025-01-21 13:31:20,JDM,jelly drink madu,20000,Jori Dili Bati,8260304631,Probolinggo,2025-01-21 14:43:20,2025-01-23 04:43:20,,Processed,3
ORD002267,2025-01-24 03:01:36,MDB200,maduboom 200 ml,32000,Raza Zaka,8877880144,Purwakarta,2025-01-24 03:57:36,2025-01-25 21:57:36,,Delivered,1
ORD002268,2025-01-07 10:56:56,MDB200,maduboom 200 ml,32000,Tidi Raka,8111141575,Bekasi,2025-01-07 13:53:56,2025-01-08 02:53:56,,On Delivery,2
ORD002269,2025-01-29 20:25:14,VTM60,vitaman 60 ml,30000,Zana Nofa,8204377562,Yogyakarta,2025-01-29 23:03:14,2025-01-31 09:03:14,,Processed,1
ORD002270,2025-01-18 14:53:59,VTM60,vitaman 60 ml,30000,Ramo Bajo Raka,8812415704,Malang,2025-01-18 15:56:59,2025-01-19 02:56:59,,On Delivery,3
ORD002271,2025-01-16 05:33:21,VTM60,vitaman 60 ml,30000,Joka Midi,8463032501,Blitar,2025-01-16 08:23:21,2025-01-17 02:23:21,,Processed,2
ORD002272,2025-01-05 09:08:00,VTM60,vitaman 60 ml,30000,Dira Zamo Zafa,8574944250,Purwokerto,2025-01-05 11:45:00,2025-01-06 00:45:00,,Processed,1
ORD002273,2025-01-17 19:30:28,VTMMD60,vitaman madu 60 ml,50000,Faka Zari Naba,8341483261,Kediri,2025-01-17 21:45:28,2025-01-19 17:45:28,,Delivered,3
ORD002274,2025-01-05 14:18:01,VTM60,vitaman 60 ml,30000,Tili Nona Joba,8933517875,Cirebon,2025-01-05 17:18:01,2025-01-06 07:18:01,,On Delivery,3
ORD002275,2025-02-12 23:09:02,MDB200,maduboom 200 ml,32000,Zari Nojo Zajo,8134582425,Ngawi,2025-02-13 00:03:02,2025-02-14 18:03:02,,Processed,1
ORD002276,2025-01-22 18:47:49,MDB120,maduboom 120 ml,23000,Zaka Fara Riza,8173622862,Bekasi,2025-01-22 19:34:49,2025-01-23 19:34:49,,Processed,1
ORD002277,2025-02-01 06:28:41,VTM60,vitaman 60 ml,30000,Riza Dimo Kasa,8994853040,Padang,2025-02-01 08:51:41,2025-02-02 16:51:41,,Processed,1
ORD002278,2025-02-21 14:13:12,VTMMD60,vitaman madu 60 ml,50000,Raka Mimi,8514874281,Banyuwangi,2025-02-21 14:56:12,2025-02-23 03:56:12,,On Delivery,2
ORD002279,2025-01-06 17:00:01,VTMMD60,vitaman madu 60 ml,50000,Sali Nodi Fati,8676053598,Depok,2025-01-06 19:15:01,2025-01-07 06:15:01,,Delivered,2
ORD002280,2025-01-21 03:21:00,VTMMD60,vitaman madu 60 ml,50000,Rali Dira,8636172219,Bekasi,2025-01-21 05:41:00,2025-01-21 11:41:00,,On Delivery,2
ORD002281,2025-02-14 03:06:23,VTM60,vitaman 60 ml,30000,Mijo Bafa,8473917490,Situbondo,2025-02-14 04:49:23,2025-02-15 18:49:23,,Delivered,2
ORD002282,2025-01-27 14:20:57,VTMMD60,vitaman madu 60 ml,50000,Raza Diti,8177457446,Bojonegoro,2025-01-27 15:56:57,2025-01-28 19:56:57,,Processed,3
ORD002283,2025-01-18 20:29:56,VTM60,vitaman 60 ml,30000,Timi Fano Zaza,8814208598,Jayapura,2025-01-18 22:43:56,2025-01-19 15:43:56,,Delivered,1
ORD002284,2025-02-14 09:30:42,VTMMD60,vitaman madu 60 ml,50000,Lifa Sajo Kasa,8894221899,Bojonegoro,2025-02-14 10:57:42,2025-02-15 20:57:42,,Delivered,2
ORD002285,2025-02-25 23:54:03,VTM60,vitaman 60 ml,30000,Kali Sara,8365650346,Blitar,2025-02-26 02:19:03,2025-02-28 02:19:03,,Delivered,2
ORD002286,2025-01-26 11:33:38,MDB120,maduboom 120 ml,23000,Mika Zaka Kali,8386532322,Tegal,2025-01-26 12:55:38,2025-01-26 23:55:38,,Delivered,2
ORD002287,2025-01-21 03:25:49,JDM,jelly drink madu,20000,Kamo Mira Bano,8857978564,Lamongan,2025-01-21 04:39:49,2025-01-21 17:39:49,2025-01-26 17:39:49,Returned,2
ORD002288,2025-02-18 22:48:21,JDM,jelly drink madu,20000,Moba Faba Radi,8468874552,Ambon,2025-02-19 00:13:21,2025-02-20 14:13:21,,Delivered,1
ORD002289,2025-01-12 11:50:43,JDM,jelly drink madu,20000,Nojo Nati Nojo,8855736345,Pontianak,2025-01-12 13:11:43,2025-01-14 03:11:43,,Delivered,1
ORD002290,2025-02-09 03:59:17,VTM60,vitaman 60 ml,30000,Riba Didi,8271482981,Sorong,2025-02-09 06:14:17,2025-02-10 07:14:17,2025-02-13 07:14:17,Returned,2
ORD002291,2025-02-06 10:00:39,VTMMD60,vitaman madu 60 ml,50000,Sali Tiza,8530876287,Sukabumi,2025-02-06 11:59:39,2025-02-07 03:59:39,,Delivered,3
ORD002292,2025-02-09 21:45:14,MDB200,maduboom 200 ml,32000,Faza Saba,8154587843,Denpasar,2025-02-09 23:29:14,2025-02-11 19:29:14,,Processed,1
ORD002293,2025-02-25 18:22:18,JDM,jelly drink madu,20000,Namo Mifa Joli,8444531741,Denpasar,2025-02-25 19:05:18,2025-02-26 03:05:18,,Delivered,3
ORD002294,2025-02-07 12:02:30,JDM,jelly drink madu,20000,Rali Dina Misa,8642559366,Bandar Lampung,2025-02-07 14:29:30,2025-02-08 12:29:30,,Processed,3
ORD002295,2025-02-09 05:18:17,MDB120,maduboom 120 ml,23000,Nono Midi,8318939262,Tegal,2025-02-09 07:18:17,2025-02-10 03:18:17,,Delivered,2
ORD002296,2025-01-09 19:25:44,VTMMD60,vitaman madu 60 ml,50000,Nodi Jomi Lili,8322950604,Pasuruan,2025-01-09 20:10:44,2025-01-11 05:10:44,,Processed,1
ORD002297,2025-01-19 12:48:53,VTM60,vitaman 60 ml,30000,Tira Rajo,8434068934,Ternate,2025-01-19 13:18:53,2025-01-20 21:18:53,,On Delivery,1
ORD002298,2025-02-10 03:56:56,JDM,jelly drink madu,20000,Fano Riti,8233042409,Blitar,2025-02-10 06:43:56,2025-02-11 05:43:56,,Processed,3
ORD002299,2025-02-15 06:06:01,MDB200,maduboom 200 ml,32000,Famo Rika Nodi,8741254232,Bogor,2025-02-15 08:28:01,2025-02-15 21:28:01,2025-02-19 21:28:01,Returned,3
ORD002300,2025-01-24 03:36:00,VTMMD60,vitaman madu 60 ml,50000,Saka Faba Sali,8594204677,Depok,2025-01-24 04:35:00,2025-01-25 03:35:00,,Delivered,3
ORD002301,2025-01-13 13:41:47,MDB120,maduboom 120 ml,23000,Liti Lifa,8703617696,Tabanan,2025-01-13 16:23:47,2025-01-15 07:23:47,,Delivered,1
ORD002302,2025-02-26 17:09:53,MDB120,maduboom 120 ml,23000,Lina Mika Rifa,8156271194,Medan,2025-02-26 18:00:53,2025-02-28 18:00:53,,Processed,1
ORD002303,2025-01-03 07:00:41,JDM,jelly drink madu,20000,Mofa Mimi Raka,8802123057,Pasuruan,2025-01-03 09:50:41,2025-01-05 01:50:41,,Delivered,3
ORD002304,2025-01-08 04:31:18,MDB120,maduboom 120 ml,23000,Zari Nosa,8971519658,Situbondo,2025-01-08 05:57:18,2025-01-08 16:57:18,,Delivered,1
ORD002305,2025-02-10 00:12:00,VTM60,vitaman 60 ml,30000,Mifa Rara,8877095090,Sidoarjo,2025-02-10 02:04:00,2025-02-10 15:04:00,,Processed,2
ORD002306,2025-01-29 10:27:02,MDB120,maduboom 120 ml,23000,Fati Nara Fana,8496014848,Jambi,2025-01-29 11:45:02,2025-01-30 02:45:02,,Processed,2
ORD002307,2025-01-17 08:00:36,MDB120,maduboom 120 ml,23000,Jona Zana,8568021924,Buleleng,2025-01-17 10:03:36,2025-01-18 13:03:36,,Processed,2
ORD002308,2025-01-01 18:32:18,VTM60,vitaman 60 ml,30000,Difa Mifa,8341726126,Karawang,2025-01-01 19:33:18,2025-01-02 14:33:18,,Processed,1
ORD002309,2025-01-08 12:53:41,VTMMD60,vitaman madu 60 ml,50000,Fati Naba,8233725210,Tabanan,2025-01-08 14:53:41,2025-01-10 05:53:41,,On Delivery,2
ORD002310,2025-02-19 07:31:56,VTM60,vitaman 60 ml,30000,Naka Mori,8212202251,Gianyar,2025-02-19 09:15:56,2025-02-19 20:15:56,,On Delivery,2
ORD002311,2025-01-07 07:23:18,MDB200,maduboom 200 ml,32000,Lidi Didi Rari,8778285879,Lombok Barat,2025-01-07 10:17:18,2025-01-08 03:17:18,,Processed,3
ORD002312,2025-02-07 11:52:25,MDB200,maduboom 200 ml,32000,Zajo Lina Sano,8890262553,Yogyakarta,2025-02-07 13:51:25,2025-02-08 15:51:25,,Delivered,3
ORD002313,2025-02-01 05:46:41,MDB200,maduboom 200 ml,32000,Rari Zali Sati,8950277401,Batu,2025-02-01 07:36:41,2025-02-02 00:36:41,2025-02-06 00:36:41,Returned,3
ORD002314,2025-01-08 22:30:47,MDB200,maduboom 200 ml,32000,Zara Kaba Zafa,8446259177,Karawang,2025-01-09 01:22:47,2025-01-10 18:22:47,,On Delivery,2
ORD002315,2025-01-02 08:12:18,VTM60,vitaman 60 ml,30000,Nano Tisa Bamo,8930444158,Klaten,2025-01-02 10:59:18,2025-01-03 23:59:18,,On Delivery,3
ORD002316,2025-01-04 23:05:45,VTMMD60,vitaman madu 60 ml,50000,Modi Nara,8448365269,Karangasem,2025-01-05 00:24:45,2025-01-05 20:24:45,,On Delivery,1
ORD002317,2025-01-21 08:22:53,MDB200,maduboom 200 ml,32000,Jofa Bali,8159502644,Probolinggo,2025-01-21 10:38:53,2025-01-21 17:38:53,,Processed,2
ORD002318,2025-02-18 17:12:32,MDB200,maduboom 200 ml,32000,Naka Noka,8217742863,Singaraja,2025-02-18 19:10:32,2025-02-19 01:10:32,,Delivered,1
ORD002319,2025-02-18 16:50:27,VTM60,vitaman 60 ml,30000,Tijo Kaza Rika,8250713611,Ende,2025-02-18 17:20:27,2025-02-19 09:20:27,,On Delivery,2
ORD002320,2025-02-16 21:57:35,JDM,jelly drink madu,20000,Limo Limi Mino,8388585422,Tasikmalaya,2025-02-16 23:59:35,2025-02-18 14:59:35,,On Delivery,1
ORD002321,2025-01-15 13:10:05,VTM60,vitaman 60 ml,30000,Faza Tina,8341014119,Bogor,2025-01-15 16:00:05,2025-01-17 10:00:05,,Delivered,1
ORD002322,2025-01-04 20:25:02,JDM,jelly drink madu,20000,Mika Basa Noka,8163609669,Gorontalo,2025-01-04 22:35:02,2025-01-06 18:35:02,,Processed,3
ORD002323,2025-02-24 08:44:56,MDB120,maduboom 120 ml,23000,Nona Noti Zati,8166314008,Medan,2025-02-24 11:03:56,2025-02-25 06:03:56,,On Delivery,3
ORD002324,2025-01-12 23:36:29,VTM60,vitaman 60 ml,30000,Tidi Tifa,8891353706,Kendari,2025-01-13 02:33:29,2025-01-14 13:33:29,,Processed,1
ORD002325,2025-01-26 07:19:39,MDB200,maduboom 200 ml,32000,Dimi Diri,8302374989,Madiun,2025-01-26 10:02:39,2025-01-28 06:02:39,,Processed,2
ORD002326,2025-02-13 15:41:29,VTM60,vitaman 60 ml,30000,Rano Tika,8229917749,Ponorogo,2025-02-13 16:47:29,2025-02-15 12:47:29,,Delivered,2
ORD002327,2025-02-02 04:53:50,MDB120,maduboom 120 ml,23000,Safa Diza,8213991278,Surabaya,2025-02-02 06:11:50,2025-02-02 15:11:50,,Delivered,1
ORD002328,2025-01-06 19:33:22,JDM,jelly drink madu,20000,Midi Mijo Mijo,8512280956,Bandar Lampung,2025-01-06 20:48:22,2025-01-08 18:48:22,,On Delivery,1
ORD002329,2025-02-06 22:07:58,JDM,jelly drink madu,20000,Tiza Mika Namo,8138898492,Tasikmalaya,2025-02-06 22:56:58,2025-02-08 06:56:58,,Delivered,3
ORD002330,2025-02-28 00:29:27,JDM,jelly drink madu,20000,Mira Rifa Timo,8924764829,Lamongan,2025-02-28 02:08:27,2025-03-01 05:08:27,,Delivered,2
ORD002331,2025-01-03 19:52:35,JDM,jelly drink madu,20000,Fali Rijo Liza,8577469984,Bojonegoro,2025-01-03 20:31:35,2025-01-05 01:31:35,,Delivered,1
ORD002332,2025-01-19 00:48:17,MDB120,maduboom 120 ml,23000,Tika Dimi Lika,8604928332,Bandung,2025-01-19 03:11:17,2025-01-20 05:11:17,2025-01-23 05:11:17,Returned,2
ORD002333,2025-01-01 09:48:49,JDM,jelly drink madu,20000,Baka Noka,8800954910,Magelang,2025-01-01 10:52:49,2025-01-03 03:52:49,,Processed,1
ORD002334,2025-01-05 16:46:58,VTM60,vitaman 60 ml,30000,Sasa Moli Dijo,8556728591,Lombok Barat,2025-01-05 18:25:58,2025-01-06 07:25:58,,On Delivery,1
ORD002335,2025-02-15 09:08:45,VTM60,vitaman 60 ml,30000,Tijo Sasa,8655316305,Pasuruan,2025-02-15 10:49:45,2025-02-17 02:49:45,,Delivered,2
ORD002336,2025-02-09 09:39:22,MDB120,maduboom 120 ml,23000,Rana Mora,8686698065,Tasikmalaya,2025-02-09 10:49:22,2025-02-09 23:49:22,,Processed,3
ORD002337,2025-02-08 07:33:15,VTMMD60,vitaman madu 60 ml,50000,Naka Fasa Rasa,8936164036,Jakarta,2025-02-08 08:57:15,2025-02-10 07:57:15,,Processed,3
ORD002338,2025-01-16 12:17:19,VTM60,vitaman 60 ml,30000,Tili Dira,8615624322,Bogor,2025-01-16 14:30:19,2025-01-18 06:30:19,,Processed,1
ORD002339,2025-02-23 11:09:31,VTM60,vitaman 60 ml,30000,Jofa Namo,8568468716,Balikpapan,2025-02-23 13:55:31,2025-02-24 22:55:31,,On Delivery,3
ORD002340,2025-01-12 04:28:42,VTMMD60,vitaman madu 60 ml,50000,Jodi Bara Ridi,8781656584,Buleleng,2025-01-12 05:46:42,2025-01-12 16:46:42,2025-01-14 16:46:42,Returned,1
ORD002341,2025-01-09 22:02:46,MDB120,maduboom 120 ml,23000,Moli Mori,8497810363,Bangli,2025-01-09 22:45:46,2025-01-11 13:45:46,,On Delivery,2
ORD002342,2025-02-15 22:23:52,JDM,jelly drink madu,20000,Diti Limo Riza,8185912169,Ternate,2025-02-15 23:49:52,2025-02-16 15:49:52,,Delivered,2
ORD002343,2025-01-10 17:28:22,JDM,jelly drink madu,20000,Zano Ramo,8474823241,Jepara,2025-01-10 18:27:22,2025-01-11 22:27:22,,On Delivery,2
ORD002344,2025-01-25 21:28:09,JDM,jelly drink madu,20000,Fami Sadi,8579574946,Probolinggo,2025-01-25 22:42:09,2025-01-26 22:42:09,2025-02-02 22:42:09,Returned,2
ORD002345,2025-01-24 14:42:13,VTM60,vitaman 60 ml,30000,Joza Joza,8140173131,Ngawi,2025-01-24 16:13:13,2025-01-25 14:13:13,,On Delivery,1
ORD002346,2025-01-22 16:31:17,VTM60,vitaman 60 ml,30000,Faba Tiba Moza,8719511951,Tasikmalaya,2025-01-22 19:14:17,2025-01-23 20:14:17,2025-01-29 20:14:17,Returned,2
ORD002347,2025-02-11 10:24:29,JDM,jelly drink madu,20000,Mijo Rimo Sara,8474456984,Sukabumi,2025-02-11 12:12:29,2025-02-13 02:12:29,,Delivered,1
ORD002348,2025-02-13 16:41:32,MDB120,maduboom 120 ml,23000,Kari Tisa,8754822070,Indramayu,2025-02-13 17:25:32,2025-02-14 09:25:32,,On Delivery,1
ORD002349,2025-01-27 13:04:57,JDM,jelly drink madu,20000,Momi Modi,8325423342,Sukabumi,2025-01-27 14:45:57,2025-01-28 01:45:57,,Processed,1
ORD002350,2025-02-25 22:22:56,JDM,jelly drink madu,20000,Bali Nana Midi,8474784303,Indramayu,2025-02-25 23:05:56,2025-02-26 09:05:56,,On Delivery,1
ORD002351,2025-02-11 20:41:54,JDM,jelly drink madu,20000,Rajo Rino,8172358228,Tasikmalaya,2025-02-11 21:37:54,2025-02-12 08:37:54,2025-02-19 08:37:54,Returned,3
ORD002352,2025-02-02 08:40:13,VTM60,vitaman 60 ml,30000,Miri Mijo Nono,8695646890,Lombok Timur,2025-02-02 11:01:13,2025-02-04 10:01:13,,Processed,3
ORD002353,2025-02-12 18:35:39,MDB120,maduboom 120 ml,23000,Joli Sajo,8302863080,Subang,2025-02-12 21:06:39,2025-02-13 18:06:39,,Delivered,1
ORD002354,2025-02-24 09:59:21,VTMMD60,vitaman madu 60 ml,50000,Kano Mona Tino,8514012115,Jakarta,2025-02-24 11:37:21,2025-02-25 00:37:21,,On Delivery,3
ORD002355,2025-01-11 08:32:22,MDB120,maduboom 120 ml,23000,Tiri Liri Saba,8164998862,Sidoarjo,2025-01-11 10:14:22,2025-01-13 10:14:22,,On Delivery,3
ORD002356,2025-01-16 17:36:21,JDM,jelly drink madu,20000,Miza Sati,8306936248,Pontianak,2025-01-16 19:36:21,2025-01-18 00:36:21,,Delivered,3
ORD002357,2025-02-27 16:01:27,VTMMD60,vitaman madu 60 ml,50000,Kaza Bana Lika,8699161507,Badung,2025-02-27 18:34:27,2025-02-28 21:34:27,2025-03-07 21:34:27,Returned,2
ORD002358,2025-02-05 01:59:19,MDB200,maduboom 200 ml,32000,Saba Zafa,8136702295,Jembrana,2025-02-05 04:44:19,2025-02-05 23:44:19,,On Delivery,2
ORD002359,2025-02-25 23:49:53,MDB120,maduboom 120 ml,23000,Limi Rimi,8996466036,Pontianak,2025-02-26 00:29:53,2025-02-27 00:29:53,,Delivered,3
ORD002360,2025-02-23 15:51:16,MDB200,maduboom 200 ml,32000,Misa Zati,8824799699,Semarang,2025-02-23 18:06:16,2025-02-25 10:06:16,,On Delivery,3
ORD002361,2025-02-17 21:31:13,MDB200,maduboom 200 ml,32000,Riza Nano,8956802451,Kupang,2025-02-17 23:37:13,2025-02-19 12:37:13,,Delivered,3
ORD002362,2025-01-15 00:45:23,MDB200,maduboom 200 ml,32000,Tika Sari,8126586952,Gresik,2025-01-15 03:42:23,2025-01-17 00:42:23,,On Delivery,1
ORD002363,2025-01-07 13:42:42,JDM,jelly drink madu,20000,Tika Midi,8311110625,Ambon,2025-01-07 14:35:42,2025-01-09 07:35:42,,On Delivery,1
ORD002364,2025-02-23 17:33:03,VTMMD60,vitaman madu 60 ml,50000,Nasa Safa,8866619664,Sukabumi,2025-02-23 19:26:03,2025-02-24 01:26:03,,Delivered,3
ORD002365,2025-02-12 00:27:06,VTMMD60,vitaman madu 60 ml,50000,Rali Mino,8523362616,Jombang,2025-02-12 03:09:06,2025-02-14 03:09:06,,Delivered,1
ORD002366,2025-01-17 05:46:57,VTM60,vitaman 60 ml,30000,Jofa Jomo,8482580422,Bogor,2025-01-17 07:16:57,2025-01-18 05:16:57,,On Delivery,2
ORD002367,2025-01-06 23:24:42,VTMMD60,vitaman madu 60 ml,50000,Lina Faba Sana,8555704745,Palu,2025-01-07 01:37:42,2025-01-07 16:37:42,,Processed,3
ORD002368,2025-02-03 23:05:22,JDM,jelly drink madu,20000,Sara Zami,8455312853,Palangkaraya,2025-02-04 01:22:22,2025-02-05 11:22:22,,Delivered,2
ORD002369,2025-02-27 12:58:44,VTMMD60,vitaman madu 60 ml,50000,Sasa Mojo,8248264437,Badung,2025-02-27 14:34:44,2025-02-27 19:34:44,,On Delivery,2
ORD002370,2025-01-22 23:52:42,MDB200,maduboom 200 ml,32000,Noti Mino Faba,8169088672,Serang,2025-01-23 02:31:42,2025-01-24 04:31:42,2025-01-27 04:31:42,Returned,3
ORD002371,2025-01-08 01:43:42,VTMMD60,vitaman madu 60 ml,50000,Liba Tidi,8402476344,Sidoarjo,2025-01-08 04:15:42,2025-01-10 03:15:42,,Delivered,1
ORD002372,2025-01-07 20:41:08,VTMMD60,vitaman madu 60 ml,50000,Rana Rina Moba,8419047198,Tuban,2025-01-07 21:52:08,2025-01-08 18:52:08,,On Delivery,3
ORD002373,2025-01-26 07:39:08,MDB200,maduboom 200 ml,32000,Nojo Zasa Baza,8263675347,Purwakarta,2025-01-26 09:55:08,2025-01-26 20:55:08,,On Delivery,1
ORD002374,2025-02-22 05:21:50,VTMMD60,vitaman madu 60 ml,50000,Nali Limi Rajo,8296841217,Bengkulu,2025-02-22 06:29:50,2025-02-24 05:29:50,2025-02-26 05:29:50,Returned,3
ORD002375,2025-01-19 04:28:38,VTMMD60,vitaman madu 60 ml,50000,Fara Tifa,8975153226,Blitar,2025-01-19 05:14:38,2025-01-20 19:14:38,,Processed,1
ORD002376,2025-01-04 01:26:56,MDB120,maduboom 120 ml,23000,Zasa Tiza,8489252251,Kudus,2025-01-04 04:00:56,2025-01-06 00:00:56,,Delivered,1
ORD002377,2025-01-21 09:37:50,MDB200,maduboom 200 ml,32000,Tira Lidi Mino,8865436016,Ponorogo,2025-01-21 12:21:50,2025-01-23 11:21:50,,On Delivery,2
ORD002378,2025-01-30 05:32:34,MDB200,maduboom 200 ml,32000,Joli Faza Risa,8642295493,Boyolali,2025-01-30 06:14:34,2025-01-30 12:14:34,,On Delivery,2
ORD002379,2025-02-19 08:01:06,JDM,jelly drink madu,20000,Fano Rati,8479254024,Surabaya,2025-02-19 10:21:06,2025-02-20 16:21:06,,Delivered,3
ORD002380,2025-01-02 06:15:28,JDM,jelly drink madu,20000,Joka Nano Didi,8178361875,Yogyakarta,2025-01-02 08:28:28,2025-01-03 18:28:28,,Processed,1
ORD002381,2025-01-18 20:10:12,MDB200,maduboom 200 ml,32000,Tiba Nona,8788451714,Batu,2025-01-18 21:13:12,2025-01-19 04:13:12,,Delivered,1
ORD002382,2025-02-09 12:04:47,MDB120,maduboom 120 ml,23000,Mili Fami,8903940329,Karangasem,2025-02-09 14:38:47,2025-02-10 11:38:47,,Processed,2
ORD002383,2025-01-05 09:50:47,MDB120,maduboom 120 ml,23000,Mimo Tifa Dika,8679446845,Sidoarjo,2025-01-05 12:47:47,2025-01-06 23:47:47,,Delivered,1
ORD002384,2025-02-08 16:48:44,MDB120,maduboom 120 ml,23000,Nojo Mosa,8959046734,Ngawi,2025-02-08 19:40:44,2025-02-10 12:40:44,,Delivered,2
ORD002385,2025-02-14 04:48:47,MDB120,maduboom 120 ml,23000,Nona Rira,8880891799,Ponorogo,2025-02-14 07:48:47,2025-02-16 00:48:47,,Processed,2
ORD002386,2025-02-19 10:39:46,VTM60,vitaman 60 ml,30000,Bari Noba Mina,8707510218,Badung,2025-02-19 13:24:46,2025-02-21 06:24:46,,Delivered,1
ORD002387,2025-02-02 08:48:34,MDB200,maduboom 200 ml,32000,Miri Nojo,8896096305,Palembang,2025-02-02 10:06:34,2025-02-03 17:06:34,,On Delivery,1
ORD002388,2025-02-17 18:10:00,MDB120,maduboom 120 ml,23000,Difa Mimo Baka,8160326824,Makassar,2025-02-17 20:00:00,2025-02-18 17:00:00,2025-02-22 17:00:00,Returned,1
ORD002389,2025-01-10 15:57:33,MDB200,maduboom 200 ml,32000,Sara Rari Diba,8546501662,Kudus,2025-01-10 17:47:33,2025-01-11 13:47:33,,Processed,2
ORD002390,2025-01-18 02:43:35,VTM60,vitaman 60 ml,30000,Miri Saba Fasa,8695523874,Palembang,2025-01-18 04:57:35,2025-01-19 06:57:35,2025-01-22 06:57:35,Returned,2
ORD002391,2025-02-02 01:53:14,VTM60,vitaman 60 ml,30000,Noli Mino,8382768195,Jayapura,2025-02-02 04:36:14,2025-02-02 20:36:14,,Delivered,3
ORD002392,2025-01-06 23:29:12,MDB120,maduboom 120 ml,23000,Sami Sadi,8313123757,Klaten,2025-01-07 00:42:12,2025-01-08 13:42:12,,On Delivery,3
ORD002393,2025-02-08 21:37:08,JDM,jelly drink madu,20000,Rami Jona,8180281841,Pekanbaru,2025-02-08 22:21:08,2025-02-10 20:21:08,,Processed,2
ORD002394,2025-02-26 19:08:30,VTMMD60,vitaman madu 60 ml,50000,Tina Jono,8647866356,Madiun,2025-02-26 21:55:30,2025-02-28 18:55:30,,On Delivery,1
ORD002395,2025-01-31 23:25:51,MDB200,maduboom 200 ml,32000,Risa Nadi,8535964493,Bangli,2025-02-01 01:56:51,2025-02-01 07:56:51,,On Delivery,2
ORD002396,2025-01-13 18:33:54,VTM60,vitaman 60 ml,30000,Rina Dijo,8220220108,Kupang,2025-01-13 21:00:54,2025-01-15 21:00:54,,Processed,2
ORD002397,2025-01-21 17:35:28,JDM,jelly drink madu,20000,Mino Sana Samo,8315135441,Jombang,2025-01-21 18:35:28,2025-01-22 08:35:28,,On Delivery,2
ORD002398,2025-02-07 14:03:53,JDM,jelly drink madu,20000,Jojo Faka Mimo,8252301139,Bandung,2025-02-07 15:48:53,2025-02-08 09:48:53,,Processed,2
ORD002399,2025-01-17 00:44:41,VTM60,vitaman 60 ml,30000,Nafa Joza,8269156464,Ponorogo,2025-01-17 01:38:41,2025-01-18 06:38:41,,Delivered,1
ORD002400,2025-01-04 04:03:05,VTMMD60,vitaman madu 60 ml,50000,Badi Tili Sami,8444602528,Situbondo,2025-01-04 05:23:05,2025-01-04 15:23:05,,On Delivery,2
ORD002401,2025-01-06 00:52:50,MDB200,maduboom 200 ml,32000,Saba Dijo,8643822141,Ende,2025-01-06 03:49:50,2025-01-07 09:49:50,2025-01-13 09:49:50,Returned,3
ORD002402,2025-02-05 21:56:42,MDB200,maduboom 200 ml,32000,Momo Zara Bana,8686203900,Tasikmalaya,2025-02-05 23:37:42,2025-02-07 15:37:42,,Delivered,2
ORD002403,2025-02-06 03:24:07,VTM60,vitaman 60 ml,30000,Kano Joti,8652149875,Surabaya,2025-02-06 05:22:07,2025-02-07 11:22:07,2025-02-10 11:22:07,Returned,3
ORD002404,2025-02-20 10:44:34,MDB120,maduboom 120 ml,23000,Faba Moti Sati,8455127147,Ngawi,2025-02-20 13:03:34,2025-02-21 21:03:34,,Delivered,2
ORD002405,2025-02-05 04:07:54,MDB120,maduboom 120 ml,23000,Fano Dimo Mifa,8433189931,Bandar Lampung,2025-02-05 04:48:54,2025-02-05 21:48:54,,Delivered,3
ORD002406,2025-01-12 03:31:11,MDB200,maduboom 200 ml,32000,Zara Mimi Bari,8212108158,Madiun,2025-01-12 05:30:11,2025-01-13 12:30:11,,On Delivery,3
ORD002407,2025-01-13 19:46:43,MDB120,maduboom 120 ml,23000,Raba Kaba,8159304315,Medan,2025-01-13 20:43:43,2025-01-14 19:43:43,,Processed,3
ORD002408,2025-02-27 16:43:32,VTMMD60,vitaman madu 60 ml,50000,Modi Jori Noka,8335281931,Ambon,2025-02-27 19:28:32,2025-02-28 05:28:32,,Delivered,1
ORD002409,2025-01-08 08:14:02,VTM60,vitaman 60 ml,30000,Lisa Raba Rano,8209872993,Kudus,2025-01-08 09:22:02,2025-01-08 20:22:02,,Processed,1
ORD002410,2025-01-10 10:56:41,VTMMD60,vitaman madu 60 ml,50000,Rimo Lijo,8571764707,Makassar,2025-01-10 12:59:41,2025-01-11 08:59:41,,Delivered,2
ORD002411,2025-01-22 22:10:21,JDM,jelly drink madu,20000,Diba Tiri Rina,8575002715,Malang,2025-01-23 01:09:21,2025-01-25 01:09:21,,Delivered,1
ORD002412,2025-02-09 14:32:50,MDB120,maduboom 120 ml,23000,Diba Sano,8778056764,Probolinggo,2025-02-09 15:28:50,2025-02-10 06:28:50,,Processed,2
ORD002413,2025-01-07 01:29:29,MDB120,maduboom 120 ml,23000,Rara Jomi,8873425235,Banjarmasin,2025-01-07 03:39:29,2025-01-08 10:39:29,,On Delivery,2
ORD002414,2025-02-19 19:47:47,JDM,jelly drink madu,20000,Tina Raza,8316692751,Banjarbaru,2025-02-19 22:12:47,2025-02-21 01:12:47,2025-02-25 01:12:47,Returned,2
ORD002415,2025-02-07 18:48:46,VTMMD60,vitaman madu 60 ml,50000,Diti Rafa Risa,8255846834,Bengkulu,2025-02-07 19:23:46,2025-02-09 04:23:46,,Delivered,1
ORD002416,2025-01-27 13:05:53,VTMMD60,vitaman madu 60 ml,50000,Baza Fati,8367425441,Kudus,2025-01-27 14:29:53,2025-01-28 06:29:53,,Processed,3
ORD002417,2025-02-05 23:45:37,MDB120,maduboom 120 ml,23000,Bamo Moti,8840510440,Semarang,2025-02-06 01:11:37,2025-02-07 05:11:37,,On Delivery,3
ORD002418,2025-02-10 07:44:08,JDM,jelly drink madu,20000,Zadi Ramo,8777093990,Purwakarta,2025-02-10 08:58:08,2025-02-11 11:58:08,,Processed,2
ORD002419,2025-01-01 07:29:57,MDB200,maduboom 200 ml,32000,Timi Tijo Kamo,8475815623,Blitar,2025-01-01 09:58:57,2025-01-02 14:58:57,,Processed,1
ORD002420,2025-01-22 19:10:38,MDB120,maduboom 120 ml,23000,Bali Nora Modi,8416755573,Manado,2025-01-22 20:37:38,2025-01-23 01:37:38,,Delivered,1
ORD002421,2025-02-02 14:22:53,VTMMD60,vitaman madu 60 ml,50000,Jona Kamo Naza,8573622349,Jayapura,2025-02-02 17:00:53,2025-02-03 13:00:53,2025-02-06 13:00:53,Returned,3
ORD002422,2025-01-26 00:00:14,MDB120,maduboom 120 ml,23000,Kaza Kaza,8267601158,Subang,2025-01-26 01:55:14,2025-01-26 20:55:14,,Processed,1
ORD002423,2025-01-04 09:17:08,VTMMD60,vitaman madu 60 ml,50000,Mono Rara Momi,8364108262,Lombok Timur,2025-01-04 11:40:08,2025-01-05 00:40:08,,Delivered,1
ORD002424,2025-01-04 23:25:26,JDM,jelly drink madu,20000,Saka Limi,8466613083,Sidoarjo,2025-01-05 00:01:26,2025-01-06 20:01:26,,Delivered,3
ORD002425,2025-01-13 18:02:13,VTM60,vitaman 60 ml,30000,Midi Nomi,8626611734,Banjarbaru,2025-01-13 20:24:13,2025-01-15 02:24:13,,Processed,3
ORD002426,2025-01-21 07:51:01,MDB200,maduboom 200 ml,32000,Zadi Dina Rati,8927093627,Lombok Barat,2025-01-21 09:46:01,2025-01-23 05:46:01,,On Delivery,1
ORD002427,2025-01-20 00:37:26,MDB120,maduboom 120 ml,23000,Raka Riri Kaka,8617557233,Cianjur,2025-01-20 02:44:26,2025-01-20 23:44:26,,Processed,2
ORD002428,2025-02-21 12:04:30,VTM60,vitaman 60 ml,30000,Jono Fati,8709532062,Ende,2025-02-21 12:38:30,2025-02-21 22:38:30,,Delivered,1
ORD002429,2025-02-25 01:25:54,JDM,jelly drink madu,20000,Limo Jora,8277157003,Palembang,2025-02-25 02:57:54,2025-02-26 12:57:54,,Processed,2
ORD002430,2025-02-27 00:10:22,JDM,jelly drink madu,20000,Lika Faza,8491055211,Tuban,2025-02-27 02:09:22,2025-02-27 11:09:22,,On Delivery,3
ORD002431,2025-01-03 21:06:52,VTM60,vitaman 60 ml,30000,Modi Lira,8808181712,Singkawang,2025-01-03 22:18:52,2025-01-04 23:18:52,,On Delivery,3
ORD002432,2025-02-23 13:58:30,MDB120,maduboom 120 ml,23000,Mimo Tika Nodi,8939641821,Karangasem,2025-02-23 14:47:30,2025-02-25 08:47:30,,On Delivery,2
ORD002433,2025-02-22 09:51:00,VTM60,vitaman 60 ml,30000,Tili Rana Rijo,8394428602,Singkawang,2025-02-22 11:38:00,2025-02-23 23:38:00,,Processed,1
ORD002434,2025-02-28 11:55:21,MDB200,maduboom 200 ml,32000,Dira Rino,8722588337,Probolinggo,2025-02-28 13:55:21,2025-03-01 20:55:21,,On Delivery,2
ORD002435,2025-02-04 00:52:11,JDM,jelly drink madu,20000,Baza Tifa,8349739081,Jombang,2025-02-04 02:37:11,2025-02-04 21:37:11,,On Delivery,1
ORD002436,2025-01-01 18:43:04,MDB200,maduboom 200 ml,32000,Tijo Nora,8706902447,Cianjur,2025-01-01 21:19:04,2025-01-02 04:19:04,,On Delivery,1
ORD002437,2025-01-26 17:14:21,VTM60,vitaman 60 ml,30000,Samo Tino,8718627541,Palembang,2025-01-26 19:08:21,2025-01-28 02:08:21,,Delivered,2
ORD002438,2025-02-06 20:50:54,VTM60,vitaman 60 ml,30000,Raba Diba,8711084779,Singkawang,2025-02-06 22:55:54,2025-02-07 15:55:54,,Processed,3
ORD002439,2025-01-18 11:35:46,MDB120,maduboom 120 ml,23000,Tina Faza Josa,8883952802,Bogor,2025-01-18 13:24:46,2025-01-20 05:24:46,,On Delivery,2
ORD002440,2025-01-07 03:40:26,MDB120,maduboom 120 ml,23000,Ridi Fami,8863150419,Sumedang,2025-01-07 04:42:26,2025-01-07 09:42:26,2025-01-11 09:42:26,Returned,2
ORD002441,2025-02-26 07:45:59,MDB200,maduboom 200 ml,32000,Limi Kali,8151549342,Ponorogo,2025-02-26 08:52:59,2025-02-28 08:52:59,,Delivered,2
ORD002442,2025-01-21 13:09:22,JDM,jelly drink madu,20000,Nodi Mofa Noli,8464022501,Magelang,2025-01-21 15:05:22,2025-01-22 21:05:22,,Delivered,2
ORD002443,2025-02-05 16:57:57,VTMMD60,vitaman madu 60 ml,50000,Riti Mifa Nojo,8671373498,Batu,2025-02-05 17:31:57,2025-02-07 13:31:57,,On Delivery,1
ORD002444,2025-02-26 03:53:48,VTMMD60,vitaman madu 60 ml,50000,Nosa Kali Lika,8456359036,Palangkaraya,2025-02-26 06:43:48,2025-02-27 16:43:48,,Delivered,2
ORD002445,2025-01-16 00:38:59,VTMMD60,vitaman madu 60 ml,50000,Rasa Bali,8273255779,Jambi,2025-01-16 02:48:59,2025-01-17 16:48:59,,Processed,2
ORD002446,2025-02-05 22:12:22,VTM60,vitaman 60 ml,30000,Nami Mono Naza,8147774800,Ponorogo,2025-02-06 00:37:22,2025-02-06 21:37:22,,Processed,1
ORD002447,2025-01-04 07:52:05,JDM,jelly drink madu,20000,Fasa Zano Nosa,8437441790,Ambon,2025-01-04 08:54:05,2025-01-04 14:54:05,,Processed,3
ORD002448,2025-01-31 08:51:09,MDB200,maduboom 200 ml,32000,Liba Joli Mira,8406853591,Sukabumi,2025-01-31 09:46:09,2025-02-01 16:46:09,,On Delivery,2
ORD002449,2025-02-28 07:43:34,JDM,jelly drink madu,20000,Fafa Nasa Tiri,8943662599,Banyuwangi,2025-02-28 08:16:34,2025-03-02 02:16:34,,Processed,1
ORD002450,2025-01-12 19:48:44,VTMMD60,vitaman madu 60 ml,50000,Zadi Fana Moka,8456495142,Magelang,2025-01-12 20:23:44,2025-01-14 13:23:44,,Processed,3
ORD002451,2025-01-03 17:56:33,MDB120,maduboom 120 ml,23000,Fari Lina,8264459699,Ternate,2025-01-03 19:20:33,2025-01-04 01:20:33,,Delivered,3
ORD002452,2025-02-10 21:35:31,VTMMD60,vitaman madu 60 ml,50000,Noli Moti,8564270815,Bandar Lampung,2025-02-10 23:32:31,2025-02-12 10:32:31,,Delivered,3
ORD002453,2025-01-11 16:42:00,MDB120,maduboom 120 ml,23000,Sara Lina,8910994725,Singkawang,2025-01-11 17:35:00,2025-01-12 16:35:00,,On Delivery,3
ORD002454,2025-01-19 21:53:13,JDM,jelly drink madu,20000,Bajo Nara Moba,8925151973,Probolinggo,2025-01-19 22:47:13,2025-01-21 17:47:13,,Processed,1
ORD002455,2025-02-06 22:07:06,MDB200,maduboom 200 ml,32000,Zaka Didi,8578379477,Jepara,2025-02-06 22:56:06,2025-02-08 19:56:06,2025-02-14 19:56:06,Returned,2
ORD002456,2025-01-05 06:18:29,MDB120,maduboom 120 ml,23000,Mijo Lifa,8436984883,Mataram,2025-01-05 08:15:29,2025-01-05 22:15:29,,Delivered,1
ORD002457,2025-01-03 05:31:13,JDM,jelly drink madu,20000,Mono Bara Momo,8257709848,Bandung,2025-01-03 08:30:13,2025-01-03 15:30:13,,On Delivery,1
ORD002458,2025-02-23 13:28:48,JDM,jelly drink madu,20000,Bafa Moza Kari,8860630550,Sukabumi,2025-02-23 15:26:48,2025-02-25 07:26:48,,Processed,2
ORD002459,2025-02-28 07:20:04,MDB120,maduboom 120 ml,23000,Timo Saza Bali,8882273273,Garut,2025-02-28 09:58:04,2025-03-01 13:58:04,,Delivered,3
ORD002460,2025-02-02 23:26:18,VTMMD60,vitaman madu 60 ml,50000,Faka Raka Faka,8170856903,Bogor,2025-02-03 00:08:18,2025-02-04 09:08:18,,Processed,2
ORD002461,2025-01-08 13:20:33,MDB200,maduboom 200 ml,32000,Nosa Nori,8601648252,Magelang,2025-01-08 16:12:33,2025-01-09 16:12:33,,On Delivery,3
ORD002462,2025-01-11 01:14:36,VTM60,vitaman 60 ml,30000,Tino Kana Liti,8896079190,Klaten,2025-01-11 02:12:36,2025-01-12 17:12:36,,Delivered,3
ORD002463,2025-02-16 12:20:11,JDM,jelly drink madu,20000,Nosa Timo Jora,8803667656,Purwokerto,2025-02-16 13:02:11,2025-02-17 21:02:11,,Delivered,1
ORD002464,2025-02-20 23:11:17,VTMMD60,vitaman madu 60 ml,50000,Difa Josa Sajo,8949495856,Tuban,2025-02-21 01:46:17,2025-02-22 11:46:17,,Processed,1
ORD002465,2025-02-12 23:37:41,MDB120,maduboom 120 ml,23000,Nojo Sasa Limo,8994694237,Boyolali,2025-02-13 01:44:41,2025-02-15 00:44:41,,Processed,1
ORD002466,2025-02-08 17:53:27,VTMMD60,vitaman madu 60 ml,50000,Nomi Nadi,8568286864,Blitar,2025-02-08 19:09:27,2025-02-09 15:09:27,,Processed,1
ORD002467,2025-02-05 19:02:12,MDB120,maduboom 120 ml,23000,Badi Mimi Tina,8645844394,Denpasar,2025-02-05 21:14:12,2025-02-06 02:14:12,,On Delivery,3
ORD002468,2025-02-23 03:26:08,VTMMD60,vitaman madu 60 ml,50000,Kali Tifa,8416868243,Purwakarta,2025-02-23 04:45:08,2025-02-24 19:45:08,,Processed,3
ORD002469,2025-01-11 07:36:57,VTM60,vitaman 60 ml,30000,Noza Bari,8173696696,Ponorogo,2025-01-11 08:25:57,2025-01-12 18:25:57,,Delivered,3
ORD002470,2025-01-13 02:26:18,VTMMD60,vitaman madu 60 ml,50000,Diza Noza,8755046663,Pekanbaru,2025-01-13 03:32:18,2025-01-14 15:32:18,,On Delivery,1
ORD002471,2025-02-03 18:11:32,MDB200,maduboom 200 ml,32000,Nana Mili,8200118251,Sidoarjo,2025-02-03 20:09:32,2025-02-05 05:09:32,,On Delivery,2
ORD002472,2025-01-10 18:47:17,VTM60,vitaman 60 ml,30000,Momi Riti Zaba,8629672239,Ponorogo,2025-01-10 20:28:17,2025-01-11 20:28:17,,Processed,2
ORD002473,2025-02-06 17:14:55,VTM60,vitaman 60 ml,30000,Faka Rara Nofa,8753428031,Blitar,2025-02-06 18:13:55,2025-02-07 16:13:55,,On Delivery,2
ORD002474,2025-02-12 07:28:42,VTM60,vitaman 60 ml,30000,Zara Jomo,8447657245,Sukabumi,2025-02-12 07:58:42,2025-02-13 06:58:42,,Delivered,2
ORD002475,2025-01-03 09:50:18,MDB120,maduboom 120 ml,23000,Baka Nali Moza,8388268806,Tangerang,2025-01-03 11:46:18,2025-01-04 17:46:18,,On Delivery,2
ORD002476,2025-02-16 01:49:10,VTM60,vitaman 60 ml,30000,Tira Lidi,8392891788,Magelang,2025-02-16 03:18:10,2025-02-17 14:18:10,,On Delivery,3
ORD002477,2025-02-20 12:38:34,VTMMD60,vitaman madu 60 ml,50000,Rara Rano,8654972750,Buleleng,2025-02-20 15:08:34,2025-02-22 08:08:34,,Processed,1
ORD002478,2025-02-25 21:21:38,MDB120,maduboom 120 ml,23000,Baba Naka,8952401861,Lombok Barat,2025-02-26 00:03:38,2025-02-26 20:03:38,,Delivered,1
ORD002479,2025-02-17 14:01:00,MDB120,maduboom 120 ml,23000,Fana Mofa,8238602361,Bandung,2025-02-17 16:00:00,2025-02-18 14:00:00,,Delivered,3
ORD002480,2025-01-30 21:17:35,VTM60,vitaman 60 ml,30000,Namo Fami Samo,8704989377,Surabaya,2025-01-30 22:12:35,2025-01-31 21:12:35,,Processed,1
ORD002481,2025-01-02 23:56:16,VTM60,vitaman 60 ml,30000,Raza Jora,8536969211,Magelang,2025-01-03 01:30:16,2025-01-04 03:30:16,,On Delivery,2
ORD002482,2025-01-22 01:13:54,VTMMD60,vitaman madu 60 ml,50000,Rira Tiri Najo,8133718281,Larantuka,2025-01-22 03:02:54,2025-01-23 19:02:54,,Delivered,2
ORD002483,2025-02-05 03:59:59,VTMMD60,vitaman madu 60 ml,50000,Diba Liri,8370723130,Palembang,2025-02-05 05:57:59,2025-02-06 06:57:59,,Delivered,1
ORD002484,2025-01-18 23:44:04,MDB200,maduboom 200 ml,32000,Fali Jofa,8484686043,Cikarang,2025-01-19 01:58:04,2025-01-19 08:58:04,,On Delivery,1
ORD002485,2025-01-02 11:15:56,VTMMD60,vitaman madu 60 ml,50000,Namo Mika Lina,8788945920,Cianjur,2025-01-02 14:12:56,2025-01-03 07:12:56,,Delivered,2
ORD002486,2025-01-30 13:11:45,MDB200,maduboom 200 ml,32000,Nami Tili,8939868928,Ende,2025-01-30 15:30:45,2025-01-31 17:30:45,,Delivered,3
ORD002487,2025-02-16 05:51:30,MDB120,maduboom 120 ml,23000,Nosa Fasa,8391278994,Magelang,2025-02-16 06:35:30,2025-02-16 11:35:30,,On Delivery,1
ORD002488,2025-02-08 04:50:25,MDB200,maduboom 200 ml,32000,Titi Jodi Nara,8317585603,Gorontalo,2025-02-08 05:24:25,2025-02-10 02:24:25,,Processed,3
ORD002489,2025-01-03 07:07:21,VTM60,vitaman 60 ml,30000,Nomo Kaba,8258168057,Kediri,2025-01-03 08:57:21,2025-01-05 03:57:21,,Processed,3
ORD002490,2025-02-21 20:21:56,MDB120,maduboom 120 ml,23000,Timo Mona,8152945910,Gorontalo,2025-02-21 22:14:56,2025-02-22 19:14:56,2025-02-24 19:14:56,Returned,2
ORD002491,2025-02-02 14:58:53,MDB120,maduboom 120 ml,23000,Jomi Difa,8819837588,Probolinggo,2025-02-02 16:02:53,2025-02-03 11:02:53,2025-02-07 11:02:53,Returned,1
ORD002492,2025-01-08 11:14:58,VTMMD60,vitaman madu 60 ml,50000,Kajo Kafa,8523186781,Indramayu,2025-01-08 14:06:58,2025-01-09 06:06:58,,On Delivery,1
ORD002493,2025-01-27 04:33:26,MDB200,maduboom 200 ml,32000,Bana Bano Sari,8284408372,Purwokerto,2025-01-27 06:44:26,2025-01-28 06:44:26,,On Delivery,2
ORD002494,2025-01-16 18:32:03,VTMMD60,vitaman madu 60 ml,50000,Rina Mori Bati,8699186977,Karawang,2025-01-16 20:00:03,2025-01-18 17:00:03,,Processed,2
ORD002495,2025-02-02 08:24:25,JDM,jelly drink madu,20000,Lisa Sajo,8181040115,Surabaya,2025-02-02 10:28:25,2025-02-04 00:28:25,,Delivered,3
ORD002496,2025-02-20 12:14:17,MDB200,maduboom 200 ml,32000,Najo Basa Fali,8243148632,Makassar,2025-02-20 13:47:17,2025-02-21 19:47:17,,On Delivery,3
ORD002497,2025-01-29 05:45:05,MDB200,maduboom 200 ml,32000,Riza Naza Misa,8625464513,Semarang,2025-01-29 06:24:05,2025-01-30 07:24:05,,Processed,3
ORD002498,2025-01-03 10:31:20,MDB120,maduboom 120 ml,23000,Diri Risa Bati,8653839479,Ponorogo,2025-01-03 11:12:20,2025-01-04 14:12:20,,Delivered,1
ORD002499,2025-02-21 03:47:50,VTMMD60,vitaman madu 60 ml,50000,Bafa Lika,8772632768,Sidoarjo,2025-02-21 04:35:50,2025-02-22 16:35:50,2025-02-28 16:35:50,Returned,1
ORD002500,2025-02-06 07:20:52,VTMMD60,vitaman madu 60 ml,50000,Fati Noba,8436385839,Tabanan,2025-02-06 09:45:52,2025-02-08 01:45:52,,On Delivery,1
ORD002501,2025-02-07 10:15:54,JDM,jelly drink madu,20000,Lino Ramo,8893969643,Ngawi,2025-02-07 12:32:54,2025-02-09 01:32:54,,Delivered,3
ORD002502,2025-02-20 17:37:33,JDM,jelly drink madu,20000,Noli Lidi Rafa,8696985881,Banjarbaru,2025-02-20 19:11:33,2025-02-22 10:11:33,,Processed,3
ORD002503,2025-02-17 20:38:38,JDM,jelly drink madu,20000,Tijo Fari Raba,8657401650,Malang,2025-02-17 22:53:38,2025-02-19 17:53:38,,On Delivery,1
ORD002504,2025-01-28 14:49:09,VTM60,vitaman 60 ml,30000,Kati Sadi Naka,8533552268,Lombok Timur,2025-01-28 16:22:09,2025-01-30 03:22:09,,Processed,3
ORD002505,2025-01-01 14:03:51,MDB120,maduboom 120 ml,23000,Rifa Zana,8308469388,Surabaya,2025-01-01 16:18:51,2025-01-03 06:18:51,,Delivered,1
ORD002506,2025-02-24 19:16:10,JDM,jelly drink madu,20000,Bafa Safa Samo,8915110794,Bogor,2025-02-24 21:33:10,2025-02-25 06:33:10,,Processed,2
ORD002507,2025-01-12 15:54:26,MDB120,maduboom 120 ml,23000,Mora Rimo,8834397999,Tegal,2025-01-12 17:44:26,2025-01-13 13:44:26,,On Delivery,1
ORD002508,2025-02-16 18:22:41,VTM60,vitaman 60 ml,30000,Nomi Riri,8175336301,Magelang,2025-02-16 19:42:41,2025-02-17 10:42:41,,On Delivery,3
ORD002509,2025-01-03 02:21:48,VTM60,vitaman 60 ml,30000,Basa Zati,8145541222,Kupang,2025-01-03 03:17:48,2025-01-03 09:17:48,,Processed,3
ORD002510,2025-01-23 19:12:08,JDM,jelly drink madu,20000,Limo Nara Sadi,8813571287,Bengkulu,2025-01-23 22:02:08,2025-01-24 04:02:08,,On Delivery,3
ORD002511,2025-02-18 04:22:36,JDM,jelly drink madu,20000,Zasa Difa Riza,8835440268,Cirebon,2025-02-18 07:06:36,2025-02-20 05:06:36,,On Delivery,2
ORD002512,2025-02-18 00:33:50,JDM,jelly drink madu,20000,Timo Titi,8245087612,Bandar Lampung,2025-02-18 02:01:50,2025-02-18 19:01:50,,Delivered,3
ORD002513,2025-01-12 23:48:29,MDB120,maduboom 120 ml,23000,Momo Nomo Rijo,8528313466,Ponorogo,2025-01-13 02:45:29,2025-01-14 08:45:29,,Processed,2
ORD002514,2025-02-27 10:29:44,VTM60,vitaman 60 ml,30000,Noli Moli,8290545857,Larantuka,2025-02-27 12:52:44,2025-02-28 12:52:44,,Processed,1
ORD002515,2025-01-20 02:11:41,MDB200,maduboom 200 ml,32000,Badi Momo,8888023941,Subang,2025-01-20 03:37:41,2025-01-21 04:37:41,,Processed,2
ORD002516,2025-02-14 20:09:36,MDB200,maduboom 200 ml,32000,Baba Mifa,8853848463,Kendari,2025-02-14 22:44:36,2025-02-16 01:44:36,,On Delivery,3
ORD002517,2025-01-30 00:28:59,VTM60,vitaman 60 ml,30000,Ridi Joka Midi,8498513610,Blitar,2025-01-30 00:59:59,2025-01-30 16:59:59,,On Delivery,3
ORD002518,2025-02-07 04:44:30,JDM,jelly drink madu,20000,Tiba Nana Sano,8611634036,Ambon,2025-02-07 07:31:30,2025-02-08 10:31:30,,Delivered,3
ORD002519,2025-02-11 19:54:42,VTM60,vitaman 60 ml,30000,Baba Fara,8980073561,Batu,2025-02-11 21:57:42,2025-02-13 14:57:42,,On Delivery,3
ORD002520,2025-01-12 19:36:30,MDB200,maduboom 200 ml,32000,Tifa Risa Diri,8181332276,Batam,2025-01-12 22:09:30,2025-01-14 00:09:30,2025-01-19 00:09:30,Returned,2
ORD002521,2025-01-19 06:18:08,VTMMD60,vitaman madu 60 ml,50000,Safa Raka Rika,8836268397,Jayapura,2025-01-19 08:15:08,2025-01-20 19:15:08,,Processed,2
ORD002522,2025-01-15 21:00:53,VTM60,vitaman 60 ml,30000,Nofa Fara,8784972550,Sorong,2025-01-15 22:36:53,2025-01-17 05:36:53,,On Delivery,3
ORD002523,2025-02-22 23:16:36,JDM,jelly drink madu,20000,Bami Miba Lisa,8440458708,Jambi,2025-02-23 00:25:36,2025-02-24 20:25:36,,Processed,1
ORD002524,2025-01-25 17:54:07,MDB120,maduboom 120 ml,23000,Najo Faka,8139264100,Yogyakarta,2025-01-25 20:05:07,2025-01-26 17:05:07,,Processed,1
ORD002525,2025-02-01 23:31:47,MDB200,maduboom 200 ml,32000,Moti Naba Zami,8157899579,Ambon,2025-02-02 02:08:47,2025-02-04 01:08:47,,Processed,3
ORD002526,2025-02-05 07:52:06,VTMMD60,vitaman madu 60 ml,50000,Fami Jomi Sari,8479745527,Jepara,2025-02-05 09:00:06,2025-02-06 02:00:06,2025-02-09 02:00:06,Returned,2
ORD002527,2025-02-05 18:09:19,JDM,jelly drink madu,20000,Zali Tijo,8454707910,Palembang,2025-02-05 19:45:19,2025-02-06 03:45:19,,On Delivery,1
ORD002528,2025-02-26 22:21:57,MDB200,maduboom 200 ml,32000,Rimi Lina,8382528220,Lamongan,2025-02-26 23:13:57,2025-02-28 03:13:57,,On Delivery,2
ORD002529,2025-02-11 12:11:30,VTMMD60,vitaman madu 60 ml,50000,Raba Nomo,8591605477,Garut,2025-02-11 15:07:30,2025-02-12 04:07:30,,On Delivery,3
ORD002530,2025-01-28 01:37:13,MDB120,maduboom 120 ml,23000,Sati Mili Mina,8919571303,Banjarmasin,2025-01-28 04:02:13,2025-01-30 02:02:13,,On Delivery,3
ORD002531,2025-02-18 22:04:40,MDB200,maduboom 200 ml,32000,Nadi Jora Baza,8630801860,Cirebon,2025-02-19 00:31:40,2025-02-19 13:31:40,2025-02-26 13:31:40,Returned,2
ORD002532,2025-01-16 12:58:04,JDM,jelly drink madu,20000,Lijo Lisa Nasa,8769451603,Padang,2025-01-16 15:26:04,2025-01-18 14:26:04,,Delivered,1
ORD002533,2025-02-24 00:04:28,VTM60,vitaman 60 ml,30000,Raza Kadi Limo,8208811179,Tabanan,2025-02-24 01:09:28,2025-02-24 18:09:28,,Processed,2
ORD002534,2025-02-04 05:33:15,MDB200,maduboom 200 ml,32000,Kaba Riri Joti,8834345381,Bogor,2025-02-04 07:40:15,2025-02-06 03:40:15,,Processed,3
ORD002535,2025-01-14 00:34:09,VTMMD60,vitaman madu 60 ml,50000,Rimo Disa Rali,8189756953,Situbondo,2025-01-14 01:47:09,2025-01-14 07:47:09,,Delivered,3
ORD002536,2025-02-22 03:17:11,VTM60,vitaman 60 ml,30000,Naza Nori Nona,8375205459,Maumere,2025-02-22 04:45:11,2025-02-22 17:45:11,,Delivered,2
ORD002537,2025-02-16 02:16:38,VTM60,vitaman 60 ml,30000,Jori Nara,8213470354,Bangli,2025-02-16 05:04:38,2025-02-16 10:04:38,,Processed,2
ORD002538,2025-01-13 18:27:30,JDM,jelly drink madu,20000,Jona Dika Dina,8706591045,Ternate,2025-01-13 19:53:30,2025-01-15 07:53:30,,On Delivery,2
ORD002539,2025-02-01 13:21:04,VTM60,vitaman 60 ml,30000,Raza Zano Bamo,8685692781,Banyuwangi,2025-02-01 14:52:04,2025-02-03 07:52:04,,Delivered,3
ORD002540,2025-02-07 07:50:30,VTMMD60,vitaman madu 60 ml,50000,Tika Nari Nofa,8584751902,Cikarang,2025-02-07 10:03:30,2025-02-08 11:03:30,,On Delivery,2
ORD002541,2025-02-07 03:57:15,JDM,jelly drink madu,20000,Radi Jori Najo,8878584029,Samarinda,2025-02-07 04:50:15,2025-02-07 14:50:15,,Delivered,2
ORD002542,2025-02-21 12:17:47,MDB120,maduboom 120 ml,23000,Kaka Tiri Zali,8124819005,Denpasar,2025-02-21 14:23:47,2025-02-22 11:23:47,,Processed,3
ORD002543,2025-02-05 07:57:00,VTMMD60,vitaman madu 60 ml,50000,Rari Radi,8992766465,Subang,2025-02-05 09:45:00,2025-02-06 04:45:00,,Processed,1
ORD002544,2025-01-20 00:46:25,MDB200,maduboom 200 ml,32000,Kaza Ridi,8509836779,Bekasi,2025-01-20 02:22:25,2025-01-21 05:22:25,,Processed,3
ORD002545,2025-01-13 00:21:15,JDM,jelly drink madu,20000,Namo Raka,8504414079,Karawang,2025-01-13 01:22:15,2025-01-14 09:22:15,,Processed,2
ORD002546,2025-02-12 18:05:00,MDB120,maduboom 120 ml,23000,Fati Jomi Diza,8682363390,Singkawang,2025-02-12 19:05:00,2025-02-14 18:05:00,,Processed,3
ORD002547,2025-02-17 17:49:36,MDB120,maduboom 120 ml,23000,Noka Joli,8443368763,Ternate,2025-02-17 20:04:36,2025-02-18 15:04:36,,Processed,3
ORD002548,2025-02-19 13:38:40,MDB120,maduboom 120 ml,23000,Fali Timi,8372873306,Makassar,2025-02-19 14:35:40,2025-02-21 00:35:40,,On Delivery,1
ORD002549,2025-01-06 13:13:30,VTM60,vitaman 60 ml,30000,Mono Bari Dina,8232773688,Palembang,2025-01-06 15:20:30,2025-01-07 12:20:30,2025-01-13 12:20:30,Returned,2
ORD002550,2025-01-08 00:52:57,MDB200,maduboom 200 ml,32000,Nodi Dimi,8252941634,Bojonegoro,2025-01-08 02:13:57,2025-01-08 21:13:57,,Delivered,1
ORD002551,2025-01-15 15:42:04,VTMMD60,vitaman madu 60 ml,50000,Rifa Dira,8990723722,Batu,2025-01-15 17:19:04,2025-01-16 12:19:04,,On Delivery,3
ORD002552,2025-01-19 18:39:08,VTMMD60,vitaman madu 60 ml,50000,Basa Mili Zamo,8600509471,Kudus,2025-01-19 20:09:08,2025-01-21 00:09:08,,Processed,3
ORD002553,2025-01-27 05:55:53,JDM,jelly drink madu,20000,Nojo Mofa,8207918865,Purwakarta,2025-01-27 06:41:53,2025-01-28 15:41:53,,On Delivery,2
ORD002554,2025-02-15 16:41:20,JDM,jelly drink madu,20000,Safa Dina,8789953314,Pekanbaru,2025-02-15 18:21:20,2025-02-16 14:21:20,,Processed,1
ORD002555,2025-01-28 23:51:57,MDB200,maduboom 200 ml,32000,Fafa Mofa,8225512257,Tegal,2025-01-29 02:41:57,2025-01-29 20:41:57,,Processed,2
ORD002556,2025-01-29 11:47:10,VTMMD60,vitaman madu 60 ml,50000,Riba Miti,8159386376,Ternate,2025-01-29 14:38:10,2025-01-31 01:38:10,,Delivered,1
ORD002557,2025-01-12 15:42:54,MDB200,maduboom 200 ml,32000,Mina Momo Moti,8500255656,Palu,2025-01-12 16:17:54,2025-01-14 03:17:54,2025-01-21 03:17:54,Returned,3
ORD002558,2025-02-16 15:29:48,JDM,jelly drink madu,20000,Naka Bana,8315661348,Klaten,2025-02-16 17:48:48,2025-02-17 22:48:48,,Delivered,3
ORD002559,2025-01-07 20:52:59,MDB120,maduboom 120 ml,23000,Lisa Joza,8646891139,Buleleng,2025-01-07 23:28:59,2025-01-09 00:28:59,,Processed,1
ORD002560,2025-01-12 10:05:16,MDB120,maduboom 120 ml,23000,Moba Miti,8853538096,Palu,2025-01-12 11:54:16,2025-01-13 08:54:16,,Delivered,3
ORD002561,2025-01-18 07:57:07,MDB200,maduboom 200 ml,32000,Josa Momi,8269227541,Jakarta,2025-01-18 10:33:07,2025-01-18 21:33:07,,On Delivery,2
ORD002562,2025-01-06 13:10:07,JDM,jelly drink madu,20000,Fati Rimi,8448566231,Semarang,2025-01-06 15:09:07,2025-01-07 09:09:07,,On Delivery,2
ORD002563,2025-01-11 17:20:35,MDB200,maduboom 200 ml,32000,Zadi Dimi Miti,8472172497,Sorong,2025-01-11 18:12:35,2025-01-12 03:12:35,,Delivered,1
ORD002564,2025-01-13 07:10:36,VTM60,vitaman 60 ml,30000,Rina Tifa,8306833808,Cianjur,2025-01-13 09:38:36,2025-01-15 09:38:36,,Delivered,2
ORD002565,2025-01-16 10:51:12,VTM60,vitaman 60 ml,30000,Bara Dira Rara,8799291147,Gresik,2025-01-16 12:58:12,2025-01-16 23:58:12,,On Delivery,2
ORD002566,2025-02-16 13:14:27,MDB200,maduboom 200 ml,32000,Zasa Basa Naka,8536392850,Purwokerto,2025-02-16 13:48:27,2025-02-18 10:48:27,2025-02-20 10:48:27,Returned,3
ORD002567,2025-02-18 21:08:33,VTMMD60,vitaman madu 60 ml,50000,Nodi Tisa,8136113775,Ngawi,2025-02-18 22:53:33,2025-02-20 20:53:33,,Processed,1
ORD002568,2025-01-17 18:49:21,VTMMD60,vitaman madu 60 ml,50000,Bafa Dina,8109670409,Ende,2025-01-17 21:19:21,2025-01-19 20:19:21,,On Delivery,1
ORD002569,2025-01-22 11:11:04,VTMMD60,vitaman madu 60 ml,50000,Joli Lisa Zami,8281977723,Balikpapan,2025-01-22 12:39:04,2025-01-24 06:39:04,,Processed,1
ORD002570,2025-02-13 08:20:40,VTMMD60,vitaman madu 60 ml,50000,Dika Fajo,8157500936,Singkawang,2025-02-13 11:19:40,2025-02-14 06:19:40,2025-02-21 06:19:40,Returned,2
ORD002571,2025-02-09 21:20:55,VTMMD60,vitaman madu 60 ml,50000,Baka Joba,8344866710,Jayapura,2025-02-09 23:47:55,2025-02-10 12:47:55,,Processed,2
ORD002572,2025-01-21 21:01:08,VTM60,vitaman 60 ml,30000,Kafa Rali Dino,8252589692,Bandung,2025-01-21 23:08:08,2025-01-22 07:08:08,,On Delivery,2
ORD002573,2025-02-01 15:42:32,VTMMD60,vitaman madu 60 ml,50000,Dili Badi,8512869024,Tuban,2025-02-01 16:52:32,2025-02-02 05:52:32,,On Delivery,3
ORD002574,2025-01-14 11:20:45,MDB200,maduboom 200 ml,32000,Ramo Liba,8439736330,Maumere,2025-01-14 13:32:45,2025-01-15 17:32:45,,Processed,1
ORD002575,2025-01-13 09:59:07,VTM60,vitaman 60 ml,30000,Zana Kali,8944081738,Tasikmalaya,2025-01-13 10:41:07,2025-01-14 03:41:07,,Processed,1
ORD002576,2025-02-24 19:50:04,JDM,jelly drink madu,20000,Kafa Noka Sana,8443751789,Jambi,2025-02-24 22:48:04,2025-02-26 19:48:04,,Delivered,3
ORD002577,2025-02-12 08:40:09,VTMMD60,vitaman madu 60 ml,50000,Bana Sali Rana,8804365740,Kupang,2025-02-12 09:27:09,2025-02-14 07:27:09,,On Delivery,1
ORD002578,2025-02-20 06:38:29,VTMMD60,vitaman madu 60 ml,50000,Zami Lidi Tina,8789896231,Sumedang,2025-02-20 07:23:29,2025-02-20 19:23:29,,Processed,2
ORD002579,2025-02-15 16:06:48,VTM60,vitaman 60 ml,30000,Baza Mona Raza,8567616212,Badung,2025-02-15 19:06:48,2025-02-17 13:06:48,,On Delivery,2
ORD002580,2025-02-09 10:26:41,VTM60,vitaman 60 ml,30000,Baza Liri Kali,8671919067,Badung,2025-02-09 11:58:41,2025-02-10 00:58:41,,On Delivery,3
ORD002581,2025-02-22 01:04:06,VTMMD60,vitaman madu 60 ml,50000,Momo Nono Bajo,8347587009,Pontianak,2025-02-22 03:53:06,2025-02-23 13:53:06,,Processed,1
ORD002582,2025-01-18 00:03:11,JDM,jelly drink madu,20000,Kano Momo Fali,8896352523,Tabanan,2025-01-18 00:39:11,2025-01-19 01:39:11,,Processed,1
ORD002583,2025-02-07 12:17:37,VTM60,vitaman 60 ml,30000,Mori Rana,8999487856,Gianyar,2025-02-07 13:59:37,2025-02-08 10:59:37,2025-02-14 10:59:37,Returned,1
ORD002584,2025-02-08 07:31:11,MDB120,maduboom 120 ml,23000,Rimi Rami,8485979570,Yogyakarta,2025-02-08 10:20:11,2025-02-09 21:20:11,,On Delivery,1
ORD002585,2025-02-09 09:12:48,MDB200,maduboom 200 ml,32000,Bari Zafa,8262017074,Buleleng,2025-02-09 10:19:48,2025-02-11 04:19:48,,On Delivery,3
ORD002586,2025-01-11 13:02:12,MDB200,maduboom 200 ml,32000,Dimi Dika Moti,8414663489,Situbondo,2025-01-11 15:46:12,2025-01-13 01:46:12,,Processed,2
ORD002587,2025-02-26 09:31:40,VTM60,vitaman 60 ml,30000,Joli Limo Nofa,8276456982,Palembang,2025-02-26 11:58:40,2025-02-26 23:58:40,,On Delivery,2
ORD002588,2025-01-03 06:35:31,JDM,jelly drink madu,20000,Dino Joba Mojo,8802108836,Bogor,2025-01-03 09:24:31,2025-01-04 18:24:31,2025-01-06 18:24:31,Returned,1
ORD002589,2025-02-10 10:59:23,VTM60,vitaman 60 ml,30000,Raza Rijo,8403807016,Cirebon,2025-02-10 13:50:23,2025-02-11 14:50:23,,On Delivery,2
ORD002590,2025-01-08 11:18:56,MDB120,maduboom 120 ml,23000,Kaba Zami,8952739531,Purwakarta,2025-01-08 13:33:56,2025-01-09 21:33:56,,Delivered,1
ORD002591,2025-01-27 17:02:01,VTMMD60,vitaman madu 60 ml,50000,Jodi Zadi Timi,8203126487,Karangasem,2025-01-27 17:55:01,2025-01-28 15:55:01,,Delivered,3
ORD002592,2025-01-23 10:12:53,JDM,jelly drink madu,20000,Rali Tiba Saza,8452915715,Tasikmalaya,2025-01-23 11:49:53,2025-01-24 22:49:53,,Delivered,3
ORD002593,2025-01-30 07:39:36,VTMMD60,vitaman madu 60 ml,50000,Jora Faka Faba,8963759508,Cikarang,2025-01-30 10:21:36,2025-02-01 07:21:36,,Delivered,3
ORD002594,2025-02-12 02:42:16,MDB200,maduboom 200 ml,32000,Zano Dimi,8173871809,Bandung,2025-02-12 04:52:16,2025-02-13 04:52:16,,On Delivery,2
ORD002595,2025-02-22 18:42:44,JDM,jelly drink madu,20000,Rili Riti Noza,8664285323,Badung,2025-02-22 20:20:44,2025-02-23 01:20:44,,On Delivery,1
ORD002596,2025-01-26 17:18:22,MDB120,maduboom 120 ml,23000,Miti Nori,8875639354,Pekanbaru,2025-01-26 18:31:22,2025-01-28 04:31:22,,Delivered,3
ORD002597,2025-02-27 16:33:29,VTMMD60,vitaman madu 60 ml,50000,Nafa Baka,8844239736,Karawang,2025-02-27 17:33:29,2025-02-28 23:33:29,,Delivered,3
ORD002598,2025-01-25 16:37:39,VTMMD60,vitaman madu 60 ml,50000,Lika Bari Mora,8124392670,Lamongan,2025-01-25 19:26:39,2025-01-26 03:26:39,,On Delivery,1
ORD002599,2025-01-22 03:25:28,MDB120,maduboom 120 ml,23000,Sali Rara,8729419059,Garut,2025-01-22 06:07:28,2025-01-24 00:07:28,,Processed,2
ORD002600,2025-01-27 06:13:56,JDM,jelly drink madu,20000,Joza Tiza Nora,8676025210,Sumedang,2025-01-27 08:40:56,2025-01-28 09:40:56,,Delivered,2
ORD002601,2025-01-20 00:30:23,MDB200,maduboom 200 ml,32000,Dika Noka Riri,8835295668,Ponorogo,2025-01-20 03:16:23,2025-01-20 21:16:23,2025-01-27 21:16:23,Returned,3
ORD002602,2025-02-07 14:37:00,MDB120,maduboom 120 ml,23000,Mora Sano,8497661819,Ende,2025-02-07 17:01:00,2025-02-08 22:01:00,,On Delivery,1
ORD002603,2025-01-21 13:37:26,MDB120,maduboom 120 ml,23000,Zana Fana Bamo,8898447900,Ngawi,2025-01-21 16:14:26,2025-01-22 23:14:26,,Delivered,2
ORD002604,2025-02-23 22:57:42,MDB120,maduboom 120 ml,23000,Jojo Noza Lino,8595082917,Ngawi,2025-02-24 01:21:42,2025-02-25 17:21:42,,Delivered,3
ORD002605,2025-02-15 13:40:40,VTMMD60,vitaman madu 60 ml,50000,Rasa Dimo,8185610576,Bojonegoro,2025-02-15 15:26:40,2025-02-15 21:26:40,,Processed,3
ORD002606,2025-02-23 12:51:19,MDB200,maduboom 200 ml,32000,Rili Dijo,8247660615,Karangasem,2025-02-23 14:31:19,2025-02-25 04:31:19,,Processed,2
ORD002607,2025-02-12 14:42:24,MDB120,maduboom 120 ml,23000,Jori Nadi,8217096236,Subang,2025-02-12 15:36:24,2025-02-13 10:36:24,,On Delivery,3
ORD002608,2025-02-13 09:07:51,VTMMD60,vitaman madu 60 ml,50000,Joka Risa Jomo,8358093904,Jepara,2025-02-13 10:39:51,2025-02-14 23:39:51,,Processed,3
ORD002609,2025-01-07 12:19:03,MDB120,maduboom 120 ml,23000,Zajo Rati,8886602052,Bojonegoro,2025-01-07 14:21:03,2025-01-09 09:21:03,,On Delivery,3
ORD002610,2025-01-10 23:35:27,JDM,jelly drink madu,20000,Mona Nasa Fasa,8511234861,Batam,2025-01-11 02:09:27,2025-01-12 05:09:27,,Processed,2
ORD002611,2025-01-08 18:33:26,MDB200,maduboom 200 ml,32000,Kati Riba Fari,8707433353,Lombok Barat,2025-01-08 20:58:26,2025-01-10 05:58:26,,On Delivery,1
ORD002612,2025-01-26 02:09:32,MDB120,maduboom 120 ml,23000,Riba Modi Tijo,8584492063,Surabaya,2025-01-26 02:52:32,2025-01-26 13:52:32,,On Delivery,1
ORD002613,2025-01-27 01:04:31,VTM60,vitaman 60 ml,30000,Jori Nosa Riba,8517402928,Banjarbaru,2025-01-27 01:36:31,2025-01-27 13:36:31,,On Delivery,2
ORD002614,2025-01-16 15:40:20,VTM60,vitaman 60 ml,30000,Modi Basa,8615594672,Probolinggo,2025-01-16 17:11:20,2025-01-16 22:11:20,,Delivered,1
ORD002615,2025-01-11 02:53:00,MDB200,maduboom 200 ml,32000,Noli Miri,8833553387,Probolinggo,2025-01-11 05:51:00,2025-01-11 18:51:00,,Processed,3
ORD002616,2025-02-23 11:50:48,MDB120,maduboom 120 ml,23000,Nori Zafa Kano,8388457839,Malang,2025-02-23 13:34:48,2025-02-25 06:34:48,,On Delivery,2
ORD002617,2025-02-15 16:57:01,MDB120,maduboom 120 ml,23000,Liri Dika Rami,8663603398,Sumedang,2025-02-15 17:27:01,2025-02-17 05:27:01,,Processed,1
ORD002618,2025-02-10 18:09:11,MDB120,maduboom 120 ml,23000,Limo Tina Nadi,8404821830,Tuban,2025-02-10 20:25:11,2025-02-11 18:25:11,,Processed,2
ORD002619,2025-02-19 14:35:15,VTM60,vitaman 60 ml,30000,Jono Fafa Sana,8720096188,Karangasem,2025-02-19 16:57:15,2025-02-21 05:57:15,,Processed,2
ORD002620,2025-02-16 00:58:53,VTM60,vitaman 60 ml,30000,Kamo Zari Rasa,8108223615,Pasuruan,2025-02-16 02:33:53,2025-02-17 17:33:53,,On Delivery,2
ORD002621,2025-02-12 22:26:18,MDB200,maduboom 200 ml,32000,Tisa Jofa,8898341912,Singkawang,2025-02-13 01:11:18,2025-02-14 17:11:18,,On Delivery,3
ORD002622,2025-02-10 14:08:17,MDB200,maduboom 200 ml,32000,Nora Famo Kano,8576335218,Magelang,2025-02-10 16:15:17,2025-02-11 13:15:17,2025-02-18 13:15:17,Returned,1
ORD002623,2025-01-09 16:12:25,MDB120,maduboom 120 ml,23000,Rafa Baba,8850407884,Manado,2025-01-09 17:04:25,2025-01-11 02:04:25,,On Delivery,3
ORD002624,2025-01-15 00:29:08,MDB120,maduboom 120 ml,23000,Nomo Naza,8439678575,Boyolali,2025-01-15 03:13:08,2025-01-15 22:13:08,,Processed,3
ORD002625,2025-01-15 00:07:52,JDM,jelly drink madu,20000,Sara Radi Famo,8714491242,Tabanan,2025-01-15 02:05:52,2025-01-16 06:05:52,,Processed,3
ORD002626,2025-02-01 04:10:41,VTMMD60,vitaman madu 60 ml,50000,Kana Diza Nosa,8562890742,Maumere,2025-02-01 05:20:41,2025-02-02 04:20:41,,Delivered,3
ORD002627,2025-01-12 23:43:39,MDB200,maduboom 200 ml,32000,Naka Zaza,8134307389,Jepara,2025-01-13 01:50:39,2025-01-14 19:50:39,,On Delivery,2
ORD002628,2025-01-05 09:52:00,MDB200,maduboom 200 ml,32000,Dimi Kajo Zaba,8938083952,Buleleng,2025-01-05 12:37:00,2025-01-07 11:37:00,,On Delivery,1
ORD002629,2025-01-24 07:59:30,MDB120,maduboom 120 ml,23000,Modi Nodi Fadi,8162218918,Ende,2025-01-24 09:12:30,2025-01-25 14:12:30,,Processed,3
ORD002630,2025-01-15 09:07:24,MDB120,maduboom 120 ml,23000,Rina Saka Tisa,8818172757,Sukabumi,2025-01-15 09:48:24,2025-01-17 07:48:24,,Processed,1
ORD002631,2025-01-22 17:23:57,MDB200,maduboom 200 ml,32000,Rara Kadi,8611274877,Kupang,2025-01-22 18:49:57,2025-01-23 09:49:57,2025-01-26 09:49:57,Returned,3
ORD002632,2025-02-05 03:07:10,MDB200,maduboom 200 ml,32000,Famo Rino Tika,8249550207,Surabaya,2025-02-05 05:45:10,2025-02-06 04:45:10,,On Delivery,3
ORD002633,2025-02-19 09:15:36,VTM60,vitaman 60 ml,30000,Dira Jomo,8820041680,Madiun,2025-02-19 10:16:36,2025-02-21 08:16:36,,On Delivery,2
ORD002634,2025-02-08 21:26:49,VTM60,vitaman 60 ml,30000,Midi Ridi Baba,8968224490,Lombok Timur,2025-02-08 23:16:49,2025-02-10 17:16:49,2025-02-12 17:16:49,Returned,1
ORD002635,2025-01-05 07:20:30,MDB120,maduboom 120 ml,23000,Zano Zari,8874890192,Tabanan,2025-01-05 10:11:30,2025-01-06 02:11:30,,Processed,2
ORD002636,2025-01-29 06:30:53,VTM60,vitaman 60 ml,30000,Joka Kami,8706917063,Makassar,2025-01-29 08:36:53,2025-01-31 07:36:53,,Delivered,2
ORD002637,2025-02-27 13:34:49,VTM60,vitaman 60 ml,30000,Disa Rika,8192093587,Cirebon,2025-02-27 15:45:49,2025-03-01 07:45:49,,Processed,2
ORD002638,2025-02-16 01:13:02,MDB120,maduboom 120 ml,23000,Moza Tisa,8185336546,Maumere,2025-02-16 03:13:02,2025-02-17 23:13:02,,Processed,2
ORD002639,2025-01-28 00:00:19,MDB200,maduboom 200 ml,32000,Kami Lifa Mira,8863334307,Depok,2025-01-28 01:40:19,2025-01-29 10:40:19,,Delivered,3
ORD002640,2025-02-07 22:39:41,MDB200,maduboom 200 ml,32000,Zaka Zano,8178017921,Gresik,2025-02-08 01:37:41,2025-02-09 01:37:41,,On Delivery,1
ORD002641,2025-02-22 09:31:50,JDM,jelly drink madu,20000,Bano Fajo,8448484290,Maumere,2025-02-22 12:30:50,2025-02-24 08:30:50,,On Delivery,3
ORD002642,2025-01-29 23:15:18,MDB120,maduboom 120 ml,23000,Faba Fami,8839920544,Pasuruan,2025-01-30 00:40:18,2025-01-31 15:40:18,,Processed,2
ORD002643,2025-01-18 10:54:06,JDM,jelly drink madu,20000,Nojo Momi Lira,8686640971,Depok,2025-01-18 12:07:06,2025-01-20 12:07:06,,On Delivery,1
ORD002644,2025-02-02 08:19:00,MDB120,maduboom 120 ml,23000,Zari Liba Rara,8758620979,Kendari,2025-02-02 09:45:00,2025-02-03 03:45:00,,Delivered,1
ORD002645,2025-01-16 01:37:01,MDB120,maduboom 120 ml,23000,Fami Didi,8562535714,Banjarbaru,2025-01-16 02:36:01,2025-01-17 11:36:01,,On Delivery,1
ORD002646,2025-01-29 07:57:57,JDM,jelly drink madu,20000,Rasa Joza Fafa,8286497148,Palembang,2025-01-29 08:39:57,2025-01-29 22:39:57,2025-02-04 22:39:57,Returned,2
ORD002647,2025-02-15 12:47:07,MDB200,maduboom 200 ml,32000,Bajo Momi Tisa,8899712774,Jembrana,2025-02-15 15:37:07,2025-02-16 22:37:07,,Processed,1
ORD002648,2025-02-26 06:11:19,MDB120,maduboom 120 ml,23000,Modi Rara Tiri,8531318742,Cikarang,2025-02-26 08:41:19,2025-02-27 20:41:19,,On Delivery,3
ORD002649,2025-01-13 10:20:33,VTMMD60,vitaman madu 60 ml,50000,Liza Timi,8626206682,Indramayu,2025-01-13 12:19:33,2025-01-14 06:19:33,,Processed,3
ORD002650,2025-01-19 13:04:44,VTM60,vitaman 60 ml,30000,Joti Bajo,8612297278,Bogor,2025-01-19 15:26:44,2025-01-21 13:26:44,2025-01-25 13:26:44,Returned,1
ORD002651,2025-01-22 00:43:22,VTMMD60,vitaman madu 60 ml,50000,Timi Josa,8621119182,Cianjur,2025-01-22 02:27:22,2025-01-23 22:27:22,,Delivered,2
ORD002652,2025-02-09 01:23:08,JDM,jelly drink madu,20000,Rafa Nali Liba,8878829800,Ponorogo,2025-02-09 03:49:08,2025-02-10 17:49:08,,Processed,3
ORD002653,2025-01-08 20:55:33,JDM,jelly drink madu,20000,Joti Lisa Faka,8492858858,Depok,2025-01-08 22:59:33,2025-01-10 19:59:33,,On Delivery,3
ORD002654,2025-02-17 03:15:20,VTM60,vitaman 60 ml,30000,Mika Jora,8600281384,Bandar Lampung,2025-02-17 05:20:20,2025-02-18 09:20:20,,Delivered,1
ORD002655,2025-02-26 02:15:20,VTMMD60,vitaman madu 60 ml,50000,Jofa Badi Raka,8913639523,Batu,2025-02-26 05:01:20,2025-02-27 11:01:20,,Processed,1
ORD002656,2025-02-17 01:19:46,JDM,jelly drink madu,20000,Rati Rano,8491605606,Badung,2025-02-17 03:36:46,2025-02-19 00:36:46,,Processed,2
ORD002657,2025-02-27 21:18:48,JDM,jelly drink madu,20000,Tidi Rira Nana,8830986623,Lombok Timur,2025-02-27 23:06:48,2025-02-28 10:06:48,,Processed,2
ORD002658,2025-02-02 00:19:38,MDB200,maduboom 200 ml,32000,Fana Rijo,8184087727,Jombang,2025-02-02 03:10:38,2025-02-03 18:10:38,,Delivered,1
ORD002659,2025-02-26 12:13:31,JDM,jelly drink madu,20000,Lisa Diri Nomi,8137788737,Bandar Lampung,2025-02-26 14:37:31,2025-02-28 11:37:31,,Processed,3
ORD002660,2025-02-08 16:52:37,VTM60,vitaman 60 ml,30000,Zali Misa,8761792660,Makassar,2025-02-08 18:27:37,2025-02-10 10:27:37,,Delivered,1
ORD002661,2025-01-27 22:12:03,MDB200,maduboom 200 ml,32000,Rino Joza Dino,8913075356,Kediri,2025-01-27 23:21:03,2025-01-29 15:21:03,,On Delivery,2
ORD002662,2025-02-08 05:22:12,VTM60,vitaman 60 ml,30000,Jona Zano Disa,8127418522,Sumedang,2025-02-08 06:56:12,2025-02-10 01:56:12,,On Delivery,1
ORD002663,2025-01-06 00:38:29,MDB200,maduboom 200 ml,32000,Momi Joti,8892067022,Bandar Lampung,2025-01-06 02:53:29,2025-01-07 19:53:29,,Delivered,2
ORD002664,2025-02-18 19:55:42,MDB200,maduboom 200 ml,32000,Mora Tina Mona,8352560387,Lombok Barat,2025-02-18 21:52:42,2025-02-19 16:52:42,,Delivered,2
ORD002665,2025-02-18 09:47:01,MDB120,maduboom 120 ml,23000,Lina Kari Saka,8981740689,Probolinggo,2025-02-18 10:48:01,2025-02-19 05:48:01,,Delivered,3
ORD002666,2025-01-25 23:53:25,VTMMD60,vitaman madu 60 ml,50000,Jori Nosa Zana,8997406608,Tangerang,2025-01-26 00:26:25,2025-01-26 05:26:25,,Processed,1
ORD002667,2025-01-18 20:22:41,VTMMD60,vitaman madu 60 ml,50000,Noli Sari Kali,8690376823,Tangerang,2025-01-18 22:59:41,2025-01-19 10:59:41,,Processed,1
ORD002668,2025-01-21 12:19:46,VTMMD60,vitaman madu 60 ml,50000,Saba Nara Rari,8469961025,Batu,2025-01-21 15:03:46,2025-01-22 02:03:46,,On Delivery,2
ORD002669,2025-01-30 02:11:36,VTMMD60,vitaman madu 60 ml,50000,Nadi Kara,8404368624,Lombok Barat,2025-01-30 02:41:36,2025-01-31 18:41:36,,On Delivery,1
ORD002670,2025-02-05 11:01:31,VTMMD60,vitaman madu 60 ml,50000,Bali Mijo,8405637778,Bangli,2025-02-05 12:13:31,2025-02-06 02:13:31,,On Delivery,2
ORD002671,2025-01-07 18:33:43,MDB200,maduboom 200 ml,32000,Zati Rina Mira,8821777996,Blitar,2025-01-07 21:27:43,2025-01-09 08:27:43,,On Delivery,2
ORD002672,2025-02-26 08:16:21,MDB200,maduboom 200 ml,32000,Josa Nati,8655282589,Maumere,2025-02-26 09:54:21,2025-02-27 17:54:21,,Delivered,2
ORD002673,2025-01-31 10:12:10,MDB120,maduboom 120 ml,23000,Miza Sasa,8224321719,Jombang,2025-01-31 11:03:10,2025-02-01 19:03:10,,Delivered,2
ORD002674,2025-01-24 02:40:54,MDB120,maduboom 120 ml,23000,Noli Rika Raba,8373187548,Bandung,2025-01-24 05:14:54,2025-01-25 00:14:54,,Processed,3
ORD002675,2025-01-08 18:24:12,MDB120,maduboom 120 ml,23000,Sati Zati,8935733511,Ngawi,2025-01-08 20:21:12,2025-01-10 08:21:12,,Delivered,3
ORD002676,2025-02-16 03:20:05,JDM,jelly drink madu,20000,Rasa Mina,8310529070,Subang,2025-02-16 06:18:05,2025-02-16 16:18:05,,Processed,3
ORD002677,2025-02-27 06:16:02,VTMMD60,vitaman madu 60 ml,50000,Nori Jona,8506273757,Singkawang,2025-02-27 07:13:02,2025-03-01 04:13:02,,Processed,1
ORD002678,2025-01-02 22:02:55,MDB200,maduboom 200 ml,32000,Miti Fari Lili,8854832350,Manado,2025-01-03 00:22:55,2025-01-05 00:22:55,,Delivered,1
ORD002679,2025-02-01 00:58:24,VTM60,vitaman 60 ml,30000,Noba Raza Sati,8769795080,Makassar,2025-02-01 02:59:24,2025-02-01 11:59:24,,On Delivery,1
ORD002680,2025-01-04 11:58:09,VTMMD60,vitaman madu 60 ml,50000,Radi Rafa Raba,8459444495,Palembang,2025-01-04 12:39:09,2025-01-06 10:39:09,,Delivered,1
ORD002681,2025-01-11 03:23:58,JDM,jelly drink madu,20000,Baka Fana Zaza,8912105250,Situbondo,2025-01-11 03:55:58,2025-01-13 02:55:58,,Delivered,3
ORD002682,2025-02-26 02:25:29,JDM,jelly drink madu,20000,Momi Basa Riti,8978048349,Batam,2025-02-26 05:21:29,2025-02-26 19:21:29,,On Delivery,2
ORD002683,2025-01-24 07:40:21,JDM,jelly drink madu,20000,Nati Disa Tiba,8391304942,Semarang,2025-01-24 08:52:21,2025-01-25 15:52:21,,Processed,3
ORD002684,2025-02-16 09:14:16,MDB120,maduboom 120 ml,23000,Naka Titi,8528957040,Maumere,2025-02-16 11:39:16,2025-02-18 04:39:16,,Delivered,1
ORD002685,2025-01-13 06:53:57,JDM,jelly drink madu,20000,Tira Sara,8846654676,Gresik,2025-01-13 09:16:57,2025-01-13 22:16:57,,Delivered,3
ORD002686,2025-02-03 01:14:33,MDB120,maduboom 120 ml,23000,Zafa Diza,8445318347,Surabaya,2025-02-03 02:14:33,2025-02-04 12:14:33,,Processed,1
ORD002687,2025-01-07 02:01:11,VTMMD60,vitaman madu 60 ml,50000,Sano Tiza Bali,8855291733,Yogyakarta,2025-01-07 04:00:11,2025-01-07 20:00:11,,Delivered,1
ORD002688,2025-01-04 04:35:47,VTM60,vitaman 60 ml,30000,Tidi Kara Rili,8738474030,Mataram,2025-01-04 07:34:47,2025-01-04 21:34:47,,Delivered,1
ORD002689,2025-01-16 06:55:50,JDM,jelly drink madu,20000,Dika Ridi,8322030599,Palembang,2025-01-16 08:36:50,2025-01-17 08:36:50,,Processed,2
ORD002690,2025-01-25 06:39:02,JDM,jelly drink madu,20000,Joba Zati,8762586353,Bogor,2025-01-25 09:34:02,2025-01-26 02:34:02,,Delivered,3
ORD002691,2025-01-03 13:22:20,MDB120,maduboom 120 ml,23000,Jori Diri Nomi,8214696954,Balikpapan,2025-01-03 13:56:20,2025-01-05 13:56:20,,On Delivery,1
ORD002692,2025-01-02 06:25:44,JDM,jelly drink madu,20000,Nati Moli,8237978314,Sidoarjo,2025-01-02 07:56:44,2025-01-02 14:56:44,,Delivered,1
ORD002693,2025-01-11 19:23:02,VTM60,vitaman 60 ml,30000,Sana Jojo Noba,8994654751,Jepara,2025-01-11 20:07:02,2025-01-13 08:07:02,,Processed,3
ORD002694,2025-01-23 13:23:21,MDB120,maduboom 120 ml,23000,Rasa Bara Tiba,8341849013,Boyolali,2025-01-23 16:05:21,2025-01-23 21:05:21,,On Delivery,3
ORD002695,2025-02-06 13:11:10,JDM,jelly drink madu,20000,Tiza Nara Didi,8701361057,Padang,2025-02-06 15:15:10,2025-02-08 11:15:10,,Delivered,3
ORD002696,2025-01-19 09:37:53,MDB120,maduboom 120 ml,23000,Rili Fara,8784989042,Jombang,2025-01-19 12:27:53,2025-01-20 19:27:53,,On Delivery,2
ORD002697,2025-01-22 15:29:02,MDB200,maduboom 200 ml,32000,Rika Mojo,8923993788,Ende,2025-01-22 18:22:02,2025-01-23 16:22:02,,On Delivery,2
ORD002698,2025-02-20 22:36:57,JDM,jelly drink madu,20000,Namo Rami,8977158818,Larantuka,2025-02-21 01:33:57,2025-02-21 13:33:57,,On Delivery,1
ORD002699,2025-01-07 07:18:57,VTMMD60,vitaman madu 60 ml,50000,Lifa Bali,8784293866,Ngawi,2025-01-07 08:48:57,2025-01-07 14:48:57,,On Delivery,3
ORD002700,2025-01-10 20:45:07,JDM,jelly drink madu,20000,Zati Nosa Fano,8628681191,Badung,2025-01-10 21:37:07,2025-01-11 15:37:07,,Processed,2
ORD002701,2025-01-22 09:28:30,VTM60,vitaman 60 ml,30000,Raza Rira Zamo,8344358265,Pasuruan,2025-01-22 10:39:30,2025-01-24 10:39:30,,Processed,1
ORD002702,2025-02-19 16:16:25,MDB200,maduboom 200 ml,32000,Rana Rajo,8988873901,Semarang,2025-02-19 16:47:25,2025-02-21 13:47:25,,On Delivery,1
ORD002703,2025-01-12 03:57:09,VTMMD60,vitaman madu 60 ml,50000,Rali Miza,8576505992,Blitar,2025-01-12 06:06:09,2025-01-12 13:06:09,,Processed,3
ORD002704,2025-02-18 17:23:18,MDB200,maduboom 200 ml,32000,Sana Misa Rimo,8700134615,Maumere,2025-02-18 19:51:18,2025-02-19 06:51:18,,Processed,2
ORD002705,2025-02-02 09:30:58,MDB120,maduboom 120 ml,23000,Lira Didi,8624562712,Yogyakarta,2025-02-02 10:57:58,2025-02-04 02:57:58,,Processed,2
ORD002706,2025-02-21 11:29:47,JDM,jelly drink madu,20000,Mifa Faka,8725671781,Kupang,2025-02-21 13:01:47,2025-02-22 12:01:47,2025-03-01 12:01:47,Returned,2
ORD002707,2025-02-11 09:09:59,VTM60,vitaman 60 ml,30000,Raba Lijo,8252366950,Serang,2025-02-11 11:35:59,2025-02-12 18:35:59,,Delivered,2
ORD002708,2025-02-14 15:23:04,MDB200,maduboom 200 ml,32000,Rijo Jofa Risa,8964249560,Jakarta,2025-02-14 17:21:04,2025-02-16 11:21:04,,Processed,1
ORD002709,2025-01-13 01:47:13,VTM60,vitaman 60 ml,30000,Sano Noli,8825783435,Sumedang,2025-01-13 03:34:13,2025-01-13 18:34:13,,Delivered,3
ORD002710,2025-02-27 06:51:34,MDB120,maduboom 120 ml,23000,Miba Fati Rimi,8401296695,Tuban,2025-02-27 08:32:34,2025-02-27 21:32:34,2025-03-03 21:32:34,Returned,1
ORD002711,2025-02-17 22:42:26,MDB200,maduboom 200 ml,32000,Jodi Joza,8231579250,Palembang,2025-02-18 01:38:26,2025-02-19 21:38:26,2025-02-25 21:38:26,Returned,2
ORD002712,2025-01-03 16:39:00,MDB200,maduboom 200 ml,32000,Mifa Baba,8536847960,Tangerang,2025-01-03 19:09:00,2025-01-05 08:09:00,,Delivered,3
ORD002713,2025-01-02 16:44:14,MDB120,maduboom 120 ml,23000,Rimi Sasa Mimo,8549474193,Bandung,2025-01-02 19:19:14,2025-01-03 15:19:14,,On Delivery,1
ORD002714,2025-02-28 19:21:23,MDB120,maduboom 120 ml,23000,Tino Momo,8337442048,Samarinda,2025-02-28 19:57:23,2025-03-01 21:57:23,,On Delivery,1
ORD002715,2025-02-23 06:14:33,VTMMD60,vitaman madu 60 ml,50000,Dili Fafa,8618107277,Maumere,2025-02-23 07:17:33,2025-02-24 04:17:33,,On Delivery,2
ORD002716,2025-01-01 05:22:26,VTMMD60,vitaman madu 60 ml,50000,Zadi Dimo Noza,8111954925,Balikpapan,2025-01-01 06:25:26,2025-01-02 15:25:26,,Delivered,3
ORD002717,2025-01-08 04:14:05,VTM60,vitaman 60 ml,30000,Sana Kara Jori,8810030499,Karangasem,2025-01-08 05:07:05,2025-01-08 18:07:05,,Processed,3
ORD002718,2025-01-23 14:32:52,MDB200,maduboom 200 ml,32000,Mona Rajo,8660153166,Bandung,2025-01-23 15:55:52,2025-01-24 11:55:52,,Delivered,1
ORD002719,2025-02-11 13:36:19,MDB120,maduboom 120 ml,23000,Riba Dika Rifa,8781221564,Banjarmasin,2025-02-11 15:02:19,2025-02-12 15:02:19,,On Delivery,3
ORD002720,2025-02-20 23:26:36,VTM60,vitaman 60 ml,30000,Namo Bati Limi,8103602976,Cikarang,2025-02-21 00:35:36,2025-02-22 11:35:36,2025-02-25 11:35:36,Returned,2
ORD002721,2025-01-31 20:44:02,JDM,jelly drink madu,20000,Dira Badi,8940996534,Garut,2025-01-31 23:21:02,2025-02-02 20:21:02,,On Delivery,1
ORD002722,2025-02-13 16:15:58,MDB200,maduboom 200 ml,32000,Sami Riri,8435172306,Batu,2025-02-13 18:45:58,2025-02-14 03:45:58,,Processed,3
ORD002723,2025-01-08 18:51:35,VTM60,vitaman 60 ml,30000,Jona Sadi,8108471748,Jambi,2025-01-08 19:39:35,2025-01-09 01:39:35,,On Delivery,2
ORD002724,2025-02-19 03:46:11,JDM,jelly drink madu,20000,Nodi Fati Rara,8264792624,Samarinda,2025-02-19 06:19:11,2025-02-20 07:19:11,,Processed,3
ORD002725,2025-02-18 07:11:26,VTM60,vitaman 60 ml,30000,Jomi Nara,8501246256,Mataram,2025-02-18 09:45:26,2025-02-19 21:45:26,,Delivered,2
ORD002726,2025-02-10 09:30:12,VTMMD60,vitaman madu 60 ml,50000,Baza Kati Noli,8918639779,Jombang,2025-02-10 12:18:12,2025-02-11 21:18:12,2025-02-15 21:18:12,Returned,2
ORD002727,2025-01-14 07:35:06,MDB120,maduboom 120 ml,23000,Riri Rili Liba,8566995826,Mataram,2025-01-14 09:54:06,2025-01-16 01:54:06,2025-01-23 01:54:06,Returned,1
ORD002728,2025-02-11 13:38:08,JDM,jelly drink madu,20000,Mori Didi,8524886348,Medan,2025-02-11 14:37:08,2025-02-13 13:37:08,,Delivered,3
ORD002729,2025-01-21 11:14:19,VTMMD60,vitaman madu 60 ml,50000,Fami Zaza Nomo,8420979024,Kupang,2025-01-21 13:01:19,2025-01-23 13:01:19,,On Delivery,3
ORD002730,2025-01-15 19:38:42,VTM60,vitaman 60 ml,30000,Mofa Timo,8619194153,Blitar,2025-01-15 20:55:42,2025-01-17 16:55:42,,On Delivery,2
ORD002731,2025-01-12 20:55:44,VTM60,vitaman 60 ml,30000,Zana Nafa Nono,8289171429,Larantuka,2025-01-12 22:46:44,2025-01-14 11:46:44,,Processed,1
ORD002732,2025-01-02 04:54:34,JDM,jelly drink madu,20000,Fafa Nami Sali,8986952484,Larantuka,2025-01-02 05:28:34,2025-01-03 11:28:34,,Processed,1
ORD002733,2025-02-02 02:33:01,VTMMD60,vitaman madu 60 ml,50000,Riba Jona Midi,8415314724,Madiun,2025-02-02 05:06:01,2025-02-02 14:06:01,,Processed,1
ORD002734,2025-02-18 19:13:13,MDB200,maduboom 200 ml,32000,Noza Jojo Sari,8929164842,Singkawang,2025-02-18 21:01:13,2025-02-19 14:01:13,,On Delivery,3
ORD002735,2025-01-04 17:07:54,MDB120,maduboom 120 ml,23000,Mori Liti Namo,8156719516,Yogyakarta,2025-01-04 17:52:54,2025-01-06 04:52:54,,Processed,2
ORD002736,2025-02-26 11:15:23,VTMMD60,vitaman madu 60 ml,50000,Baza Saba,8304624840,Batu,2025-02-26 13:47:23,2025-02-27 03:47:23,,On Delivery,2
ORD002737,2025-01-24 15:17:03,MDB120,maduboom 120 ml,23000,Fafa Faza,8411416173,Bandung,2025-01-24 16:00:03,2025-01-25 20:00:03,,Delivered,3
ORD002738,2025-01-28 01:18:50,VTM60,vitaman 60 ml,30000,Lino Fari,8294699691,Buleleng,2025-01-28 03:38:50,2025-01-29 19:38:50,,Delivered,2
ORD002739,2025-02-24 15:53:55,JDM,jelly drink madu,20000,Zaka Zati,8196764747,Jambi,2025-02-24 18:50:55,2025-02-25 11:50:55,,Processed,2
ORD002740,2025-01-03 17:36:00,VTM60,vitaman 60 ml,30000,Nati Nora Noba,8769586257,Sukabumi,2025-01-03 18:46:00,2025-01-05 10:46:00,2025-01-10 10:46:00,Returned,3
ORD002741,2025-02-03 06:52:45,VTMMD60,vitaman madu 60 ml,50000,Diba Momo Tino,8793357000,Batam,2025-02-03 09:42:45,2025-02-03 15:42:45,,Delivered,2
ORD002742,2025-01-01 07:56:12,JDM,jelly drink madu,20000,Rari Tijo Joti,8361242354,Jambi,2025-01-01 09:18:12,2025-01-02 10:18:12,2025-01-07 10:18:12,Returned,1
ORD002743,2025-02-10 17:34:52,MDB200,maduboom 200 ml,32000,Mona Mori Jora,8250103967,Malang,2025-02-10 18:24:52,2025-02-11 13:24:52,,On Delivery,1
ORD002744,2025-01-23 11:08:54,VTMMD60,vitaman madu 60 ml,50000,Kali Rano,8265045729,Bogor,2025-01-23 12:28:54,2025-01-24 02:28:54,,Processed,1
ORD002745,2025-02-17 02:10:56,VTM60,vitaman 60 ml,30000,Tina Rara Joli,8654289481,Sumedang,2025-02-17 04:05:56,2025-02-19 00:05:56,,Delivered,1
ORD002746,2025-02-07 01:14:15,VTM60,vitaman 60 ml,30000,Bami Joli Mifa,8516386050,Boyolali,2025-02-07 03:35:15,2025-02-08 21:35:15,,Delivered,1
ORD002747,2025-02-02 09:23:08,JDM,jelly drink madu,20000,Rami Rika,8270681220,Ngawi,2025-02-02 10:13:08,2025-02-02 18:13:08,,Delivered,3
ORD002748,2025-01-23 15:33:53,JDM,jelly drink madu,20000,Sami Mofa,8307753275,Batam,2025-01-23 17:55:53,2025-01-24 13:55:53,,Delivered,1
ORD002749,2025-01-12 12:30:14,MDB120,maduboom 120 ml,23000,Diza Bano,8142341409,Tangerang,2025-01-12 14:39:14,2025-01-13 00:39:14,2025-01-17 00:39:14,Returned,2
ORD002750,2025-02-09 09:38:38,VTMMD60,vitaman madu 60 ml,50000,Zafa Jodi Nasa,8917679992,Batam,2025-02-09 11:28:38,2025-02-11 10:28:38,2025-02-13 10:28:38,Returned,3
ORD002751,2025-01-16 02:55:55,VTM60,vitaman 60 ml,30000,Mofa Rati,8764485346,Semarang,2025-01-16 03:35:55,2025-01-16 11:35:55,,Delivered,1
ORD002752,2025-02-03 10:44:03,VTM60,vitaman 60 ml,30000,Bami Moli Rati,8941661613,Palembang,2025-02-03 11:23:03,2025-02-05 00:23:03,,Processed,2
ORD002753,2025-02-25 20:32:57,MDB200,maduboom 200 ml,32000,Lidi Rina Sara,8868877674,Palu,2025-02-25 21:39:57,2025-02-27 14:39:57,,On Delivery,1
ORD002754,2025-02-14 06:52:15,VTMMD60,vitaman madu 60 ml,50000,Nono Moka,8541266696,Badung,2025-02-14 07:56:15,2025-02-14 16:56:15,,Delivered,2
ORD002755,2025-02-23 00:22:52,VTM60,vitaman 60 ml,30000,Fami Rina,8857507287,Sorong,2025-02-23 01:00:52,2025-02-25 01:00:52,,Delivered,1
ORD002756,2025-02-19 05:47:48,JDM,jelly drink madu,20000,Kamo Nano,8719073208,Probolinggo,2025-02-19 06:55:48,2025-02-21 04:55:48,,Processed,1
ORD002757,2025-02-24 19:13:10,MDB200,maduboom 200 ml,32000,Kana Rali,8952485092,Jambi,2025-02-24 20:55:10,2025-02-26 17:55:10,,Processed,3
ORD002758,2025-01-01 13:48:00,MDB120,maduboom 120 ml,23000,Miba Naka,8582728800,Tangerang,2025-01-01 14:38:00,2025-01-03 08:38:00,,Delivered,1
ORD002759,2025-02-04 10:07:06,MDB200,maduboom 200 ml,32000,Nami Rana,8954712654,Ende,2025-02-04 12:20:06,2025-02-05 00:20:06,,Delivered,2
ORD002760,2025-01-06 17:35:18,JDM,jelly drink madu,20000,Nana Rara,8552086229,Jembrana,2025-01-06 19:16:18,2025-01-08 01:16:18,,Delivered,3
ORD002761,2025-01-20 03:37:12,VTMMD60,vitaman madu 60 ml,50000,Mono Kajo,8437178646,Kupang,2025-01-20 04:14:12,2025-01-21 09:14:12,,Processed,3
ORD002762,2025-01-11 22:56:04,MDB200,maduboom 200 ml,32000,Titi Rina Diri,8746308370,Banjarmasin,2025-01-12 01:41:04,2025-01-13 13:41:04,,On Delivery,3
ORD002763,2025-01-10 21:42:29,MDB200,maduboom 200 ml,32000,Bami Mona,8679347150,Padang,2025-01-11 00:22:29,2025-01-12 12:22:29,,Processed,2
ORD002764,2025-02-20 09:20:38,VTMMD60,vitaman madu 60 ml,50000,Ridi Sara Bana,8525615560,Surabaya,2025-02-20 09:56:38,2025-02-22 00:56:38,,Processed,2
ORD002765,2025-01-08 00:17:10,MDB200,maduboom 200 ml,32000,Jora Zari Tili,8653502459,Serang,2025-01-08 01:41:10,2025-01-09 19:41:10,,Processed,2
ORD002766,2025-02-23 11:55:06,MDB200,maduboom 200 ml,32000,Nora Lidi,8425209219,Kendari,2025-02-23 12:48:06,2025-02-25 08:48:06,,Processed,3
ORD002767,2025-01-16 13:44:06,VTM60,vitaman 60 ml,30000,Baza Tifa,8973657219,Ambon,2025-01-16 14:55:06,2025-01-16 19:55:06,,Delivered,2
ORD002768,2025-01-22 09:40:59,VTM60,vitaman 60 ml,30000,Moka Mosa Mimo,8958517503,Batam,2025-01-22 10:52:59,2025-01-23 14:52:59,2025-01-30 14:52:59,Returned,1
ORD002769,2025-02-01 11:38:47,VTM60,vitaman 60 ml,30000,Rifa Naka,8241986946,Bekasi,2025-02-01 12:11:47,2025-02-02 08:11:47,,Processed,1
ORD002770,2025-02-02 22:29:37,JDM,jelly drink madu,20000,Fami Tisa,8436540130,Sorong,2025-02-03 00:32:37,2025-02-04 02:32:37,,Processed,3
ORD002771,2025-02-17 16:37:52,VTMMD60,vitaman madu 60 ml,50000,Zami Dika Nadi,8801005538,Lombok Barat,2025-02-17 17:28:52,2025-02-18 03:28:52,,On Delivery,1
ORD002772,2025-02-12 12:18:24,JDM,jelly drink madu,20000,Mika Kaka,8410063789,Blitar,2025-02-12 13:54:24,2025-02-13 13:54:24,,Processed,1
ORD002773,2025-01-10 03:44:54,VTM60,vitaman 60 ml,30000,Jora Diba Moza,8244528425,Lombok Timur,2025-01-10 05:47:54,2025-01-10 18:47:54,,Delivered,1
ORD002774,2025-02-09 09:43:25,VTMMD60,vitaman madu 60 ml,50000,Nona Rajo Nojo,8588903570,Indramayu,2025-02-09 12:04:25,2025-02-10 19:04:25,,Delivered,3
ORD002775,2025-01-15 02:01:55,JDM,jelly drink madu,20000,Fajo Tina Faza,8748161412,Jembrana,2025-01-15 03:34:55,2025-01-16 07:34:55,,Processed,2
ORD002776,2025-01-22 10:27:39,JDM,jelly drink madu,20000,Naba Kano Tira,8473630804,Singkawang,2025-01-22 13:07:39,2025-01-23 04:07:39,,Processed,3
ORD002777,2025-02-03 15:19:02,MDB120,maduboom 120 ml,23000,Kati Bati,8226932110,Yogyakarta,2025-02-03 17:15:02,2025-02-04 11:15:02,,Delivered,1
ORD002778,2025-01-10 19:59:56,MDB120,maduboom 120 ml,23000,Dira Timo Tidi,8498062151,Indramayu,2025-01-10 22:26:56,2025-01-12 14:26:56,,Delivered,2
ORD002779,2025-01-20 17:03:59,VTM60,vitaman 60 ml,30000,Sati Sati Rara,8266404550,Lombok Barat,2025-01-20 18:24:59,2025-01-21 16:24:59,,Delivered,1
ORD002780,2025-01-29 11:18:21,MDB200,maduboom 200 ml,32000,Zano Dino Zami,8525508514,Medan,2025-01-29 12:54:21,2025-01-29 20:54:21,,Delivered,1
ORD002781,2025-01-29 17:23:47,MDB200,maduboom 200 ml,32000,Tijo Rifa Rali,8177846487,Banyuwangi,2025-01-29 19:17:47,2025-01-30 08:17:47,,Delivered,3
ORD002782,2025-01-22 00:33:05,JDM,jelly drink madu,20000,Tina Kano Jori,8532027411,Ponorogo,2025-01-22 03:23:05,2025-01-23 23:23:05,,On Delivery,2
ORD002783,2025-02-24 18:34:57,JDM,jelly drink madu,20000,Nodi Zaka Nosa,8848170075,Pekanbaru,2025-02-24 21:25:57,2025-02-25 20:25:57,,Processed,1
ORD002784,2025-01-27 16:56:43,MDB120,maduboom 120 ml,23000,Moli Diri,8560300607,Purwakarta,2025-01-27 19:34:43,2025-01-28 18:34:43,,On Delivery,3
ORD002785,2025-02-26 11:36:00,JDM,jelly drink madu,20000,Mora Nami Kana,8594107297,Tasikmalaya,2025-02-26 12:34:00,2025-02-26 18:34:00,,Processed,2
ORD002786,2025-01-22 23:20:27,MDB200,maduboom 200 ml,32000,Saka Fasa,8136529428,Situbondo,2025-01-23 01:44:27,2025-01-24 18:44:27,,Delivered,1
ORD002787,2025-02-16 00:54:06,MDB120,maduboom 120 ml,23000,Fati Baba,8221261808,Jakarta,2025-02-16 03:36:06,2025-02-16 13:36:06,,Processed,2
ORD002788,2025-02-24 07:26:19,JDM,jelly drink madu,20000,Dira Kana Zaba,8895460684,Depok,2025-02-24 09:46:19,2025-02-26 04:46:19,,On Delivery,1
ORD002789,2025-01-18 18:01:47,VTM60,vitaman 60 ml,30000,Nasa Fasa,8418504056,Tuban,2025-01-18 20:58:47,2025-01-19 15:58:47,,Processed,2
ORD002790,2025-01-18 05:43:34,JDM,jelly drink madu,20000,Mijo Miri Lisa,8797612562,Palembang,2025-01-18 08:36:34,2025-01-20 01:36:34,,Processed,2
ORD002791,2025-02-25 04:09:43,MDB200,maduboom 200 ml,32000,Fasa Rara,8354022468,Bengkulu,2025-02-25 05:22:43,2025-02-25 13:22:43,,Processed,3
ORD002792,2025-02-16 06:38:39,VTM60,vitaman 60 ml,30000,Namo Sara Baba,8664676509,Samarinda,2025-02-16 09:24:39,2025-02-17 09:24:39,,On Delivery,1
ORD002793,2025-01-29 05:07:30,VTM60,vitaman 60 ml,30000,Saba Fano Mifa,8808429314,Badung,2025-01-29 06:22:30,2025-01-29 14:22:30,2025-02-03 14:22:30,Returned,2
ORD002794,2025-01-25 14:24:25,VTMMD60,vitaman madu 60 ml,50000,Rafa Radi Jodi,8741518224,Batam,2025-01-25 16:21:25,2025-01-26 01:21:25,,On Delivery,3
ORD002795,2025-01-24 12:15:59,JDM,jelly drink madu,20000,Bano Lijo,8107346598,Boyolali,2025-01-24 13:52:59,2025-01-26 13:52:59,,Delivered,2
ORD002796,2025-01-16 20:14:33,VTM60,vitaman 60 ml,30000,Tiba Jofa,8975072185,Bandung,2025-01-16 22:59:33,2025-01-18 07:59:33,,Delivered,1
ORD002797,2025-02-27 22:38:50,VTMMD60,vitaman madu 60 ml,50000,Dina Kaba Rara,8156833470,Ende,2025-02-28 01:18:50,2025-02-28 22:18:50,,On Delivery,3
ORD002798,2025-02-17 04:02:35,VTMMD60,vitaman madu 60 ml,50000,Moza Jojo,8954267477,Jepara,2025-02-17 04:49:35,2025-02-18 13:49:35,,Delivered,3
ORD002799,2025-01-12 02:13:23,MDB200,maduboom 200 ml,32000,Raba Nori,8554816432,Bandung,2025-01-12 04:40:23,2025-01-12 13:40:23,,Delivered,1
ORD002800,2025-02-05 04:53:53,VTM60,vitaman 60 ml,30000,Titi Dino Rira,8540530602,Manado,2025-02-05 05:31:53,2025-02-05 10:31:53,,On Delivery,1
ORD002801,2025-02-04 11:24:11,MDB200,maduboom 200 ml,32000,Miba Moli,8213790775,Bandung,2025-02-04 12:58:11,2025-02-05 13:58:11,,On Delivery,3
ORD002802,2025-02-20 09:59:23,MDB120,maduboom 120 ml,23000,Mira Faza Nara,8546393788,Madiun,2025-02-20 11:34:23,2025-02-22 03:34:23,,Delivered,3
ORD002803,2025-02-03 12:41:17,JDM,jelly drink madu,20000,Mofa Mori,8377116333,Batam,2025-02-03 13:13:17,2025-02-04 11:13:17,,Processed,2
ORD002804,2025-02-20 00:41:50,MDB120,maduboom 120 ml,23000,Nano Disa Jodi,8522385161,Medan,2025-02-20 03:00:50,2025-02-21 15:00:50,,Delivered,2
ORD002805,2025-02-07 16:27:42,JDM,jelly drink madu,20000,Limi Liza,8375746144,Padang,2025-02-07 17:57:42,2025-02-09 00:57:42,,On Delivery,1
ORD002806,2025-01-24 22:36:50,VTM60,vitaman 60 ml,30000,Saza Midi Lijo,8198800434,Bekasi,2025-01-25 01:28:50,2025-01-26 09:28:50,,Processed,2
ORD002807,2025-02-04 15:37:57,JDM,jelly drink madu,20000,Disa Tira Zadi,8163037714,Bandar Lampung,2025-02-04 16:59:57,2025-02-05 17:59:57,,Processed,3
ORD002808,2025-01-07 02:50:43,MDB120,maduboom 120 ml,23000,Dira Sano Bali,8810575824,Garut,2025-01-07 05:04:43,2025-01-07 18:04:43,,On Delivery,2
ORD002809,2025-02-08 15:14:28,VTM60,vitaman 60 ml,30000,Fajo Joti,8845596857,Cirebon,2025-02-08 17:29:28,2025-02-10 05:29:28,,Processed,1
ORD002810,2025-02-11 21:06:20,MDB120,maduboom 120 ml,23000,Miri Moka Lika,8429636494,Purwokerto,2025-02-11 22:05:20,2025-02-12 10:05:20,,On Delivery,3
ORD002811,2025-01-24 09:48:20,VTMMD60,vitaman madu 60 ml,50000,Noba Rifa Fasa,8459899443,Depok,2025-01-24 11:10:20,2025-01-25 08:10:20,,Delivered,3
ORD002812,2025-02-03 09:50:19,VTMMD60,vitaman madu 60 ml,50000,Difa Zajo,8152613462,Bandung,2025-02-03 11:22:19,2025-02-05 00:22:19,,Processed,2
ORD002813,2025-02-11 20:14:12,MDB200,maduboom 200 ml,32000,Baka Basa,8361929261,Ende,2025-02-11 21:00:12,2025-02-13 13:00:12,,On Delivery,3
ORD002814,2025-01-31 06:31:04,VTM60,vitaman 60 ml,30000,Dira Fadi,8853104859,Bekasi,2025-01-31 09:19:04,2025-02-02 01:19:04,,Delivered,3
ORD002815,2025-01-30 22:59:38,JDM,jelly drink madu,20000,Fara Risa Lina,8460900939,Purwokerto,2025-01-31 00:23:38,2025-02-01 22:23:38,,On Delivery,1
ORD002816,2025-01-30 14:54:39,VTM60,vitaman 60 ml,30000,Fana Dika,8411209082,Cirebon,2025-01-30 17:53:39,2025-01-31 12:53:39,,Delivered,1
ORD002817,2025-02-10 22:58:51,VTM60,vitaman 60 ml,30000,Josa Riri,8235995540,Lombok Barat,2025-02-11 00:07:51,2025-02-13 00:07:51,2025-02-16 00:07:51,Returned,3
ORD002818,2025-01-25 11:22:44,VTMMD60,vitaman madu 60 ml,50000,Rijo Zara,8345318798,Depok,2025-01-25 12:11:44,2025-01-26 14:11:44,,On Delivery,2
ORD002819,2025-01-21 11:17:29,MDB200,maduboom 200 ml,32000,Noti Tifa,8625055590,Padang,2025-01-21 14:16:29,2025-01-22 20:16:29,,Processed,2
ORD002820,2025-02-19 02:28:44,JDM,jelly drink madu,20000,Miti Tidi Ramo,8764949699,Batu,2025-02-19 04:22:44,2025-02-19 11:22:44,,Delivered,3
ORD002821,2025-01-15 03:10:21,VTMMD60,vitaman madu 60 ml,50000,Tina Joka,8565709613,Pontianak,2025-01-15 04:35:21,2025-01-15 23:35:21,,Delivered,2
ORD002822,2025-01-17 04:38:19,VTM60,vitaman 60 ml,30000,Bano Mina Dina,8949095201,Makassar,2025-01-17 06:06:19,2025-01-18 11:06:19,2025-01-21 11:06:19,Returned,2
ORD002823,2025-02-01 19:45:54,MDB200,maduboom 200 ml,32000,Riti Sana Tiba,8685285228,Indramayu,2025-02-01 21:36:54,2025-02-03 03:36:54,,Delivered,3
ORD002824,2025-01-20 10:34:55,MDB120,maduboom 120 ml,23000,Kano Mora,8994680160,Boyolali,2025-01-20 13:21:55,2025-01-22 04:21:55,,Delivered,1
ORD002825,2025-01-01 08:47:20,VTM60,vitaman 60 ml,30000,Dimi Tika Riri,8308208035,Balikpapan,2025-01-01 10:21:20,2025-01-01 16:21:20,,Delivered,1
ORD002826,2025-01-02 14:11:53,JDM,jelly drink madu,20000,Badi Tili,8385269969,Batam,2025-01-02 15:42:53,2025-01-03 12:42:53,,Delivered,2
ORD002827,2025-02-27 08:02:43,VTMMD60,vitaman madu 60 ml,50000,Dimi Rana Rika,8610366572,Ternate,2025-02-27 09:23:43,2025-02-28 22:23:43,,On Delivery,1
ORD002828,2025-01-28 10:14:58,JDM,jelly drink madu,20000,Rafa Sari Zasa,8761868621,Manado,2025-01-28 12:31:58,2025-01-29 05:31:58,,On Delivery,1
ORD002829,2025-02-19 12:58:47,JDM,jelly drink madu,20000,Famo Mosa,8673075197,Buleleng,2025-02-19 14:40:47,2025-02-20 16:40:47,,On Delivery,3
ORD002830,2025-01-19 23:34:34,VTM60,vitaman 60 ml,30000,Rano Zana Tira,8156088275,Semarang,2025-01-20 02:08:34,2025-01-21 17:08:34,,Delivered,2
ORD002831,2025-02-17 12:33:40,VTMMD60,vitaman madu 60 ml,50000,Fadi Mika Dimo,8247089308,Ende,2025-02-17 13:37:40,2025-02-18 07:37:40,,Delivered,2
ORD002832,2025-02-15 16:12:00,JDM,jelly drink madu,20000,Joba Liza Dina,8763990639,Lombok Timur,2025-02-15 18:38:00,2025-02-16 14:38:00,,On Delivery,1
ORD002833,2025-02-03 01:06:07,VTMMD60,vitaman madu 60 ml,50000,Bali Kafa,8210731211,Padang,2025-02-03 02:14:07,2025-02-04 05:14:07,,On Delivery,3
ORD002834,2025-01-07 10:13:41,JDM,jelly drink madu,20000,Jomo Bafa,8296244372,Jembrana,2025-01-07 11:07:41,2025-01-07 19:07:41,,On Delivery,1
ORD002835,2025-01-13 01:33:40,VTM60,vitaman 60 ml,30000,Zali Kaza Tijo,8311035427,Bekasi,2025-01-13 02:13:40,2025-01-13 15:13:40,,Delivered,2
ORD002836,2025-02-12 16:24:38,JDM,jelly drink madu,20000,Tidi Moka Moba,8666004866,Jayapura,2025-02-12 17:50:38,2025-02-13 00:50:38,,Delivered,2
ORD002837,2025-02-10 13:03:50,JDM,jelly drink madu,20000,Kajo Jomo Timi,8594960196,Tangerang,2025-02-10 15:53:50,2025-02-11 01:53:50,,On Delivery,1
ORD002838,2025-01-06 08:17:46,VTMMD60,vitaman madu 60 ml,50000,Kara Zafa Bara,8409916561,Balikpapan,2025-01-06 09:25:46,2025-01-07 19:25:46,,Processed,2
ORD002839,2025-02-21 12:12:14,MDB120,maduboom 120 ml,23000,Saza Noli,8927458345,Probolinggo,2025-02-21 13:27:14,2025-02-23 01:27:14,,Processed,3
ORD002840,2025-02-07 00:43:40,MDB120,maduboom 120 ml,23000,Rili Mora,8281126386,Pasuruan,2025-02-07 02:26:40,2025-02-07 14:26:40,,On Delivery,1
ORD002841,2025-02-13 05:54:49,VTMMD60,vitaman madu 60 ml,50000,Riba Saka Rajo,8888276247,Bandung,2025-02-13 07:43:49,2025-02-13 12:43:49,,On Delivery,2
ORD002842,2025-01-31 02:21:41,VTMMD60,vitaman madu 60 ml,50000,Fati Saza,8789993640,Makassar,2025-01-31 05:19:41,2025-02-01 17:19:41,,Delivered,1
ORD002843,2025-02-12 10:58:22,JDM,jelly drink madu,20000,Faza Sana,8195194020,Jombang,2025-02-12 12:41:22,2025-02-13 10:41:22,,On Delivery,3
ORD002844,2025-02-17 11:15:22,VTM60,vitaman 60 ml,30000,Rara Moti Didi,8542465894,Magelang,2025-02-17 13:31:22,2025-02-18 08:31:22,,On Delivery,3
ORD002845,2025-01-20 02:25:15,MDB120,maduboom 120 ml,23000,Baka Nona,8667078284,Mataram,2025-01-20 04:01:15,2025-01-21 03:01:15,,Processed,1
ORD002846,2025-02-27 13:48:09,MDB120,maduboom 120 ml,23000,Nora Moba Moba,8109065959,Ambon,2025-02-27 15:32:09,2025-03-01 00:32:09,,On Delivery,3
ORD002847,2025-02-25 19:02:40,VTMMD60,vitaman madu 60 ml,50000,Nara Tili,8745501011,Jakarta,2025-02-25 20:52:40,2025-02-27 05:52:40,,Processed,3
ORD002848,2025-01-20 13:40:10,MDB200,maduboom 200 ml,32000,Rara Misa Jora,8564880992,Maumere,2025-01-20 15:39:10,2025-01-22 11:39:10,,On Delivery,1
ORD002849,2025-01-06 01:31:27,JDM,jelly drink madu,20000,Jofa Rati Bari,8420642602,Surabaya,2025-01-06 03:42:27,2025-01-07 13:42:27,,On Delivery,3
ORD002850,2025-01-31 10:00:02,JDM,jelly drink madu,20000,Raka Lisa,8981601842,Tangerang,2025-01-31 12:12:02,2025-02-01 01:12:02,,Delivered,2
ORD002851,2025-02-20 21:00:35,MDB200,maduboom 200 ml,32000,Rana Risa,8210400488,Kupang,2025-02-20 22:34:35,2025-02-22 12:34:35,,Delivered,1
ORD002852,2025-02-22 01:34:58,VTM60,vitaman 60 ml,30000,Sana Tina Saza,8438731425,Sumedang,2025-02-22 02:21:58,2025-02-23 08:21:58,,Delivered,3
ORD002853,2025-01-27 18:04:51,VTMMD60,vitaman madu 60 ml,50000,Mimi Lili,8238961858,Pontianak,2025-01-27 19:38:51,2025-01-29 07:38:51,,Delivered,1
ORD002854,2025-01-14 12:44:49,MDB120,maduboom 120 ml,23000,Jomi Mori,8970874617,Jembrana,2025-01-14 14:30:49,2025-01-16 14:30:49,,On Delivery,3
ORD002855,2025-01-04 08:49:26,MDB120,maduboom 120 ml,23000,Bafa Tira,8381786869,Serang,2025-01-04 11:33:26,2025-01-06 04:33:26,,Processed,1
ORD002856,2025-01-09 03:10:48,MDB120,maduboom 120 ml,23000,Fali Titi Rari,8375896958,Palu,2025-01-09 05:19:48,2025-01-11 04:19:48,,Processed,1
ORD002857,2025-01-27 19:23:39,MDB200,maduboom 200 ml,32000,Jono Rili,8537486387,Madiun,2025-01-27 20:49:39,2025-01-29 05:49:39,,Processed,3
ORD002858,2025-02-09 13:58:41,VTM60,vitaman 60 ml,30000,Zana Miti,8460087931,Kendari,2025-02-09 15:08:41,2025-02-11 08:08:41,,On Delivery,1
ORD002859,2025-02-28 08:15:17,JDM,jelly drink madu,20000,Dimo Jono,8365788563,Ambon,2025-02-28 09:39:17,2025-03-01 09:39:17,,Delivered,1
ORD002860,2025-01-01 17:39:25,MDB120,maduboom 120 ml,23000,Zajo Zara Moti,8303910002,Samarinda,2025-01-01 19:53:25,2025-01-02 03:53:25,,On Delivery,1
ORD002861,2025-01-29 12:36:54,VTMMD60,vitaman madu 60 ml,50000,Zati Fara Jojo,8688836064,Malang,2025-01-29 14:05:54,2025-01-30 15:05:54,,On Delivery,3
ORD002862,2025-02-21 10:04:00,MDB200,maduboom 200 ml,32000,Lili Sati,8419294702,Lombok Barat,2025-02-21 10:43:00,2025-02-21 20:43:00,,Delivered,2
ORD002863,2025-01-04 05:28:55,MDB120,maduboom 120 ml,23000,Jomi Diri Jona,8580365020,Semarang,2025-01-04 06:49:55,2025-01-05 19:49:55,,Delivered,2
ORD002864,2025-01-09 09:01:54,VTM60,vitaman 60 ml,30000,Ridi Raka,8985211048,Kudus,2025-01-09 09:40:54,2025-01-10 14:40:54,,Delivered,3
ORD002865,2025-01-14 06:48:31,JDM,jelly drink madu,20000,Saba Mori,8704864064,Banjarmasin,2025-01-14 08:44:31,2025-01-15 07:44:31,,On Delivery,1
ORD002866,2025-02-13 10:10:42,MDB200,maduboom 200 ml,32000,Zaka Basa Kaba,8948936322,Sumedang,2025-02-13 11:28:42,2025-02-14 00:28:42,,On Delivery,3
ORD002867,2025-02-20 15:03:28,MDB120,maduboom 120 ml,23000,Jono Jora,8302285746,Jambi,2025-02-20 16:04:28,2025-02-21 22:04:28,,Processed,2
ORD002868,2025-01-16 06:46:10,JDM,jelly drink madu,20000,Zafa Bana,8499393714,Lombok Barat,2025-01-16 08:25:10,2025-01-17 12:25:10,,On Delivery,1
ORD002869,2025-01-15 11:42:41,MDB120,maduboom 120 ml,23000,Liza Moza,8413861386,Karangasem,2025-01-15 12:53:41,2025-01-16 00:53:41,,Delivered,2
ORD002870,2025-02-25 21:08:20,MDB200,maduboom 200 ml,32000,Nari Lifa,8934395936,Sidoarjo,2025-02-25 22:50:20,2025-02-27 13:50:20,,On Delivery,1
ORD002871,2025-02-24 05:59:52,VTMMD60,vitaman madu 60 ml,50000,Zadi Jona Sami,8644023851,Tabanan,2025-02-24 07:05:52,2025-02-25 09:05:52,,Delivered,1
ORD002872,2025-02-12 03:06:34,JDM,jelly drink madu,20000,Rika Badi Safa,8695967744,Semarang,2025-02-12 05:27:34,2025-02-13 03:27:34,,On Delivery,1
ORD002873,2025-01-07 16:01:39,JDM,jelly drink madu,20000,Tisa Joza,8706977856,Denpasar,2025-01-07 18:23:39,2025-01-09 04:23:39,2025-01-13 04:23:39,Returned,3
ORD002874,2025-02-27 17:45:46,JDM,jelly drink madu,20000,Saba Nali Zasa,8309075419,Balikpapan,2025-02-27 19:21:46,2025-02-28 08:21:46,,Processed,2
ORD002875,2025-01-15 21:36:54,MDB120,maduboom 120 ml,23000,Nadi Ridi Rili,8885222621,Badung,2025-01-15 22:26:54,2025-01-16 13:26:54,2025-01-23 13:26:54,Returned,1
ORD002876,2025-01-05 06:05:57,JDM,jelly drink madu,20000,Moti Liza Rasa,8162896518,Jombang,2025-01-05 08:04:57,2025-01-06 20:04:57,,Delivered,3
ORD002877,2025-01-24 19:53:21,MDB200,maduboom 200 ml,32000,Bati Zana,8200373744,Sidoarjo,2025-01-24 21:41:21,2025-01-26 03:41:21,,On Delivery,2
ORD002878,2025-01-04 00:59:53,MDB120,maduboom 120 ml,23000,Safa Noli Tiba,8798949806,Subang,2025-01-04 02:11:53,2025-01-04 11:11:53,,Processed,2
ORD002879,2025-02-23 21:09:16,MDB200,maduboom 200 ml,32000,Mijo Liza Bara,8388084320,Probolinggo,2025-02-23 23:30:16,2025-02-24 15:30:16,,Processed,3
ORD002880,2025-01-03 09:54:48,VTMMD60,vitaman madu 60 ml,50000,Didi Baba,8373351502,Gresik,2025-01-03 11:08:48,2025-01-03 17:08:48,,On Delivery,3
ORD002881,2025-02-11 19:47:18,VTMMD60,vitaman madu 60 ml,50000,Lika Rami Diri,8512707579,Bandar Lampung,2025-02-11 21:30:18,2025-02-12 15:30:18,,On Delivery,3
ORD002882,2025-01-24 10:55:36,MDB120,maduboom 120 ml,23000,Dino Rifa Tiri,8764454246,Gresik,2025-01-24 11:25:36,2025-01-24 22:25:36,2025-01-27 22:25:36,Returned,1
ORD002883,2025-01-31 07:00:20,VTMMD60,vitaman madu 60 ml,50000,Jona Baka,8702923739,Gianyar,2025-01-31 07:34:20,2025-02-01 03:34:20,2025-02-06 03:34:20,Returned,1
ORD002884,2025-02-26 22:16:53,VTM60,vitaman 60 ml,30000,Zaba Zaka Rara,8574520027,Gorontalo,2025-02-26 23:25:53,2025-02-28 22:25:53,2025-03-05 22:25:53,Returned,2
ORD002885,2025-01-28 19:13:22,VTM60,vitaman 60 ml,30000,Zami Jodi,8899585799,Magelang,2025-01-28 20:52:22,2025-01-30 19:52:22,,Processed,3
ORD002886,2025-02-16 17:23:24,MDB200,maduboom 200 ml,32000,Kaka Nafa,8920504412,Jakarta,2025-02-16 19:14:24,2025-02-17 06:14:24,,On Delivery,1
ORD002887,2025-01-07 13:58:36,VTM60,vitaman 60 ml,30000,Jomi Dika Difa,8766135163,Banjarbaru,2025-01-07 16:30:36,2025-01-08 13:30:36,,Processed,1
ORD002888,2025-02-05 23:28:56,VTMMD60,vitaman madu 60 ml,50000,Misa Raza,8840342051,Ternate,2025-02-06 01:48:56,2025-02-07 13:48:56,,On Delivery,2
ORD002889,2025-02-19 04:00:56,JDM,jelly drink madu,20000,Kaka Jojo Nana,8674450018,Jayapura,2025-02-19 04:56:56,2025-02-19 09:56:56,,On Delivery,3
ORD002890,2025-01-04 23:32:54,MDB200,maduboom 200 ml,32000,Zati Naza Fafa,8590427034,Balikpapan,2025-01-05 01:57:54,2025-01-05 23:57:54,,Processed,1
ORD002891,2025-01-31 07:30:43,MDB200,maduboom 200 ml,32000,Sali Rina,8812234636,Sukabumi,2025-01-31 09:08:43,2025-02-02 04:08:43,,Delivered,3
ORD002892,2025-01-01 22:52:07,MDB120,maduboom 120 ml,23000,Nano Jora Kana,8497943947,Bandung,2025-01-02 01:16:07,2025-01-02 22:16:07,,Delivered,3
ORD002893,2025-01-20 01:17:26,JDM,jelly drink madu,20000,Mina Naka,8327609717,Indramayu,2025-01-20 02:27:26,2025-01-20 15:27:26,,On Delivery,3
ORD002894,2025-02-02 06:35:28,VTMMD60,vitaman madu 60 ml,50000,Tifa Kati,8637894311,Madiun,2025-02-02 07:05:28,2025-02-03 21:05:28,,On Delivery,1
ORD002895,2025-01-23 17:47:46,MDB200,maduboom 200 ml,32000,Sano Riri Faba,8808421657,Buleleng,2025-01-23 20:02:46,2025-01-24 12:02:46,2025-01-26 12:02:46,Returned,2
ORD002896,2025-01-11 19:35:30,VTM60,vitaman 60 ml,30000,Noba Dina Nati,8491634390,Kupang,2025-01-11 21:39:30,2025-01-13 15:39:30,,Delivered,2
ORD002897,2025-02-10 21:50:37,JDM,jelly drink madu,20000,Tiri Joti,8806698969,Kediri,2025-02-10 22:42:37,2025-02-12 16:42:37,,On Delivery,1
ORD002898,2025-02-06 10:10:40,MDB120,maduboom 120 ml,23000,Limo Naka,8875403094,Mataram,2025-02-06 13:03:40,2025-02-07 15:03:40,,On Delivery,2
ORD002899,2025-01-01 11:45:35,MDB120,maduboom 120 ml,23000,Dimo Nodi Mori,8271252329,Ende,2025-01-01 13:10:35,2025-01-02 05:10:35,,On Delivery,3
ORD002900,2025-02-09 23:22:26,JDM,jelly drink madu,20000,Rami Moba Mimo,8411076020,Batu,2025-02-10 00:01:26,2025-02-11 23:01:26,,Processed,2
ORD002901,2025-01-08 14:13:48,MDB200,maduboom 200 ml,32000,Disa Rimo Sara,8294024603,Kudus,2025-01-08 14:45:48,2025-01-09 18:45:48,,Delivered,3
ORD002902,2025-02-14 09:51:44,MDB200,maduboom 200 ml,32000,Najo Dina,8653593460,Gianyar,2025-02-14 12:39:44,2025-02-14 17:39:44,,On Delivery,1
ORD002903,2025-02-26 22:50:47,VTMMD60,vitaman madu 60 ml,50000,Jomi Dili Dijo,8238802297,Gorontalo,2025-02-27 01:26:47,2025-02-27 08:26:47,,Delivered,2
ORD002904,2025-01-04 13:40:34,VTMMD60,vitaman madu 60 ml,50000,Sari Zara,8442202352,Indramayu,2025-01-04 14:25:34,2025-01-05 00:25:34,,On Delivery,1
ORD002905,2025-01-28 12:10:51,JDM,jelly drink madu,20000,Mojo Lijo,8383974519,Lombok Timur,2025-01-28 13:11:51,2025-01-29 10:11:51,,Processed,3
ORD002906,2025-02-03 00:01:17,MDB200,maduboom 200 ml,32000,Kafa Zadi,8413985879,Ternate,2025-02-03 02:32:17,2025-02-04 18:32:17,2025-02-08 18:32:17,Returned,1
ORD002907,2025-01-10 20:21:18,VTM60,vitaman 60 ml,30000,Zamo Raba,8224179485,Lombok Timur,2025-01-10 22:32:18,2025-01-12 15:32:18,2025-01-14 15:32:18,Returned,2
ORD002908,2025-02-14 15:33:26,VTM60,vitaman 60 ml,30000,Kana Fasa,8930936347,Cianjur,2025-02-14 17:26:26,2025-02-16 05:26:26,,Processed,1
ORD002909,2025-02-11 11:18:00,VTMMD60,vitaman madu 60 ml,50000,Nana Limi,8976882785,Bandung,2025-02-11 13:01:00,2025-02-12 23:01:00,,On Delivery,2
ORD002910,2025-01-12 01:13:28,JDM,jelly drink madu,20000,Dimo Liti Dino,8487607362,Cianjur,2025-01-12 04:08:28,2025-01-12 21:08:28,,On Delivery,2
ORD002911,2025-02-20 12:16:04,VTMMD60,vitaman madu 60 ml,50000,Rili Zadi,8166226904,Magelang,2025-02-20 14:12:04,2025-02-22 12:12:04,,Processed,1
ORD002912,2025-01-27 00:40:08,VTM60,vitaman 60 ml,30000,Tisa Nora,8757208329,Batu,2025-01-27 01:13:08,2025-01-27 13:13:08,,On Delivery,2
ORD002913,2025-02-06 22:10:25,JDM,jelly drink madu,20000,Zaza Mona Mono,8823345551,Purwokerto,2025-02-07 00:02:25,2025-02-07 06:02:25,,Delivered,1
ORD002914,2025-01-06 10:23:57,VTM60,vitaman 60 ml,30000,Lijo Raza,8957686473,Bengkulu,2025-01-06 11:42:57,2025-01-06 16:42:57,,On Delivery,2
ORD002915,2025-02-20 16:04:37,MDB120,maduboom 120 ml,23000,Limo Fami,8163783289,Tegal,2025-02-20 17:51:37,2025-02-22 07:51:37,,On Delivery,3
ORD002916,2025-01-17 03:46:12,JDM,jelly drink madu,20000,Mono Rari,8161267876,Manado,2025-01-17 06:10:12,2025-01-18 07:10:12,,Processed,2
ORD002917,2025-02-26 10:44:26,MDB120,maduboom 120 ml,23000,Liti Lisa,8768995693,Karawang,2025-02-26 12:46:26,2025-02-28 11:46:26,,Delivered,3
ORD002918,2025-01-15 17:19:25,MDB200,maduboom 200 ml,32000,Sami Rira Zana,8595377480,Sukabumi,2025-01-15 17:57:25,2025-01-17 06:57:25,,Processed,3
ORD002919,2025-02-05 00:37:31,VTMMD60,vitaman madu 60 ml,50000,Baba Momo Badi,8549942908,Lombok Timur,2025-02-05 02:33:31,2025-02-05 11:33:31,2025-02-07 11:33:31,Returned,1
ORD002920,2025-01-18 07:04:52,VTMMD60,vitaman madu 60 ml,50000,Moti Mojo,8220223353,Indramayu,2025-01-18 08:09:52,2025-01-19 19:09:52,,Delivered,3
ORD002921,2025-01-15 19:22:55,VTMMD60,vitaman madu 60 ml,50000,Rano Noza Tifa,8614681937,Bojonegoro,2025-01-15 21:06:55,2025-01-17 21:06:55,2025-01-23 21:06:55,Returned,1
ORD002922,2025-02-25 23:47:07,MDB200,maduboom 200 ml,32000,Rimo Faka,8312410972,Purwakarta,2025-02-26 00:24:07,2025-02-27 05:24:07,,Delivered,2
ORD002923,2025-01-18 16:05:40,MDB200,maduboom 200 ml,32000,Mono Dino Tijo,8137055284,Pontianak,2025-01-18 17:43:40,2025-01-19 19:43:40,,On Delivery,3
ORD002924,2025-01-18 07:16:19,VTMMD60,vitaman madu 60 ml,50000,Tino Nori Timi,8160046520,Madiun,2025-01-18 10:13:19,2025-01-20 10:13:19,,Processed,1
ORD002925,2025-01-07 04:37:32,VTM60,vitaman 60 ml,30000,Nora Didi Zaka,8329768895,Indramayu,2025-01-07 06:57:32,2025-01-09 00:57:32,,Processed,3
ORD002926,2025-02-15 16:31:15,JDM,jelly drink madu,20000,Rijo Tino,8388422737,Boyolali,2025-02-15 19:21:15,2025-02-17 11:21:15,,On Delivery,3
ORD002927,2025-01-09 16:11:10,VTM60,vitaman 60 ml,30000,Nodi Miri Tina,8318153549,Kupang,2025-01-09 16:50:10,2025-01-10 02:50:10,,Delivered,3
ORD002928,2025-02-01 00:18:04,JDM,jelly drink madu,20000,Zaba Moba,8686577315,Bengkulu,2025-02-01 01:53:04,2025-02-02 12:53:04,,On Delivery,1
ORD002929,2025-01-24 04:00:54,VTM60,vitaman 60 ml,30000,Kafa Dina,8587503860,Purwokerto,2025-01-24 05:07:54,2025-01-26 01:07:54,,Delivered,3
ORD002930,2025-01-05 20:11:31,JDM,jelly drink madu,20000,Fami Miri,8386777393,Cirebon,2025-01-05 22:53:31,2025-01-07 09:53:31,,Processed,3
ORD002931,2025-01-19 14:24:11,MDB120,maduboom 120 ml,23000,Mina Zana,8925763346,Singaraja,2025-01-19 16:25:11,2025-01-21 10:25:11,2025-01-24 10:25:11,Returned,3
ORD002932,2025-01-07 17:48:22,MDB200,maduboom 200 ml,32000,Sana Zami Faba,8402747971,Jembrana,2025-01-07 20:13:22,2025-01-08 09:13:22,,On Delivery,2
ORD002933,2025-02-01 02:11:48,JDM,jelly drink madu,20000,Dimi Lifa Tili,8290650443,Pekanbaru,2025-02-01 05:08:48,2025-02-01 17:08:48,2025-02-08 17:08:48,Returned,2
ORD002934,2025-01-15 22:54:57,JDM,jelly drink madu,20000,Liti Samo,8948288705,Jombang,2025-01-16 00:42:57,2025-01-16 17:42:57,,Delivered,3
ORD002935,2025-02-14 15:20:15,VTM60,vitaman 60 ml,30000,Faba Nora Liba,8710149282,Ende,2025-02-14 18:14:15,2025-02-16 11:14:15,,Processed,1
ORD002936,2025-02-06 04:40:22,VTMMD60,vitaman madu 60 ml,50000,Tika Naka Bali,8660600856,Cianjur,2025-02-06 06:51:22,2025-02-06 23:51:22,,On Delivery,2
ORD002937,2025-02-08 15:01:29,JDM,jelly drink madu,20000,Rano Jori,8738358057,Balikpapan,2025-02-08 17:36:29,2025-02-10 00:36:29,,Processed,2
ORD002938,2025-01-11 03:01:36,VTMMD60,vitaman madu 60 ml,50000,Joti Joli Lijo,8323633629,Cikarang,2025-01-11 04:44:36,2025-01-11 21:44:36,,Delivered,1
ORD002939,2025-02-11 05:21:23,MDB200,maduboom 200 ml,32000,Nona Radi Jomo,8127764044,Gorontalo,2025-02-11 07:27:23,2025-02-11 14:27:23,,On Delivery,2
ORD002940,2025-01-21 04:08:19,MDB200,maduboom 200 ml,32000,Timi Zati Jono,8885490500,Banyuwangi,2025-01-21 06:58:19,2025-01-22 17:58:19,,On Delivery,3
ORD002941,2025-02-10 05:41:18,JDM,jelly drink madu,20000,Moza Fadi Badi,8955226616,Jayapura,2025-02-10 08:15:18,2025-02-11 10:15:18,,Processed,2
ORD002942,2025-02-15 19:07:20,VTM60,vitaman 60 ml,30000,Zaza Noli,8687211889,Tegal,2025-02-15 21:21:20,2025-02-16 22:21:20,,On Delivery,2
ORD002943,2025-01-30 14:39:40,MDB200,maduboom 200 ml,32000,Mimi Rifa Fadi,8884105148,Padang,2025-01-30 16:55:40,2025-01-31 03:55:40,,Delivered,1
ORD002944,2025-01-15 16:20:07,MDB200,maduboom 200 ml,32000,Dika Faka Riza,8661774731,Ternate,2025-01-15 18:18:07,2025-01-16 16:18:07,,Processed,1
ORD002945,2025-01-17 14:04:26,MDB120,maduboom 120 ml,23000,Dira Nafa,8646144881,Kudus,2025-01-17 16:05:26,2025-01-18 05:05:26,,On Delivery,1
ORD002946,2025-02-20 13:07:04,MDB200,maduboom 200 ml,32000,Zamo Tika,8710624366,Palangkaraya,2025-02-20 15:46:04,2025-02-22 09:46:04,,On Delivery,1
ORD002947,2025-02-21 03:51:22,VTM60,vitaman 60 ml,30000,Zadi Baka,8609440433,Subang,2025-02-21 04:41:22,2025-02-22 22:41:22,,Delivered,1
ORD002948,2025-01-14 13:13:22,JDM,jelly drink madu,20000,Zano Noka,8543674539,Buleleng,2025-01-14 13:55:22,2025-01-16 09:55:22,,Delivered,2
ORD002949,2025-01-06 02:12:19,VTM60,vitaman 60 ml,30000,Tisa Mori,8693883432,Singaraja,2025-01-06 03:26:19,2025-01-07 15:26:19,,Processed,2
ORD002950,2025-02-04 08:19:08,JDM,jelly drink madu,20000,Moka Tifa,8649547350,Cianjur,2025-02-04 10:02:08,2025-02-05 13:02:08,,Processed,1
ORD002951,2025-02-03 03:36:30,VTMMD60,vitaman madu 60 ml,50000,Bamo Nomi Sana,8856904938,Karangasem,2025-02-03 05:55:30,2025-02-05 03:55:30,,Delivered,3
ORD002952,2025-02-03 13:41:35,JDM,jelly drink madu,20000,Zasa Rajo Sana,8420181873,Boyolali,2025-02-03 15:10:35,2025-02-04 19:10:35,,Processed,1
ORD002953,2025-01-24 05:18:57,VTM60,vitaman 60 ml,30000,Zaba Riza Lino,8561049522,Pasuruan,2025-01-24 07:12:57,2025-01-25 00:12:57,,Processed,1
ORD002954,2025-02-20 04:56:41,VTM60,vitaman 60 ml,30000,Mori Tina,8844616305,Bandar Lampung,2025-02-20 06:19:41,2025-02-21 20:19:41,,Delivered,2
ORD002955,2025-01-31 03:54:53,MDB200,maduboom 200 ml,32000,Mosa Sari Joza,8533130748,Semarang,2025-01-31 05:14:53,2025-02-01 06:14:53,,Processed,3
ORD002956,2025-01-21 02:53:20,MDB200,maduboom 200 ml,32000,Zafa Radi,8602746273,Lombok Timur,2025-01-21 05:42:20,2025-01-22 03:42:20,,On Delivery,2
ORD002957,2025-01-28 00:52:30,MDB120,maduboom 120 ml,23000,Lijo Tiba Fano,8662953004,Jayapura,2025-01-28 01:29:30,2025-01-28 18:29:30,,Delivered,1
ORD002958,2025-01-30 11:42:51,VTM60,vitaman 60 ml,30000,Sano Bafa Dimo,8585876089,Malang,2025-01-30 13:23:51,2025-02-01 11:23:51,,Processed,2
ORD002959,2025-01-13 18:28:54,MDB120,maduboom 120 ml,23000,Rati Moba,8486350032,Jepara,2025-01-13 20:06:54,2025-01-14 05:06:54,2025-01-20 05:06:54,Returned,2
ORD002960,2025-02-11 05:17:17,VTMMD60,vitaman madu 60 ml,50000,Ridi Moka,8317543664,Palu,2025-02-11 06:38:17,2025-02-11 11:38:17,,Processed,1
ORD002961,2025-02-04 15:48:01,MDB120,maduboom 120 ml,23000,Famo Zami Fali,8648249762,Bogor,2025-02-04 16:59:01,2025-02-05 14:59:01,,On Delivery,2
ORD002962,2025-01-18 11:24:50,VTM60,vitaman 60 ml,30000,Mori Noka Zaba,8583682265,Sumedang,2025-01-18 12:35:50,2025-01-19 20:35:50,,On Delivery,3
ORD002963,2025-02-05 05:17:57,VTM60,vitaman 60 ml,30000,Rimo Rika,8953592663,Bogor,2025-02-05 06:58:57,2025-02-05 23:58:57,,Delivered,1
ORD002964,2025-01-12 08:50:33,VTMMD60,vitaman madu 60 ml,50000,Rana Midi,8971608949,Semarang,2025-01-12 11:36:33,2025-01-13 19:36:33,,Delivered,3
ORD002965,2025-02-22 06:41:47,VTMMD60,vitaman madu 60 ml,50000,Tiba Zaba,8290645280,Bangli,2025-02-22 08:44:47,2025-02-23 19:44:47,,On Delivery,3
ORD002966,2025-02-11 00:59:49,VTMMD60,vitaman madu 60 ml,50000,Kasa Bali,8584495146,Purwokerto,2025-02-11 03:02:49,2025-02-12 14:02:49,,Delivered,2
ORD002967,2025-01-12 07:01:44,MDB200,maduboom 200 ml,32000,Didi Zadi,8223365533,Purwakarta,2025-01-12 08:57:44,2025-01-13 21:57:44,,Delivered,2
ORD002968,2025-02-10 16:23:31,MDB200,maduboom 200 ml,32000,Badi Sajo Noli,8630251526,Larantuka,2025-02-10 17:21:31,2025-02-12 01:21:31,,On Delivery,1
ORD002969,2025-02-27 13:09:36,JDM,jelly drink madu,20000,Mofa Faba,8538675198,Jepara,2025-02-27 13:55:36,2025-02-28 14:55:36,2025-03-06 14:55:36,Returned,3
ORD002970,2025-01-28 09:18:36,VTM60,vitaman 60 ml,30000,Liza Mofa Timi,8218735826,Indramayu,2025-01-28 10:45:36,2025-01-30 06:45:36,,Delivered,2
ORD002971,2025-02-22 11:39:00,VTM60,vitaman 60 ml,30000,Rana Tifa,8550225155,Tangerang,2025-02-22 14:14:00,2025-02-24 10:14:00,,On Delivery,1
ORD002972,2025-02-03 15:55:07,JDM,jelly drink madu,20000,Tili Moza,8751057935,Banyuwangi,2025-02-03 17:58:07,2025-02-04 01:58:07,,Delivered,1
ORD002973,2025-02-03 09:43:17,VTM60,vitaman 60 ml,30000,Tina Faka,8291761800,Purwokerto,2025-02-03 10:20:17,2025-02-04 07:20:17,,Delivered,1
ORD002974,2025-01-21 19:24:43,VTM60,vitaman 60 ml,30000,Radi Noka,8575234681,Kupang,2025-01-21 21:03:43,2025-01-23 06:03:43,,On Delivery,3
ORD002975,2025-01-02 14:09:34,JDM,jelly drink madu,20000,Lino Riti,8635003082,Pekanbaru,2025-01-02 16:16:34,2025-01-03 02:16:34,2025-01-08 02:16:34,Returned,1
ORD002976,2025-02-15 01:36:54,VTM60,vitaman 60 ml,30000,Saka Raza,8589671025,Malang,2025-02-15 04:20:54,2025-02-16 04:20:54,,On Delivery,2
ORD002977,2025-01-04 00:23:13,MDB200,maduboom 200 ml,32000,Zajo Nari Raba,8724465877,Ngawi,2025-01-04 01:22:13,2025-01-05 09:22:13,2025-01-10 09:22:13,Returned,2
ORD002978,2025-01-24 14:26:53,VTMMD60,vitaman madu 60 ml,50000,Naza Fadi,8993555697,Purwakarta,2025-01-24 15:05:53,2025-01-26 02:05:53,,Delivered,1
ORD002979,2025-01-28 10:20:21,JDM,jelly drink madu,20000,Jodi Kari,8288211786,Pasuruan,2025-01-28 12:40:21,2025-01-29 18:40:21,,Delivered,2
ORD002980,2025-02-14 04:35:01,VTMMD60,vitaman madu 60 ml,50000,Kajo Zaka Rimo,8943769533,Serang,2025-02-14 06:53:01,2025-02-15 01:53:01,,Delivered,1
ORD002981,2025-01-22 19:29:08,MDB200,maduboom 200 ml,32000,Sajo Difa,8104997359,Kediri,2025-01-22 20:58:08,2025-01-23 05:58:08,,Processed,3
ORD002982,2025-01-03 06:35:29,JDM,jelly drink madu,20000,Momi Zadi Jomo,8872018021,Bekasi,2025-01-03 09:13:29,2025-01-05 07:13:29,2025-01-09 07:13:29,Returned,3
ORD002983,2025-01-21 21:09:43,VTMMD60,vitaman madu 60 ml,50000,Liba Rati Joza,8211805792,Pekanbaru,2025-01-21 22:21:43,2025-01-23 00:21:43,,On Delivery,3
ORD002984,2025-02-07 21:25:39,JDM,jelly drink madu,20000,Sati Raza,8281922031,Mataram,2025-02-07 23:54:39,2025-02-09 17:54:39,2025-02-15 17:54:39,Returned,2
ORD002985,2025-01-18 22:13:18,MDB120,maduboom 120 ml,23000,Famo Rafa Kali,8867666295,Semarang,2025-01-19 00:20:18,2025-01-19 11:20:18,,Processed,1
ORD002986,2025-01-12 22:08:31,JDM,jelly drink madu,20000,Jora Zajo,8871797233,Banjarmasin,2025-01-13 00:24:31,2025-01-13 18:24:31,,On Delivery,2
ORD002987,2025-01-27 16:43:16,VTM60,vitaman 60 ml,30000,Nana Liba Mili,8588199074,Palembang,2025-01-27 18:27:16,2025-01-29 11:27:16,,Delivered,1
ORD002988,2025-02-14 17:47:33,VTMMD60,vitaman madu 60 ml,50000,Lira Disa Nana,8782735856,Banyuwangi,2025-02-14 19:11:33,2025-02-15 22:11:33,2025-02-21 22:11:33,Returned,1
ORD002989,2025-01-02 14:00:08,JDM,jelly drink madu,20000,Kafa Kara Lisa,8198550148,Banjarmasin,2025-01-02 15:22:08,2025-01-03 19:22:08,2025-01-08 19:22:08,Returned,3
ORD002990,2025-01-17 22:53:55,VTM60,vitaman 60 ml,30000,Nosa Zaka,8746190920,Sidoarjo,2025-01-18 01:43:55,2025-01-18 15:43:55,,Delivered,2
ORD002991,2025-02-02 12:43:50,VTMMD60,vitaman madu 60 ml,50000,Raba Famo,8418667943,Sorong,2025-02-02 14:39:50,2025-02-04 13:39:50,2025-02-10 13:39:50,Returned,1
ORD002992,2025-01-16 02:03:12,VTMMD60,vitaman madu 60 ml,50000,Sajo Lina Zati,8954563461,Gresik,2025-01-16 03:26:12,2025-01-17 10:26:12,,On Delivery,3
ORD002993,2025-01-24 14:15:42,VTMMD60,vitaman madu 60 ml,50000,Risa Dili Bari,8178178340,Badung,2025-01-24 16:43:42,2025-01-26 14:43:42,,On Delivery,1
ORD002994,2025-01-22 14:53:25,VTMMD60,vitaman madu 60 ml,50000,Zajo Baza Nari,8932393308,Singaraja,2025-01-22 16:43:25,2025-01-24 03:43:25,,Processed,3
ORD002995,2025-01-28 15:34:51,MDB200,maduboom 200 ml,32000,Kali Namo Rimi,8932007110,Jepara,2025-01-28 16:21:51,2025-01-30 00:21:51,,On Delivery,3
ORD002996,2025-01-28 13:33:13,VTM60,vitaman 60 ml,30000,Mika Nodi,8687420922,Cianjur,2025-01-28 15:31:13,2025-01-29 17:31:13,,On Delivery,3
ORD002997,2025-02-11 14:11:51,MDB120,maduboom 120 ml,23000,Lira Nora,8357968241,Batam,2025-02-11 14:45:51,2025-02-12 20:45:51,,Processed,3
ORD002998,2025-02-27 20:05:13,VTM60,vitaman 60 ml,30000,Rili Fano,8450077192,Banjarmasin,2025-02-27 22:25:13,2025-03-01 02:25:13,,On Delivery,3
ORD002999,2025-02-10 20:29:19,VTM60,vitaman 60 ml,30000,Nafa Nara Tino,8458585406,Madiun,2025-02-10 22:56:19,2025-02-11 14:56:19,,Delivered,1
ORD003000,2025-01-27 12:38:44,VTMMD60,vitaman madu 60 ml,50000,Kano Rili Zaza,8605243538,Palembang,2025-01-27 14:43:44,2025-01-28 19:43:44,,Delivered,3
ORD003001,2025-01-18 08:55:11,JDM,jelly drink madu,20000,Kami Moza,8946837612,Jayapura,2025-01-18 11:14:11,2025-01-20 03:14:11,,On Delivery,3
ORD003002,2025-01-28 05:02:05,JDM,jelly drink madu,20000,Jora Baza,8892995987,Jayapura,2025-01-28 07:16:05,2025-01-28 20:16:05,,On Delivery,1
ORD003003,2025-01-08 14:34:48,MDB120,maduboom 120 ml,23000,Tiba Nojo,8882913539,Yogyakarta,2025-01-08 16:07:48,2025-01-10 13:07:48,,Delivered,1
ORD003004,2025-01-23 12:39:12,MDB120,maduboom 120 ml,23000,Rira Nano Raba,8866608073,Probolinggo,2025-01-23 13:25:12,2025-01-24 00:25:12,,Processed,1
ORD003005,2025-01-02 14:22:31,MDB120,maduboom 120 ml,23000,Rari Fati,8743431778,Pasuruan,2025-01-02 15:31:31,2025-01-04 11:31:31,,On Delivery,2
ORD003006,2025-02-25 04:34:50,JDM,jelly drink madu,20000,Lidi Sadi,8150440801,Jakarta,2025-02-25 05:15:50,2025-02-25 22:15:50,,Processed,3
ORD003007,2025-01-29 07:29:56,JDM,jelly drink madu,20000,Mono Baza Zafa,8598029133,Boyolali,2025-01-29 08:24:56,2025-01-30 05:24:56,,Delivered,2
ORD003008,2025-01-06 13:52:55,JDM,jelly drink madu,20000,Fasa Zari,8261058577,Sukabumi,2025-01-06 16:37:55,2025-01-06 22:37:55,,Processed,1
ORD003009,2025-01-30 16:13:15,VTMMD60,vitaman madu 60 ml,50000,Kamo Nasa,8294902297,Boyolali,2025-01-30 18:18:15,2025-01-31 17:18:15,,Delivered,2
ORD003010,2025-01-01 20:00:50,JDM,jelly drink madu,20000,Sasa Jodi Mimi,8570514452,Lamongan,2025-01-01 21:30:50,2025-01-03 06:30:50,,On Delivery,3
ORD003011,2025-01-13 09:44:17,MDB120,maduboom 120 ml,23000,Miba Lina Baza,8759420450,Kudus,2025-01-13 11:56:17,2025-01-14 11:56:17,,On Delivery,3
ORD003012,2025-01-11 17:55:11,VTM60,vitaman 60 ml,30000,Moza Zati Liri,8117700025,Boyolali,2025-01-11 19:01:11,2025-01-12 18:01:11,,On Delivery,3
ORD003013,2025-01-06 02:18:44,JDM,jelly drink madu,20000,Namo Rimo Disa,8990100162,Boyolali,2025-01-06 03:03:44,2025-01-06 23:03:44,2025-01-09 23:03:44,Returned,2
ORD003014,2025-01-20 18:25:12,MDB200,maduboom 200 ml,32000,Zana Rana Riti,8445602650,Garut,2025-01-20 21:07:12,2025-01-21 10:07:12,,Delivered,1
ORD003015,2025-01-26 06:24:53,JDM,jelly drink madu,20000,Lijo Naba,8336883315,Samarinda,2025-01-26 08:34:53,2025-01-27 01:34:53,2025-02-01 01:34:53,Returned,3
ORD003016,2025-02-25 12:50:08,JDM,jelly drink madu,20000,Moba Kano,8275601616,Ponorogo,2025-02-25 15:04:08,2025-02-26 22:04:08,,Delivered,3
ORD003017,2025-01-05 05:27:40,MDB120,maduboom 120 ml,23000,Faza Jojo Bati,8690958663,Karangasem,2025-01-05 07:43:40,2025-01-05 21:43:40,,Processed,1
ORD003018,2025-01-25 15:09:34,JDM,jelly drink madu,20000,Mifa Liza Rijo,8263792424,Sidoarjo,2025-01-25 15:55:34,2025-01-26 02:55:34,,Delivered,3
ORD003019,2025-01-01 06:58:56,VTM60,vitaman 60 ml,30000,Mori Famo,8783448728,Probolinggo,2025-01-01 08:08:56,2025-01-01 22:08:56,,On Delivery,2
ORD003020,2025-01-24 10:39:40,MDB200,maduboom 200 ml,32000,Rali Noka Moba,8879561671,Mataram,2025-01-24 12:37:40,2025-01-26 00:37:40,,On Delivery,1
ORD003021,2025-01-08 15:09:47,MDB120,maduboom 120 ml,23000,Mira Sana Lijo,8115553839,Indramayu,2025-01-08 16:28:47,2025-01-09 13:28:47,,On Delivery,2
ORD003022,2025-02-25 18:11:48,JDM,jelly drink madu,20000,Kafa Baka,8121571725,Karawang,2025-02-25 19:11:48,2025-02-27 03:11:48,,On Delivery,1
ORD003023,2025-01-08 15:57:30,VTM60,vitaman 60 ml,30000,Rari Kasa,8435184093,Ponorogo,2025-01-08 17:24:30,2025-01-08 23:24:30,,Delivered,3
ORD003024,2025-01-12 03:43:16,VTM60,vitaman 60 ml,30000,Nafa Dijo Baba,8409440541,Subang,2025-01-12 04:31:16,2025-01-14 04:31:16,,On Delivery,1
ORD003025,2025-01-29 13:08:41,JDM,jelly drink madu,20000,Tidi Zana,8505760700,Samarinda,2025-01-29 15:06:41,2025-01-31 11:06:41,,Delivered,1
ORD003026,2025-02-28 13:45:55,MDB200,maduboom 200 ml,32000,Bajo Kana Modi,8330978128,Kendari,2025-02-28 16:27:55,2025-03-02 10:27:55,,On Delivery,1
ORD003027,2025-02-22 07:32:16,VTM60,vitaman 60 ml,30000,Tisa Zadi,8344809187,Serang,2025-02-22 10:24:16,2025-02-23 13:24:16,,Processed,3
ORD003028,2025-01-09 09:50:31,MDB120,maduboom 120 ml,23000,Ramo Jodi Zali,8827041821,Palangkaraya,2025-01-09 12:07:31,2025-01-11 08:07:31,2025-01-15 08:07:31,Returned,1
ORD003029,2025-02-02 11:12:30,JDM,jelly drink madu,20000,Nomi Kami,8621637037,Karawang,2025-02-02 13:44:30,2025-02-03 03:44:30,,On Delivery,2
ORD003030,2025-01-23 22:26:35,MDB120,maduboom 120 ml,23000,Jono Tina Joza,8649934842,Ternate,2025-01-24 00:10:35,2025-01-25 07:10:35,,Processed,2
ORD003031,2025-01-09 14:21:28,MDB200,maduboom 200 ml,32000,Fami Sana,8831073926,Jambi,2025-01-09 16:10:28,2025-01-10 10:10:28,,Delivered,3
ORD003032,2025-01-07 05:47:09,VTMMD60,vitaman madu 60 ml,50000,Liba Kara Nami,8106471462,Ambon,2025-01-07 06:47:09,2025-01-08 21:47:09,,On Delivery,2
ORD003033,2025-02-24 14:36:36,JDM,jelly drink madu,20000,Dili Mosa Josa,8134397296,Probolinggo,2025-02-24 16:41:36,2025-02-25 14:41:36,,Processed,1
ORD003034,2025-02-10 00:08:55,JDM,jelly drink madu,20000,Raka Nofa,8512930965,Cirebon,2025-02-10 02:38:55,2025-02-11 14:38:55,,On Delivery,2
ORD003035,2025-02-15 08:42:17,JDM,jelly drink madu,20000,Joka Fano Fara,8636522155,Sukabumi,2025-02-15 09:46:17,2025-02-16 14:46:17,,Delivered,3
ORD003036,2025-01-10 14:16:06,MDB200,maduboom 200 ml,32000,Namo Famo Rano,8507776783,Sorong,2025-01-10 17:15:06,2025-01-12 15:15:06,,On Delivery,2
ORD003037,2025-02-08 01:16:18,MDB120,maduboom 120 ml,23000,Moba Nomo Fati,8956386462,Tegal,2025-02-08 04:01:18,2025-02-09 01:01:18,,On Delivery,2
ORD003038,2025-01-15 19:41:40,MDB200,maduboom 200 ml,32000,Sami Difa Fati,8444473937,Bandar Lampung,2025-01-15 21:37:40,2025-01-17 11:37:40,,Delivered,2
ORD003039,2025-02-24 19:37:36,VTMMD60,vitaman madu 60 ml,50000,Kasa Tira,8153560497,Magelang,2025-02-24 22:02:36,2025-02-25 16:02:36,,On Delivery,1
ORD003040,2025-01-05 18:37:54,JDM,jelly drink madu,20000,Nami Jomi,8768201755,Sumedang,2025-01-05 19:34:54,2025-01-07 01:34:54,,Delivered,3
ORD003041,2025-01-20 13:35:32,VTM60,vitaman 60 ml,30000,Dino Basa,8742517184,Subang,2025-01-20 14:46:32,2025-01-21 04:46:32,,Delivered,2
ORD003042,2025-01-22 05:44:12,MDB200,maduboom 200 ml,32000,Naba Rino,8274482882,Yogyakarta,2025-01-22 08:35:12,2025-01-23 07:35:12,,Delivered,1
ORD003043,2025-01-10 02:44:20,MDB120,maduboom 120 ml,23000,Joza Mori Kaza,8966862690,Sorong,2025-01-10 05:43:20,2025-01-10 13:43:20,,On Delivery,2
ORD003044,2025-02-15 11:42:22,VTMMD60,vitaman madu 60 ml,50000,Diti Mosa,8665188464,Garut,2025-02-15 12:33:22,2025-02-17 09:33:22,,Processed,2
ORD003045,2025-01-01 09:34:17,MDB200,maduboom 200 ml,32000,Rajo Fasa Joka,8398097623,Klaten,2025-01-01 10:58:17,2025-01-01 19:58:17,,Processed,2
ORD003046,2025-01-07 19:57:57,MDB200,maduboom 200 ml,32000,Sana Diza Nari,8188200164,Malang,2025-01-07 21:19:57,2025-01-08 22:19:57,,On Delivery,2
ORD003047,2025-01-07 16:01:29,JDM,jelly drink madu,20000,Tiba Rijo Jodi,8764985521,Maumere,2025-01-07 17:20:29,2025-01-08 22:20:29,,Processed,1
ORD003048,2025-01-02 16:30:30,MDB200,maduboom 200 ml,32000,Moti Bamo,8129476274,Sorong,2025-01-02 18:57:30,2025-01-03 01:57:30,,On Delivery,1
ORD003049,2025-02-23 00:45:12,VTM60,vitaman 60 ml,30000,Nona Joti Noka,8947505447,Malang,2025-02-23 03:41:12,2025-02-23 18:41:12,,On Delivery,3
ORD003050,2025-02-17 05:13:52,MDB120,maduboom 120 ml,23000,Rifa Miri,8122628444,Indramayu,2025-02-17 06:30:52,2025-02-18 17:30:52,,Delivered,3
ORD003051,2025-02-05 00:52:28,MDB200,maduboom 200 ml,32000,Tina Nora Nadi,8836895150,Mataram,2025-02-05 03:21:28,2025-02-05 21:21:28,,Processed,3
ORD003052,2025-01-05 17:49:06,MDB120,maduboom 120 ml,23000,Fana Tira Sasa,8547432922,Kupang,2025-01-05 18:20:06,2025-01-06 00:20:06,,Processed,3
ORD003053,2025-01-11 17:35:17,VTM60,vitaman 60 ml,30000,Tira Rira,8292383614,Batu,2025-01-11 18:48:17,2025-01-13 11:48:17,,On Delivery,2
ORD003054,2025-01-10 07:01:26,VTMMD60,vitaman madu 60 ml,50000,Kaba Sano,8369355734,Purwokerto,2025-01-10 07:34:26,2025-01-11 10:34:26,,On Delivery,1
ORD003055,2025-01-11 07:20:44,VTMMD60,vitaman madu 60 ml,50000,Tisa Mina,8689500456,Mataram,2025-01-11 08:27:44,2025-01-13 05:27:44,,Delivered,3
ORD003056,2025-01-19 16:37:22,JDM,jelly drink madu,20000,Nati Riba Joza,8781291585,Bogor,2025-01-19 18:51:22,2025-01-20 23:51:22,,On Delivery,3
ORD003057,2025-02-22 10:40:43,VTM60,vitaman 60 ml,30000,Jomi Lifa Dimo,8564973413,Kudus,2025-02-22 13:34:43,2025-02-23 23:34:43,,Processed,1
ORD003058,2025-01-09 13:41:09,JDM,jelly drink madu,20000,Lira Mino Fasa,8346290996,Cikarang,2025-01-09 14:54:09,2025-01-10 07:54:09,,On Delivery,2
ORD003059,2025-01-11 12:28:10,VTM60,vitaman 60 ml,30000,Fati Saka Nodi,8754784477,Manado,2025-01-11 14:21:10,2025-01-12 17:21:10,,Delivered,3
ORD003060,2025-02-10 04:24:26,MDB200,maduboom 200 ml,32000,Jono Fafa Diti,8636318774,Badung,2025-02-10 06:28:26,2025-02-11 20:28:26,,Processed,2
ORD003061,2025-01-21 10:02:37,MDB200,maduboom 200 ml,32000,Kami Kati Noti,8825314354,Gresik,2025-01-21 12:29:37,2025-01-22 08:29:37,,Processed,2
ORD003062,2025-02-15 04:41:13,JDM,jelly drink madu,20000,Jomo Didi,8484353505,Batu,2025-02-15 06:22:13,2025-02-16 05:22:13,,On Delivery,3
ORD003063,2025-02-20 08:30:19,VTMMD60,vitaman madu 60 ml,50000,Timo Mona,8848403854,Yogyakarta,2025-02-20 09:48:19,2025-02-21 10:48:19,,Delivered,2
ORD003064,2025-02-16 04:15:33,JDM,jelly drink madu,20000,Nodi Raza Josa,8820063425,Jayapura,2025-02-16 04:46:33,2025-02-17 06:46:33,,Delivered,2
ORD003065,2025-01-12 03:57:29,MDB200,maduboom 200 ml,32000,Tika Riri Nomo,8622786506,Sidoarjo,2025-01-12 04:37:29,2025-01-12 13:37:29,,Processed,3
ORD003066,2025-01-29 22:42:25,VTM60,vitaman 60 ml,30000,Tidi Bati,8163999856,Blitar,2025-01-30 01:06:25,2025-01-31 02:06:25,,Delivered,3
ORD003067,2025-02-19 11:04:33,VTMMD60,vitaman madu 60 ml,50000,Fali Sana Dino,8489102677,Jambi,2025-02-19 14:04:33,2025-02-20 03:04:33,,On Delivery,1
ORD003068,2025-02-10 18:45:03,JDM,jelly drink madu,20000,Raba Najo Jofa,8341149843,Jayapura,2025-02-10 21:36:03,2025-02-12 21:36:03,,Delivered,3
ORD003069,2025-01-18 17:38:34,VTMMD60,vitaman madu 60 ml,50000,Dimi Fadi Nafa,8853613111,Cianjur,2025-01-18 19:32:34,2025-01-19 21:32:34,2025-01-25 21:32:34,Returned,2
ORD003070,2025-01-23 10:32:32,VTMMD60,vitaman madu 60 ml,50000,Limo Zano Josa,8886017472,Kupang,2025-01-23 12:16:32,2025-01-24 13:16:32,,On Delivery,1
ORD003071,2025-01-01 13:28:14,VTMMD60,vitaman madu 60 ml,50000,Lisa Mika,8299219934,Gianyar,2025-01-01 15:12:14,2025-01-02 11:12:14,,On Delivery,2
ORD003072,2025-02-12 23:41:41,MDB200,maduboom 200 ml,32000,Nara Samo,8372933252,Mataram,2025-02-13 01:07:41,2025-02-13 11:07:41,,Processed,1
ORD003073,2025-01-20 06:34:48,MDB120,maduboom 120 ml,23000,Kara Lira,8640176700,Jayapura,2025-01-20 08:33:48,2025-01-22 03:33:48,,Processed,1
ORD003074,2025-01-14 20:09:59,MDB120,maduboom 120 ml,23000,Zati Dina Dimi,8365273019,Ende,2025-01-14 21:16:59,2025-01-15 06:16:59,,Processed,3
ORD003075,2025-02-16 09:24:23,VTM60,vitaman 60 ml,30000,Lira Jofa,8800385002,Blitar,2025-02-16 12:05:23,2025-02-17 02:05:23,,Delivered,3
ORD003076,2025-02-23 15:15:11,MDB120,maduboom 120 ml,23000,Limo Moza,8146385498,Purwokerto,2025-02-23 17:13:11,2025-02-25 16:13:11,,Processed,1
ORD003077,2025-01-23 19:00:52,MDB200,maduboom 200 ml,32000,Mofa Fari Bari,8939894170,Tasikmalaya,2025-01-23 21:03:52,2025-01-24 22:03:52,,Processed,2
ORD003078,2025-02-01 19:51:55,MDB120,maduboom 120 ml,23000,Noti Nara Tili,8603052131,Pasuruan,2025-02-01 20:59:55,2025-02-02 08:59:55,,Delivered,3
ORD003079,2025-01-31 09:36:48,VTM60,vitaman 60 ml,30000,Kana Nana,8206659396,Garut,2025-01-31 11:05:48,2025-02-01 00:05:48,,On Delivery,2
ORD003080,2025-01-03 15:21:58,VTM60,vitaman 60 ml,30000,Miri Dino Bari,8460137070,Semarang,2025-01-03 17:57:58,2025-01-05 08:57:58,,On Delivery,2
ORD003081,2025-02-25 21:10:54,MDB120,maduboom 120 ml,23000,Kano Naka Moti,8971997560,Cirebon,2025-02-25 22:26:54,2025-02-27 09:26:54,,Processed,1
ORD003082,2025-02-23 06:04:38,MDB120,maduboom 120 ml,23000,Fadi Lira Lino,8821616344,Palembang,2025-02-23 08:14:38,2025-02-24 20:14:38,,Delivered,1
ORD003083,2025-02-20 00:01:37,MDB200,maduboom 200 ml,32000,Naza Diza,8767947440,Palembang,2025-02-20 01:53:37,2025-02-20 11:53:37,,On Delivery,3
ORD003084,2025-01-22 11:24:33,MDB120,maduboom 120 ml,23000,Liti Nomo Kari,8831046009,Maumere,2025-01-22 14:01:33,2025-01-23 13:01:33,,On Delivery,1
ORD003085,2025-01-01 23:58:56,VTMMD60,vitaman madu 60 ml,50000,Rano Fasa,8560364314,Bangli,2025-01-02 01:05:56,2025-01-03 13:05:56,,On Delivery,1
ORD003086,2025-02-05 05:09:43,JDM,jelly drink madu,20000,Modi Kaka Rasa,8136807268,Kendari,2025-02-05 08:00:43,2025-02-07 04:00:43,2025-02-14 04:00:43,Returned,3
ORD003087,2025-01-25 15:26:45,MDB200,maduboom 200 ml,32000,Sajo Nori Riza,8317413937,Sidoarjo,2025-01-25 17:27:45,2025-01-27 16:27:45,,Processed,2
ORD003088,2025-01-20 05:44:41,MDB200,maduboom 200 ml,32000,Josa Kadi,8753822365,Bojonegoro,2025-01-20 07:26:41,2025-01-21 12:26:41,,Delivered,3
ORD003089,2025-02-14 16:00:35,VTM60,vitaman 60 ml,30000,Limi Fati,8431477866,Boyolali,2025-02-14 18:13:35,2025-02-15 19:13:35,,Processed,2
ORD003090,2025-02-12 21:12:57,VTM60,vitaman 60 ml,30000,Disa Miza,8393512664,Bekasi,2025-02-12 23:25:57,2025-02-14 08:25:57,2025-02-18 08:25:57,Returned,3
ORD003091,2025-02-24 01:07:51,JDM,jelly drink madu,20000,Dili Kaka Kasa,8468715124,Medan,2025-02-24 03:28:51,2025-02-24 21:28:51,,Processed,1
ORD003092,2025-01-24 14:39:47,VTMMD60,vitaman madu 60 ml,50000,Nofa Jomo,8750209687,Palembang,2025-01-24 16:44:47,2025-01-26 16:44:47,,Processed,1
ORD003093,2025-02-12 01:02:27,VTMMD60,vitaman madu 60 ml,50000,Fara Moza Rimi,8838944299,Subang,2025-02-12 01:57:27,2025-02-13 01:57:27,,Delivered,1
ORD003094,2025-02-07 01:09:44,MDB200,maduboom 200 ml,32000,Riti Naba Fadi,8360048264,Palu,2025-02-07 03:32:44,2025-02-07 22:32:44,,On Delivery,2
ORD003095,2025-01-08 19:23:44,JDM,jelly drink madu,20000,Disa Fali Zaba,8431518498,Jepara,2025-01-08 20:31:44,2025-01-09 12:31:44,,On Delivery,2
ORD003096,2025-01-16 00:59:37,MDB120,maduboom 120 ml,23000,Tidi Tisa,8347538164,Banjarmasin,2025-01-16 03:41:37,2025-01-17 15:41:37,,On Delivery,1
ORD003097,2025-01-21 09:05:59,MDB120,maduboom 120 ml,23000,Noti Lijo Tina,8480151388,Banjarmasin,2025-01-21 11:24:59,2025-01-23 00:24:59,2025-01-28 00:24:59,Returned,1
ORD003098,2025-01-13 12:40:47,JDM,jelly drink madu,20000,Raba Joli,8684504805,Tasikmalaya,2025-01-13 13:38:47,2025-01-13 21:38:47,,On Delivery,1
ORD003099,2025-01-17 06:57:06,VTM60,vitaman 60 ml,30000,Mili Noka Sasa,8333928600,Bengkulu,2025-01-17 08:38:06,2025-01-18 11:38:06,,Delivered,3
ORD003100,2025-02-26 09:52:30,MDB200,maduboom 200 ml,32000,Rifa Mojo Jofa,8338747003,Palu,2025-02-26 10:46:30,2025-02-28 07:46:30,,Processed,2
ORD003101,2025-02-07 22:12:55,VTM60,vitaman 60 ml,30000,Mifa Noba,8625297606,Cianjur,2025-02-07 23:21:55,2025-02-08 23:21:55,,Delivered,1
ORD003102,2025-01-22 16:33:41,MDB120,maduboom 120 ml,23000,Noba Radi Zasa,8839588627,Jakarta,2025-01-22 17:12:41,2025-01-23 09:12:41,,Delivered,3
ORD003103,2025-02-02 04:28:48,VTM60,vitaman 60 ml,30000,Rijo Mora,8834784942,Bogor,2025-02-02 07:18:48,2025-02-04 02:18:48,,On Delivery,1
ORD003104,2025-02-08 22:33:56,JDM,jelly drink madu,20000,Nami Nari Nofa,8279022128,Bangli,2025-02-09 00:20:56,2025-02-10 14:20:56,,Processed,3
ORD003105,2025-01-22 03:47:42,MDB200,maduboom 200 ml,32000,Kamo Nari Baka,8337637905,Bogor,2025-01-22 05:44:42,2025-01-23 01:44:42,,Delivered,1
ORD003106,2025-02-09 11:44:12,JDM,jelly drink madu,20000,Nora Jojo,8711705465,Bandung,2025-02-09 13:58:12,2025-02-11 06:58:12,,Processed,2
ORD003107,2025-02-21 02:30:19,VTM60,vitaman 60 ml,30000,Kali Lidi,8435718110,Bangli,2025-02-21 03:49:19,2025-02-22 19:49:19,2025-02-26 19:49:19,Returned,3
ORD003108,2025-01-15 16:23:47,VTM60,vitaman 60 ml,30000,Lidi Sajo Zana,8605665898,Madiun,2025-01-15 16:58:47,2025-01-16 05:58:47,,Delivered,2
ORD003109,2025-02-08 03:31:20,VTM60,vitaman 60 ml,30000,Liri Kano,8613743303,Karawang,2025-02-08 04:58:20,2025-02-09 14:58:20,,Delivered,3
ORD003110,2025-01-26 16:31:17,VTMMD60,vitaman madu 60 ml,50000,Rijo Tifa Bara,8227544199,Bogor,2025-01-26 17:58:17,2025-01-27 02:58:17,,Delivered,3
ORD003111,2025-02-21 22:39:19,JDM,jelly drink madu,20000,Dina Lisa,8604813132,Palu,2025-02-22 01:15:19,2025-02-23 11:15:19,,Processed,3
ORD003112,2025-02-10 00:11:55,MDB120,maduboom 120 ml,23000,Dimo Mora,8245255341,Buleleng,2025-02-10 00:58:55,2025-02-11 09:58:55,,On Delivery,2
ORD003113,2025-02-03 10:09:11,MDB200,maduboom 200 ml,32000,Najo Kasa Zaba,8458081017,Boyolali,2025-02-03 12:10:11,2025-02-04 10:10:11,,On Delivery,2
ORD003114,2025-01-18 17:31:31,VTM60,vitaman 60 ml,30000,Nodi Dina,8451818052,Bengkulu,2025-01-18 20:27:31,2025-01-19 05:27:31,,Delivered,1
ORD003115,2025-02-15 01:31:28,JDM,jelly drink madu,20000,Rati Jora Nami,8962643403,Ponorogo,2025-02-15 02:35:28,2025-02-15 15:35:28,,Processed,3
ORD003116,2025-01-06 16:39:28,JDM,jelly drink madu,20000,Zafa Joba,8872367739,Jembrana,2025-01-06 18:58:28,2025-01-07 13:58:28,,Delivered,3
ORD003117,2025-02-27 15:36:06,VTMMD60,vitaman madu 60 ml,50000,Namo Ridi,8731104828,Tegal,2025-02-27 16:26:06,2025-03-01 08:26:06,,Processed,3
ORD003118,2025-02-21 09:51:58,VTM60,vitaman 60 ml,30000,Rano Noka Mona,8719550301,Karawang,2025-02-21 11:59:58,2025-02-22 01:59:58,,Processed,1
ORD003119,2025-02-12 04:37:49,VTMMD60,vitaman madu 60 ml,50000,Momi Nori,8652510331,Banjarbaru,2025-02-12 06:04:49,2025-02-13 09:04:49,,Delivered,1
ORD003120,2025-01-21 08:45:50,MDB200,maduboom 200 ml,32000,Riba Liza Bafa,8661746576,Pontianak,2025-01-21 11:39:50,2025-01-22 00:39:50,,Processed,1
ORD003121,2025-01-23 22:01:23,VTM60,vitaman 60 ml,30000,Sana Bafa Bali,8117935320,Jayapura,2025-01-23 22:31:23,2025-01-24 21:31:23,,Delivered,1
ORD003122,2025-02-21 15:17:38,VTM60,vitaman 60 ml,30000,Dili Raka,8428991693,Jombang,2025-02-21 17:50:38,2025-02-23 13:50:38,,Processed,2
ORD003123,2025-01-20 12:23:51,MDB200,maduboom 200 ml,32000,Moza Noti,8618353565,Depok,2025-01-20 15:23:51,2025-01-22 14:23:51,,On Delivery,2
ORD003124,2025-01-05 09:32:20,VTMMD60,vitaman madu 60 ml,50000,Mina Nano Miba,8776910993,Ngawi,2025-01-05 11:53:20,2025-01-05 16:53:20,,Processed,1
ORD003125,2025-01-15 05:37:09,MDB200,maduboom 200 ml,32000,Fadi Nali,8433658662,Manado,2025-01-15 07:11:09,2025-01-16 19:11:09,,Processed,2
ORD003126,2025-01-27 20:03:50,JDM,jelly drink madu,20000,Mona Lijo,8947041262,Manado,2025-01-27 22:57:50,2025-01-28 04:57:50,,Delivered,2
ORD003127,2025-01-08 22:23:11,JDM,jelly drink madu,20000,Fadi Ramo Tifa,8554893663,Buleleng,2025-01-08 23:37:11,2025-01-10 14:37:11,,Delivered,1
ORD003128,2025-02-02 13:13:10,VTMMD60,vitaman madu 60 ml,50000,Fano Fana Moti,8679464941,Banjarbaru,2025-02-02 15:22:10,2025-02-04 13:22:10,,On Delivery,3
ORD003129,2025-01-05 00:16:51,MDB120,maduboom 120 ml,23000,Raka Nori,8308897552,Subang,2025-01-05 01:17:51,2025-01-06 13:17:51,,Delivered,3
ORD003130,2025-01-10 23:00:55,JDM,jelly drink madu,20000,Lira Rajo,8963640005,Badung,2025-01-11 00:54:55,2025-01-12 01:54:55,,On Delivery,3
ORD003131,2025-01-22 13:42:22,VTMMD60,vitaman madu 60 ml,50000,Naba Disa,8827340483,Surabaya,2025-01-22 16:30:22,2025-01-24 11:30:22,,On Delivery,3
ORD003132,2025-01-13 02:12:09,MDB200,maduboom 200 ml,32000,Naza Zaka,8140487216,Bengkulu,2025-01-13 03:16:09,2025-01-14 13:16:09,,Delivered,3
ORD003133,2025-01-18 16:53:55,JDM,jelly drink madu,20000,Saba Lifa,8491754562,Samarinda,2025-01-18 18:05:55,2025-01-19 13:05:55,,On Delivery,3
ORD003134,2025-01-02 03:37:24,MDB200,maduboom 200 ml,32000,Liri Nodi Moti,8674385243,Yogyakarta,2025-01-02 04:16:24,2025-01-03 08:16:24,,Delivered,2
ORD003135,2025-01-17 07:22:42,VTMMD60,vitaman madu 60 ml,50000,Mimo Lika,8106420364,Cikarang,2025-01-17 10:12:42,2025-01-18 07:12:42,,Delivered,1
ORD003136,2025-01-10 21:12:45,VTM60,vitaman 60 ml,30000,Fari Nami,8204405481,Ngawi,2025-01-10 23:26:45,2025-01-12 23:26:45,,On Delivery,1
ORD003137,2025-02-04 19:21:26,JDM,jelly drink madu,20000,Dino Badi,8254362884,Bandar Lampung,2025-02-04 20:06:26,2025-02-05 02:06:26,,Delivered,1
ORD003138,2025-01-12 19:01:08,JDM,jelly drink madu,20000,Lidi Zafa,8972966405,Jakarta,2025-01-12 20:52:08,2025-01-14 06:52:08,,Delivered,2
ORD003139,2025-02-19 03:50:12,JDM,jelly drink madu,20000,Rina Tijo,8321151387,Lombok Barat,2025-02-19 05:35:12,2025-02-19 11:35:12,,On Delivery,1
ORD003140,2025-01-01 17:57:21,VTM60,vitaman 60 ml,30000,Rana Lidi Rira,8906863504,Palembang,2025-01-01 19:15:21,2025-01-03 07:15:21,,On Delivery,3
ORD003141,2025-02-19 16:19:32,MDB200,maduboom 200 ml,32000,Kari Tijo,8692391871,Sorong,2025-02-19 18:56:32,2025-02-20 08:56:32,,On Delivery,3
ORD003142,2025-01-16 17:18:03,JDM,jelly drink madu,20000,Fami Kano,8959125515,Ngawi,2025-01-16 19:19:03,2025-01-17 02:19:03,,On Delivery,1
ORD003143,2025-01-04 08:56:45,MDB120,maduboom 120 ml,23000,Mijo Mifa Nano,8864584047,Kupang,2025-01-04 11:15:45,2025-01-06 11:15:45,,On Delivery,3
ORD003144,2025-02-10 23:00:20,MDB200,maduboom 200 ml,32000,Moti Nano,8252619582,Boyolali,2025-02-10 23:44:20,2025-02-11 07:44:20,,Processed,2
ORD003145,2025-02-15 17:07:46,JDM,jelly drink madu,20000,Mora Samo,8568487598,Surabaya,2025-02-15 18:16:46,2025-02-16 04:16:46,,Delivered,1
ORD003146,2025-01-20 01:51:01,MDB200,maduboom 200 ml,32000,Tiri Mono,8188755715,Larantuka,2025-01-20 02:49:01,2025-01-21 16:49:01,,Processed,3
ORD003147,2025-01-13 02:57:12,VTM60,vitaman 60 ml,30000,Miri Faza,8437285499,Purwokerto,2025-01-13 05:21:12,2025-01-13 20:21:12,,On Delivery,2
ORD003148,2025-01-06 02:22:04,JDM,jelly drink madu,20000,Dimo Kara,8293123521,Jepara,2025-01-06 03:13:04,2025-01-07 04:13:04,,Delivered,1
ORD003149,2025-02-19 03:27:14,VTM60,vitaman 60 ml,30000,Bajo Fasa Faza,8324141399,Garut,2025-02-19 05:56:14,2025-02-21 04:56:14,,On Delivery,1
ORD003150,2025-02-16 19:15:44,JDM,jelly drink madu,20000,Faka Mofa,8890875353,Gresik,2025-02-16 21:35:44,2025-02-18 16:35:44,,Processed,1
ORD003151,2025-01-20 04:54:04,MDB200,maduboom 200 ml,32000,Dira Kaza,8660724593,Probolinggo,2025-01-20 07:54:04,2025-01-21 00:54:04,,On Delivery,3
ORD003152,2025-02-16 10:12:47,VTM60,vitaman 60 ml,30000,Rijo Safa Bati,8961153016,Maumere,2025-02-16 11:18:47,2025-02-17 15:18:47,,Processed,2
ORD003153,2025-02-03 16:22:24,VTMMD60,vitaman madu 60 ml,50000,Diba Liri Mofa,8188805318,Buleleng,2025-02-03 17:53:24,2025-02-04 02:53:24,,On Delivery,1
ORD003154,2025-01-15 21:54:28,VTMMD60,vitaman madu 60 ml,50000,Sasa Josa Moka,8292754497,Kudus,2025-01-16 00:10:28,2025-01-16 09:10:28,,Delivered,1
ORD003155,2025-01-22 01:16:21,MDB120,maduboom 120 ml,23000,Najo Lika Liti,8890979816,Kediri,2025-01-22 02:22:21,2025-01-22 08:22:21,,Processed,3
ORD003156,2025-01-24 09:59:36,JDM,jelly drink madu,20000,Rijo Saba Nana,8719894529,Batam,2025-01-24 12:39:36,2025-01-25 05:39:36,,Processed,2
ORD003157,2025-01-30 11:47:04,JDM,jelly drink madu,20000,Limo Tisa,8272109333,Sukabumi,2025-01-30 13:03:04,2025-02-01 03:03:04,,Delivered,2
ORD003158,2025-02-09 16:06:20,VTMMD60,vitaman madu 60 ml,50000,Bara Naba Limi,8203403845,Tuban,2025-02-09 18:29:20,2025-02-10 16:29:20,,On Delivery,3
ORD003159,2025-01-17 01:16:28,VTMMD60,vitaman madu 60 ml,50000,Miti Bamo,8802458225,Larantuka,2025-01-17 03:12:28,2025-01-18 18:12:28,,Processed,3
ORD003160,2025-01-02 23:15:38,MDB120,maduboom 120 ml,23000,Lira Zaba,8343566986,Probolinggo,2025-01-03 00:26:38,2025-01-04 04:26:38,,Processed,2
ORD003161,2025-01-09 22:09:51,JDM,jelly drink madu,20000,Sari Noza,8724578698,Situbondo,2025-01-09 22:55:51,2025-01-11 16:55:51,,Processed,1
ORD003162,2025-02-02 18:53:01,JDM,jelly drink madu,20000,Dina Rati,8599461332,Tangerang,2025-02-02 21:48:01,2025-02-03 10:48:01,,Processed,2
ORD003163,2025-01-20 11:17:28,JDM,jelly drink madu,20000,Kaza Kaka,8881733376,Palembang,2025-01-20 12:12:28,2025-01-21 06:12:28,,Delivered,2
ORD003164,2025-02-25 06:59:42,JDM,jelly drink madu,20000,Nodi Zasa Nomo,8237861234,Sidoarjo,2025-02-25 07:49:42,2025-02-26 06:49:42,,Processed,1
ORD003165,2025-01-09 05:43:09,VTMMD60,vitaman madu 60 ml,50000,Riza Sasa,8794541267,Padang,2025-01-09 07:23:09,2025-01-09 20:23:09,2025-01-12 20:23:09,Returned,1
ORD003166,2025-02-26 03:50:56,MDB200,maduboom 200 ml,32000,Kajo Nano,8367554750,Badung,2025-02-26 06:49:56,2025-02-26 21:49:56,,Delivered,1
ORD003167,2025-02-09 06:20:06,MDB120,maduboom 120 ml,23000,Nara Moza Raka,8873683684,Jakarta,2025-02-09 08:11:06,2025-02-09 16:11:06,,Processed,1
ORD003168,2025-01-27 11:40:36,MDB120,maduboom 120 ml,23000,Kari Lidi,8695450421,Buleleng,2025-01-27 13:08:36,2025-01-28 07:08:36,,Processed,2
ORD003169,2025-02-13 12:11:55,MDB120,maduboom 120 ml,23000,Jomo Nara Nali,8111013829,Jepara,2025-02-13 14:33:55,2025-02-14 17:33:55,,Processed,1
ORD003170,2025-01-29 18:56:41,VTM60,vitaman 60 ml,30000,Najo Riba Tisa,8147614329,Klaten,2025-01-29 20:03:41,2025-01-30 22:03:41,,Delivered,1
ORD003171,2025-02-21 05:48:16,MDB120,maduboom 120 ml,23000,Bami Mojo,8230553466,Purwakarta,2025-02-21 07:12:16,2025-02-22 19:12:16,,Delivered,1
ORD003172,2025-01-24 07:41:17,MDB200,maduboom 200 ml,32000,Badi Rino,8658239169,Banjarmasin,2025-01-24 09:00:17,2025-01-26 07:00:17,,Delivered,1
ORD003173,2025-02-08 16:12:15,MDB200,maduboom 200 ml,32000,Dika Namo,8367203041,Singaraja,2025-02-08 18:55:15,2025-02-09 16:55:15,,Delivered,1
ORD003174,2025-02-19 01:10:37,VTM60,vitaman 60 ml,30000,Nali Lijo Famo,8452710352,Banjarmasin,2025-02-19 01:52:37,2025-02-20 00:52:37,2025-02-27 00:52:37,Returned,1
ORD003175,2025-02-14 22:12:40,MDB120,maduboom 120 ml,23000,Tino Mosa Tika,8869294477,Malang,2025-02-15 00:35:40,2025-02-16 22:35:40,,Processed,3
ORD003176,2025-01-15 08:03:27,MDB200,maduboom 200 ml,32000,Bami Nari Nano,8332310981,Klaten,2025-01-15 08:34:27,2025-01-15 17:34:27,,Processed,1
ORD003177,2025-02-25 22:02:54,VTM60,vitaman 60 ml,30000,Sara Tiri,8920143997,Palembang,2025-02-25 22:59:54,2025-02-27 00:59:54,,Processed,3
ORD003178,2025-02-13 21:36:46,MDB200,maduboom 200 ml,32000,Jofa Sana Raza,8748972276,Bojonegoro,2025-02-13 23:21:46,2025-02-15 14:21:46,,On Delivery,1
ORD003179,2025-01-01 19:43:59,MDB120,maduboom 120 ml,23000,Kami Riza Dina,8135398153,Tegal,2025-01-01 22:36:59,2025-01-03 18:36:59,,Processed,3
ORD003180,2025-01-23 07:40:00,JDM,jelly drink madu,20000,Dimi Zami,8202945537,Palangkaraya,2025-01-23 10:26:00,2025-01-24 15:26:00,,Delivered,1
ORD003181,2025-02-03 20:35:33,VTM60,vitaman 60 ml,30000,Baba Miti Kano,8713600923,Bekasi,2025-02-03 23:12:33,2025-02-05 13:12:33,,Delivered,2
ORD003182,2025-01-29 00:29:53,MDB120,maduboom 120 ml,23000,Kafa Tiri Tiza,8567068435,Batu,2025-01-29 03:25:53,2025-01-30 07:25:53,,Delivered,1
ORD003183,2025-02-02 17:32:57,VTMMD60,vitaman madu 60 ml,50000,Bajo Dili,8838464105,Kudus,2025-02-02 18:41:57,2025-02-03 20:41:57,,On Delivery,3
ORD003184,2025-01-22 21:37:33,MDB200,maduboom 200 ml,32000,Nojo Rifa,8923554648,Tasikmalaya,2025-01-22 23:53:33,2025-01-24 06:53:33,,Processed,3
ORD003185,2025-01-07 10:20:48,VTM60,vitaman 60 ml,30000,Jofa Sasa Noza,8665288730,Tasikmalaya,2025-01-07 12:57:48,2025-01-09 05:57:48,2025-01-12 05:57:48,Returned,2
ORD003186,2025-01-29 08:06:36,MDB200,maduboom 200 ml,32000,Safa Sami,8121333672,Bekasi,2025-01-29 10:36:36,2025-01-31 01:36:36,,Processed,2
ORD003187,2025-01-25 05:34:29,JDM,jelly drink madu,20000,Nafa Samo,8524145576,Ternate,2025-01-25 08:04:29,2025-01-26 18:04:29,,On Delivery,3
ORD003188,2025-02-16 02:30:22,MDB120,maduboom 120 ml,23000,Sana Nona Kaba,8781795929,Palembang,2025-02-16 03:15:22,2025-02-17 21:15:22,,On Delivery,1
ORD003189,2025-01-10 06:36:53,VTMMD60,vitaman madu 60 ml,50000,Liba Ridi,8837459572,Bandar Lampung,2025-01-10 09:25:53,2025-01-12 09:25:53,,Delivered,2
ORD003190,2025-01-08 16:26:52,MDB120,maduboom 120 ml,23000,Bali Raka Nali,8206111957,Tuban,2025-01-08 17:43:52,2025-01-10 12:43:52,,Processed,2
ORD003191,2025-02-21 17:58:54,VTMMD60,vitaman madu 60 ml,50000,Samo Bami,8477453469,Ponorogo,2025-02-21 19:27:54,2025-02-23 17:27:54,,Delivered,1
ORD003192,2025-01-28 14:04:11,JDM,jelly drink madu,20000,Mina Rami,8445451993,Bekasi,2025-01-28 15:15:11,2025-01-29 21:15:11,2025-02-03 21:15:11,Returned,3
ORD003193,2025-01-30 01:06:54,MDB200,maduboom 200 ml,32000,Nana Sano,8353718799,Cianjur,2025-01-30 01:52:54,2025-01-31 01:52:54,,Processed,3
ORD003194,2025-02-12 12:17:03,MDB120,maduboom 120 ml,23000,Mora Safa,8644353064,Cikarang,2025-02-12 14:56:03,2025-02-13 01:56:03,,Delivered,1
ORD003195,2025-01-04 04:13:35,VTM60,vitaman 60 ml,30000,Lira Dina Rimo,8308757655,Palangkaraya,2025-01-04 05:33:35,2025-01-05 05:33:35,2025-01-07 05:33:35,Returned,1
ORD003196,2025-01-29 09:05:01,JDM,jelly drink madu,20000,Bara Rimo,8523421002,Samarinda,2025-01-29 09:44:01,2025-01-31 00:44:01,,On Delivery,3
ORD003197,2025-01-29 13:21:32,VTMMD60,vitaman madu 60 ml,50000,Bafa Riri Lika,8623442239,Ambon,2025-01-29 14:50:32,2025-01-30 22:50:32,,On Delivery,1
ORD003198,2025-02-27 08:54:56,JDM,jelly drink madu,20000,Timo Noli Joli,8350227780,Jayapura,2025-02-27 11:33:56,2025-02-27 22:33:56,,Processed,3
ORD003199,2025-02-15 15:04:38,JDM,jelly drink madu,20000,Disa Mona Zara,8879738133,Jombang,2025-02-15 17:49:38,2025-02-16 06:49:38,,Delivered,1
ORD003200,2025-01-20 22:23:07,JDM,jelly drink madu,20000,Sali Jojo,8171952804,Tasikmalaya,2025-01-21 00:53:07,2025-01-21 22:53:07,,Delivered,3
ORD003201,2025-01-27 12:23:22,MDB120,maduboom 120 ml,23000,Zaza Rijo,8800762095,Indramayu,2025-01-27 14:52:22,2025-01-29 05:52:22,2025-02-01 05:52:22,Returned,2
ORD003202,2025-02-20 10:47:42,MDB120,maduboom 120 ml,23000,Titi Nomo Sali,8774685462,Boyolali,2025-02-20 12:19:42,2025-02-21 19:19:42,,On Delivery,1
ORD003203,2025-02-16 12:36:38,VTMMD60,vitaman madu 60 ml,50000,Baza Safa,8412692514,Lombok Timur,2025-02-16 13:15:38,2025-02-17 12:15:38,,Delivered,3
ORD003204,2025-01-11 03:06:50,VTM60,vitaman 60 ml,30000,Jofa Nari Tili,8363218509,Situbondo,2025-01-11 05:30:50,2025-01-12 08:30:50,2025-01-16 08:30:50,Returned,3
ORD003205,2025-01-02 16:41:21,MDB200,maduboom 200 ml,32000,Fadi Diti Misa,8300227701,Pekanbaru,2025-01-02 18:07:21,2025-01-04 16:07:21,,On Delivery,3
ORD003206,2025-01-03 18:12:06,VTMMD60,vitaman madu 60 ml,50000,Kano Tidi,8320475863,Pekanbaru,2025-01-03 18:49:06,2025-01-04 18:49:06,,Processed,1
ORD003207,2025-01-18 11:10:18,MDB120,maduboom 120 ml,23000,Tisa Mika Diba,8398138398,Semarang,2025-01-18 13:38:18,2025-01-19 15:38:18,,Delivered,1
ORD003208,2025-01-06 15:02:07,JDM,jelly drink madu,20000,Basa Dimo,8234143578,Palangkaraya,2025-01-06 18:01:07,2025-01-07 04:01:07,,Delivered,3
ORD003209,2025-02-27 07:12:26,VTMMD60,vitaman madu 60 ml,50000,Disa Dina Kati,8940697187,Gianyar,2025-02-27 08:58:26,2025-02-28 20:58:26,,Delivered,3
ORD003210,2025-01-15 01:48:44,VTMMD60,vitaman madu 60 ml,50000,Kati Lina,8993492016,Palangkaraya,2025-01-15 03:17:44,2025-01-16 16:17:44,,Delivered,2
ORD003211,2025-01-09 13:38:01,VTMMD60,vitaman madu 60 ml,50000,Bano Nomo,8934477212,Indramayu,2025-01-09 15:01:01,2025-01-10 19:01:01,,Processed,1
ORD003212,2025-02-18 17:30:49,MDB120,maduboom 120 ml,23000,Lijo Jora Mijo,8776620405,Padang,2025-02-18 19:41:49,2025-02-20 10:41:49,,Delivered,3
ORD003213,2025-01-25 09:34:42,VTM60,vitaman 60 ml,30000,Naba Saza Lifa,8238312477,Sidoarjo,2025-01-25 10:58:42,2025-01-26 03:58:42,,Processed,2
ORD003214,2025-02-21 08:14:11,MDB200,maduboom 200 ml,32000,Nami Noba,8298096674,Lombok Barat,2025-02-21 09:54:11,2025-02-22 17:54:11,,Delivered,2
ORD003215,2025-01-29 01:54:00,JDM,jelly drink madu,20000,Zara Liba,8828531388,Jambi,2025-01-29 03:41:00,2025-01-30 17:41:00,,Delivered,1
ORD003216,2025-02-10 01:23:33,MDB200,maduboom 200 ml,32000,Diba Namo,8508148636,Ambon,2025-02-10 02:51:33,2025-02-11 21:51:33,,On Delivery,2
ORD003217,2025-02-03 09:03:07,MDB120,maduboom 120 ml,23000,Rijo Ridi,8328655278,Sukabumi,2025-02-03 10:12:07,2025-02-04 18:12:07,,On Delivery,2
ORD003218,2025-02-24 13:40:00,VTM60,vitaman 60 ml,30000,Dino Saba,8735877095,Karawang,2025-02-24 15:00:00,2025-02-26 06:00:00,,Delivered,1
ORD003219,2025-01-08 12:14:35,JDM,jelly drink madu,20000,Sara Didi,8327635886,Balikpapan,2025-01-08 13:05:35,2025-01-10 08:05:35,,On Delivery,2
ORD003220,2025-01-11 05:23:16,VTM60,vitaman 60 ml,30000,Jori Joba Diti,8941447239,Yogyakarta,2025-01-11 07:58:16,2025-01-12 04:58:16,,Processed,1
ORD003221,2025-02-05 13:55:08,MDB120,maduboom 120 ml,23000,Mora Dira Mino,8468999689,Tabanan,2025-02-05 16:38:08,2025-02-07 06:38:08,,Delivered,2
ORD003222,2025-02-09 20:21:01,VTM60,vitaman 60 ml,30000,Fafa Nadi,8748901388,Bandar Lampung,2025-02-09 20:53:01,2025-02-11 07:53:01,,Delivered,1
ORD003223,2025-02-01 14:27:20,VTMMD60,vitaman madu 60 ml,50000,Zami Jojo Liba,8224839323,Depok,2025-02-01 16:47:20,2025-02-03 03:47:20,,Processed,3
ORD003224,2025-01-15 16:38:24,VTM60,vitaman 60 ml,30000,Nasa Jori,8113703264,Bengkulu,2025-01-15 17:49:24,2025-01-15 23:49:24,,Delivered,3
ORD003225,2025-02-21 16:08:18,VTM60,vitaman 60 ml,30000,Lika Nadi,8150192244,Gorontalo,2025-02-21 17:59:18,2025-02-22 16:59:18,,Processed,2
ORD003226,2025-02-12 16:00:12,VTMMD60,vitaman madu 60 ml,50000,Mimo Mora,8219501801,Blitar,2025-02-12 17:14:12,2025-02-13 22:14:12,,Delivered,1
ORD003227,2025-02-24 13:22:09,VTM60,vitaman 60 ml,30000,Raka Liza Sana,8851210321,Samarinda,2025-02-24 15:17:09,2025-02-25 03:17:09,,Delivered,1
ORD003228,2025-02-18 21:48:56,VTM60,vitaman 60 ml,30000,Tidi Zari Rino,8556451943,Kudus,2025-02-18 22:29:56,2025-02-20 03:29:56,,Processed,1
ORD003229,2025-01-14 18:50:01,VTMMD60,vitaman madu 60 ml,50000,Miba Rifa,8338175370,Singkawang,2025-01-14 21:23:01,2025-01-15 19:23:01,,Delivered,3
ORD003230,2025-01-16 21:08:29,VTMMD60,vitaman madu 60 ml,50000,Kali Zasa,8274614742,Subang,2025-01-16 22:20:29,2025-01-18 03:20:29,,Processed,3
ORD003231,2025-01-16 10:44:21,VTMMD60,vitaman madu 60 ml,50000,Sasa Jomo Sali,8976449862,Ternate,2025-01-16 11:56:21,2025-01-17 22:56:21,,Processed,2
ORD003232,2025-02-06 11:35:46,JDM,jelly drink madu,20000,Moka Jomi Mino,8175026217,Makassar,2025-02-06 12:52:46,2025-02-08 06:52:46,,Delivered,2
ORD003233,2025-02-17 01:48:06,JDM,jelly drink madu,20000,Fati Jomo,8775723518,Serang,2025-02-17 03:14:06,2025-02-17 12:14:06,,Processed,2
ORD003234,2025-02-08 11:17:06,MDB120,maduboom 120 ml,23000,Bajo Noba,8698145400,Madiun,2025-02-08 12:50:06,2025-02-09 19:50:06,,On Delivery,2
ORD003235,2025-02-01 06:26:36,MDB120,maduboom 120 ml,23000,Sajo Rati Zasa,8978414357,Kupang,2025-02-01 07:54:36,2025-02-02 01:54:36,,Processed,1
ORD003236,2025-02-16 02:04:44,JDM,jelly drink madu,20000,Tifa Nosa,8877935903,Kendari,2025-02-16 02:56:44,2025-02-16 23:56:44,,On Delivery,1
ORD003237,2025-01-28 11:08:54,MDB120,maduboom 120 ml,23000,Rino Namo,8932314623,Pekanbaru,2025-01-28 13:06:54,2025-01-29 19:06:54,,Delivered,3
ORD003238,2025-02-11 22:08:22,VTM60,vitaman 60 ml,30000,Raba Bara,8541487456,Blitar,2025-02-11 23:17:22,2025-02-12 19:17:22,2025-02-17 19:17:22,Returned,3
ORD003239,2025-01-15 11:01:34,MDB200,maduboom 200 ml,32000,Noka Fajo Fano,8235168569,Medan,2025-01-15 12:20:34,2025-01-16 18:20:34,,Delivered,2
ORD003240,2025-01-18 17:15:11,VTMMD60,vitaman madu 60 ml,50000,Moli Tijo,8182660011,Boyolali,2025-01-18 18:15:11,2025-01-20 16:15:11,,Delivered,2
ORD003241,2025-02-09 12:21:38,MDB120,maduboom 120 ml,23000,Rika Mori,8576491618,Bengkulu,2025-02-09 13:26:38,2025-02-10 13:26:38,,Processed,3
ORD003242,2025-02-09 15:07:59,VTM60,vitaman 60 ml,30000,Joli Tidi Dika,8596743489,Samarinda,2025-02-09 17:24:59,2025-02-10 11:24:59,,Processed,3
ORD003243,2025-01-28 15:45:42,VTMMD60,vitaman madu 60 ml,50000,Tino Saka,8226285385,Malang,2025-01-28 17:44:42,2025-01-29 20:44:42,,On Delivery,1
ORD003244,2025-01-19 21:31:15,MDB120,maduboom 120 ml,23000,Jomi Nami,8279785001,Palu,2025-01-19 23:52:15,2025-01-20 12:52:15,,On Delivery,1
ORD003245,2025-01-08 21:55:31,JDM,jelly drink madu,20000,Badi Lili Safa,8939452665,Manado,2025-01-09 00:24:31,2025-01-09 06:24:31,,Delivered,2
ORD003246,2025-02-24 11:59:00,MDB120,maduboom 120 ml,23000,Zami Rafa,8504024368,Bandung,2025-02-24 12:39:00,2025-02-25 04:39:00,,On Delivery,2
ORD003247,2025-02-08 15:26:56,MDB120,maduboom 120 ml,23000,Momo Diri,8443532631,Balikpapan,2025-02-08 15:57:56,2025-02-10 14:57:56,,On Delivery,1
ORD003248,2025-01-08 06:04:29,VTM60,vitaman 60 ml,30000,Nana Moti,8249946600,Badung,2025-01-08 06:43:29,2025-01-08 11:43:29,,On Delivery,3
ORD003249,2025-01-07 17:36:09,JDM,jelly drink madu,20000,Rano Nati,8637774267,Lombok Barat,2025-01-07 20:26:09,2025-01-09 18:26:09,,On Delivery,3
ORD003250,2025-01-16 14:41:05,MDB200,maduboom 200 ml,32000,Liti Momo,8441938345,Tuban,2025-01-16 16:14:05,2025-01-17 10:14:05,,Delivered,3
ORD003251,2025-01-26 20:33:13,MDB120,maduboom 120 ml,23000,Zamo Bamo,8920477052,Padang,2025-01-26 23:33:13,2025-01-27 10:33:13,,Delivered,2
ORD003252,2025-01-07 02:38:42,VTMMD60,vitaman madu 60 ml,50000,Fati Rasa,8449377284,Mataram,2025-01-07 03:52:42,2025-01-07 10:52:42,,Processed,1
ORD003253,2025-01-11 03:12:09,MDB200,maduboom 200 ml,32000,Rari Kali,8366652085,Singkawang,2025-01-11 06:05:09,2025-01-12 18:05:09,,Processed,1
ORD003254,2025-02-25 18:52:37,VTM60,vitaman 60 ml,30000,Rijo Miri Basa,8790163043,Gianyar,2025-02-25 20:26:37,2025-02-27 01:26:37,,Processed,2
ORD003255,2025-02-06 13:34:11,VTMMD60,vitaman madu 60 ml,50000,Nana Lili Rili,8114194938,Ternate,2025-02-06 15:50:11,2025-02-07 18:50:11,,On Delivery,3
ORD003256,2025-01-13 21:41:26,MDB200,maduboom 200 ml,32000,Kasa Fana,8370032839,Karawang,2025-01-14 00:10:26,2025-01-15 05:10:26,,On Delivery,1
ORD003257,2025-02-05 10:29:51,VTMMD60,vitaman madu 60 ml,50000,Tili Fajo Dijo,8834551320,Jembrana,2025-02-05 11:06:51,2025-02-06 10:06:51,,Delivered,1
ORD003258,2025-01-02 13:38:17,VTM60,vitaman 60 ml,30000,Sali Nojo Lira,8860895860,Subang,2025-01-02 14:44:17,2025-01-02 21:44:17,,Processed,1
ORD003259,2025-02-17 10:19:38,JDM,jelly drink madu,20000,Diti Safa Mimi,8652729263,Batu,2025-02-17 12:07:38,2025-02-18 21:07:38,,Delivered,2
ORD003260,2025-02-02 23:33:56,VTMMD60,vitaman madu 60 ml,50000,Nami Bajo Difa,8982965523,Ponorogo,2025-02-03 01:31:56,2025-02-04 19:31:56,,Processed,1
ORD003261,2025-02-23 10:01:34,MDB200,maduboom 200 ml,32000,Kami Najo,8383889819,Banjarmasin,2025-02-23 11:58:34,2025-02-23 18:58:34,,On Delivery,2
ORD003262,2025-02-05 19:28:27,MDB200,maduboom 200 ml,32000,Jora Josa Rati,8998858538,Lombok Timur,2025-02-05 20:54:27,2025-02-07 03:54:27,,Processed,1
ORD003263,2025-01-21 08:51:43,VTM60,vitaman 60 ml,30000,Midi Bafa,8494654855,Yogyakarta,2025-01-21 10:52:43,2025-01-22 22:52:43,,Delivered,3
ORD003264,2025-01-18 02:55:19,VTMMD60,vitaman madu 60 ml,50000,Naza Lina,8222368299,Boyolali,2025-01-18 04:15:19,2025-01-20 03:15:19,,Processed,1
ORD003265,2025-01-20 04:54:20,VTM60,vitaman 60 ml,30000,Nara Mira,8983543085,Padang,2025-01-20 05:30:20,2025-01-21 21:30:20,,On Delivery,2
ORD003266,2025-02-03 23:54:56,VTM60,vitaman 60 ml,30000,Dira Tina Fana,8146272639,Tasikmalaya,2025-02-04 01:42:56,2025-02-05 07:42:56,,On Delivery,2
ORD003267,2025-01-24 02:56:36,VTM60,vitaman 60 ml,30000,Rasa Mina,8979218497,Singkawang,2025-01-24 04:36:36,2025-01-25 15:36:36,,Delivered,3
ORD003268,2025-01-27 08:15:10,MDB200,maduboom 200 ml,32000,Faka Riba,8293552988,Ende,2025-01-27 09:20:10,2025-01-27 19:20:10,2025-01-30 19:20:10,Returned,2
ORD003269,2025-02-06 21:31:57,JDM,jelly drink madu,20000,Bara Moli,8797993438,Gianyar,2025-02-06 23:57:57,2025-02-08 05:57:57,,Delivered,2
ORD003270,2025-01-06 08:59:34,VTMMD60,vitaman madu 60 ml,50000,Miti Disa,8666133345,Ngawi,2025-01-06 09:49:34,2025-01-07 22:49:34,2025-01-14 22:49:34,Returned,1
ORD003271,2025-02-04 18:03:22,MDB200,maduboom 200 ml,32000,Mona Fadi Moza,8169447059,Larantuka,2025-02-04 18:49:22,2025-02-05 09:49:22,,On Delivery,1
ORD003272,2025-01-07 16:18:56,JDM,jelly drink madu,20000,Mifa Saka,8605389100,Jakarta,2025-01-07 18:49:56,2025-01-09 16:49:56,,Processed,1
ORD003273,2025-02-06 12:57:28,VTM60,vitaman 60 ml,30000,Famo Misa Zali,8762096724,Tabanan,2025-02-06 15:03:28,2025-02-08 02:03:28,,Processed,3
ORD003274,2025-02-23 12:34:56,JDM,jelly drink madu,20000,Mojo Noli,8665312138,Jambi,2025-02-23 13:31:56,2025-02-24 05:31:56,,Processed,3
ORD003275,2025-02-22 08:53:25,MDB200,maduboom 200 ml,32000,Jomo Jora,8883633434,Cianjur,2025-02-22 11:07:25,2025-02-22 21:07:25,,Delivered,2
ORD003276,2025-01-11 02:27:24,VTM60,vitaman 60 ml,30000,Bali Rimi Kaka,8913681163,Sukabumi,2025-01-11 04:29:24,2025-01-11 18:29:24,,Delivered,1
ORD003277,2025-01-29 11:50:59,MDB200,maduboom 200 ml,32000,Lino Nadi Fati,8854841293,Lamongan,2025-01-29 13:39:59,2025-01-30 09:39:59,,Processed,1
ORD003278,2025-02-06 06:04:54,MDB120,maduboom 120 ml,23000,Sajo Bajo,8317311613,Maumere,2025-02-06 07:46:54,2025-02-07 12:46:54,,On Delivery,2
ORD003279,2025-01-01 17:06:40,MDB200,maduboom 200 ml,32000,Limi Nona Fari,8679940664,Kupang,2025-01-01 17:54:40,2025-01-03 05:54:40,,On Delivery,2
ORD003280,2025-01-01 11:05:03,MDB120,maduboom 120 ml,23000,Diri Zamo Kaza,8841989794,Sukabumi,2025-01-01 13:13:03,2025-01-01 18:13:03,,On Delivery,2
ORD003281,2025-01-25 02:19:10,MDB120,maduboom 120 ml,23000,Kami Nono,8826424874,Bojonegoro,2025-01-25 03:14:10,2025-01-27 01:14:10,,Processed,2
ORD003282,2025-01-08 11:59:01,VTMMD60,vitaman madu 60 ml,50000,Liri Namo Nora,8548559056,Makassar,2025-01-08 13:19:01,2025-01-08 21:19:01,,Processed,3
ORD003283,2025-01-03 20:35:15,VTM60,vitaman 60 ml,30000,Difa Tili Fana,8245878320,Depok,2025-01-03 22:10:15,2025-01-05 15:10:15,,Processed,3
ORD003284,2025-01-02 21:25:01,JDM,jelly drink madu,20000,Risa Joza,8320121114,Palangkaraya,2025-01-02 23:47:01,2025-01-03 16:47:01,,Processed,1
ORD003285,2025-01-10 02:18:47,VTM60,vitaman 60 ml,30000,Josa Zafa,8609561876,Sorong,2025-01-10 02:54:47,2025-01-10 19:54:47,,Delivered,2
ORD003286,2025-02-15 03:36:50,VTM60,vitaman 60 ml,30000,Sano Tiri,8447701777,Jayapura,2025-02-15 06:00:50,2025-02-15 15:00:50,,On Delivery,2
ORD003287,2025-01-23 04:24:24,MDB120,maduboom 120 ml,23000,Lifa Didi,8369869649,Bogor,2025-01-23 05:57:24,2025-01-24 14:57:24,,On Delivery,3
ORD003288,2025-01-18 19:06:00,MDB120,maduboom 120 ml,23000,Timo Didi Diri,8244320316,Gorontalo,2025-01-18 20:16:00,2025-01-20 15:16:00,,On Delivery,3
ORD003289,2025-01-19 09:32:35,VTMMD60,vitaman madu 60 ml,50000,Zara Zara Zadi,8352103398,Ende,2025-01-19 10:59:35,2025-01-20 19:59:35,,Processed,1
ORD003290,2025-01-01 16:15:53,VTMMD60,vitaman madu 60 ml,50000,Badi Zaza Zajo,8374272362,Ternate,2025-01-01 18:44:53,2025-01-02 22:44:53,,Processed,1
ORD003291,2025-02-22 17:48:38,MDB120,maduboom 120 ml,23000,Kafa Rimo Jojo,8606141748,Surabaya,2025-02-22 18:26:38,2025-02-24 10:26:38,,Processed,2
ORD003292,2025-02-22 09:40:10,VTM60,vitaman 60 ml,30000,Mira Rali,8475952142,Bogor,2025-02-22 10:21:10,2025-02-24 03:21:10,,Processed,2
ORD003293,2025-01-12 12:17:54,VTM60,vitaman 60 ml,30000,Safa Fara,8106440104,Pasuruan,2025-01-12 14:21:54,2025-01-14 14:21:54,2025-01-16 14:21:54,Returned,3
ORD003294,2025-01-02 20:04:49,MDB120,maduboom 120 ml,23000,Dika Moka Riti,8668256894,Gresik,2025-01-02 22:13:49,2025-01-04 02:13:49,,Delivered,3
ORD003295,2025-02-06 00:59:37,VTM60,vitaman 60 ml,30000,Jomi Tika,8574818952,Depok,2025-02-06 02:02:37,2025-02-06 07:02:37,,On Delivery,3
ORD003296,2025-02-17 15:44:24,VTM60,vitaman 60 ml,30000,Tiza Lifa Noli,8135316738,Tasikmalaya,2025-02-17 16:35:24,2025-02-19 10:35:24,,Processed,2
ORD003297,2025-02-27 18:09:32,VTMMD60,vitaman madu 60 ml,50000,Ridi Modi Dika,8233378357,Tabanan,2025-02-27 18:42:32,2025-03-01 04:42:32,,On Delivery,3
ORD003298,2025-01-13 19:22:44,VTMMD60,vitaman madu 60 ml,50000,Mimi Zadi Jojo,8489756493,Blitar,2025-01-13 20:43:44,2025-01-14 23:43:44,,Processed,3
ORD003299,2025-01-28 17:05:02,JDM,jelly drink madu,20000,Raba Saza Bajo,8158617333,Pekanbaru,2025-01-28 17:52:02,2025-01-30 15:52:02,2025-02-04 15:52:02,Returned,1
ORD003300,2025-02-06 17:57:41,MDB200,maduboom 200 ml,32000,Diti Kali,8277154342,Medan,2025-02-06 19:24:41,2025-02-07 16:24:41,,Processed,1
ORD003301,2025-02-27 15:07:58,JDM,jelly drink madu,20000,Rari Mifa,8857788783,Tegal,2025-02-27 17:37:58,2025-02-28 05:37:58,,Processed,2
ORD003302,2025-02-10 08:55:54,MDB120,maduboom 120 ml,23000,Kati Noli Rasa,8862244635,Makassar,2025-02-10 11:29:54,2025-02-11 11:29:54,,Processed,1
ORD003303,2025-02-20 09:06:29,VTM60,vitaman 60 ml,30000,Dimi Raka,8191512332,Badung,2025-02-20 10:30:29,2025-02-21 14:30:29,,On Delivery,3
ORD003304,2025-02-18 07:02:35,VTM60,vitaman 60 ml,30000,Faka Timi,8204433799,Sorong,2025-02-18 08:56:35,2025-02-20 02:56:35,,On Delivery,3
ORD003305,2025-02-21 04:40:29,MDB200,maduboom 200 ml,32000,Momo Liza,8267944413,Kudus,2025-02-21 05:31:29,2025-02-22 09:31:29,,Processed,1
ORD003306,2025-01-16 01:49:45,MDB200,maduboom 200 ml,32000,Mina Modi,8138958236,Larantuka,2025-01-16 03:51:45,2025-01-16 11:51:45,,Processed,3
ORD003307,2025-02-24 05:12:18,VTMMD60,vitaman madu 60 ml,50000,Nami Nosa Tidi,8679271913,Tegal,2025-02-24 07:23:18,2025-02-26 05:23:18,,On Delivery,1
ORD003308,2025-01-07 03:56:07,MDB120,maduboom 120 ml,23000,Bara Miti Famo,8394611397,Pasuruan,2025-01-07 06:43:07,2025-01-09 05:43:07,,Processed,1
ORD003309,2025-01-25 18:36:30,JDM,jelly drink madu,20000,Rili Nora Kafa,8280478575,Situbondo,2025-01-25 19:21:30,2025-01-26 08:21:30,2025-02-01 08:21:30,Returned,3
ORD003310,2025-01-17 21:39:54,MDB200,maduboom 200 ml,32000,Rati Bamo,8305752397,Purwakarta,2025-01-18 00:09:54,2025-01-19 07:09:54,,Processed,3
ORD003311,2025-01-06 03:48:27,JDM,jelly drink madu,20000,Zaza Kamo Zajo,8297205899,Cianjur,2025-01-06 06:43:27,2025-01-07 05:43:27,,Delivered,2
ORD003312,2025-01-28 17:59:58,JDM,jelly drink madu,20000,Rano Bafa,8485097661,Maumere,2025-01-28 20:08:58,2025-01-30 05:08:58,,Delivered,1
ORD003313,2025-01-17 22:00:13,JDM,jelly drink madu,20000,Mifa Mona,8824154583,Gianyar,2025-01-18 00:09:13,2025-01-18 23:09:13,,Delivered,3
ORD003314,2025-02-21 03:03:40,VTM60,vitaman 60 ml,30000,Zara Zano,8549513016,Yogyakarta,2025-02-21 05:13:40,2025-02-22 21:13:40,,Delivered,1
ORD003315,2025-01-15 07:19:26,VTM60,vitaman 60 ml,30000,Midi Liti Lifa,8302543155,Tangerang,2025-01-15 07:51:26,2025-01-16 10:51:26,,Processed,2
ORD003316,2025-01-15 13:18:00,MDB120,maduboom 120 ml,23000,Diza Faba,8724032066,Malang,2025-01-15 15:52:00,2025-01-17 15:52:00,,Delivered,2
ORD003317,2025-02-17 05:47:57,VTMMD60,vitaman madu 60 ml,50000,Mina Zaka Basa,8690668895,Tangerang,2025-02-17 06:50:57,2025-02-17 11:50:57,,Processed,3
ORD003318,2025-01-26 12:43:26,MDB200,maduboom 200 ml,32000,Diri Kadi,8330695070,Ambon,2025-01-26 13:45:26,2025-01-28 10:45:26,,Processed,1
ORD003319,2025-01-06 03:19:28,VTMMD60,vitaman madu 60 ml,50000,Raza Raza Moka,8215327341,Cirebon,2025-01-06 06:13:28,2025-01-06 21:13:28,,Delivered,1
ORD003320,2025-02-10 20:34:00,MDB120,maduboom 120 ml,23000,Nafa Difa,8545174078,Jembrana,2025-02-10 21:40:00,2025-02-11 23:40:00,,Processed,2
ORD003321,2025-02-10 08:33:01,MDB200,maduboom 200 ml,32000,Risa Bari,8142466198,Cianjur,2025-02-10 11:24:01,2025-02-10 17:24:01,,Processed,2
ORD003322,2025-01-10 03:17:58,MDB120,maduboom 120 ml,23000,Sami Lidi,8886730272,Surabaya,2025-01-10 04:58:58,2025-01-10 15:58:58,,On Delivery,3
ORD003323,2025-01-14 06:37:31,MDB120,maduboom 120 ml,23000,Misa Nodi Tidi,8544603408,Cirebon,2025-01-14 07:55:31,2025-01-16 04:55:31,,On Delivery,2
ORD003324,2025-01-05 06:56:48,VTMMD60,vitaman madu 60 ml,50000,Noza Rajo,8374533509,Samarinda,2025-01-05 08:51:48,2025-01-05 22:51:48,,On Delivery,3
ORD003325,2025-02-26 05:45:43,JDM,jelly drink madu,20000,Nami Mimo,8826864318,Banjarmasin,2025-02-26 07:59:43,2025-02-28 01:59:43,2025-03-04 01:59:43,Returned,3
ORD003326,2025-01-02 20:38:07,MDB120,maduboom 120 ml,23000,Risa Sajo,8317576429,Jembrana,2025-01-02 21:45:07,2025-01-04 10:45:07,,Delivered,1
ORD003327,2025-01-04 01:38:05,VTMMD60,vitaman madu 60 ml,50000,Rika Jori Zamo,8267600685,Tuban,2025-01-04 04:02:05,2025-01-05 08:02:05,,Delivered,3
ORD003328,2025-01-26 02:49:51,VTMMD60,vitaman madu 60 ml,50000,Bajo Tisa Momi,8166943684,Purwokerto,2025-01-26 03:22:51,2025-01-26 11:22:51,,Delivered,1
ORD003329,2025-01-11 21:08:37,MDB120,maduboom 120 ml,23000,Timo Noti Tina,8351863952,Cianjur,2025-01-11 22:15:37,2025-01-12 18:15:37,,Processed,1
ORD003330,2025-02-05 00:17:39,VTMMD60,vitaman madu 60 ml,50000,Jora Tiba Zali,8895606790,Badung,2025-02-05 01:18:39,2025-02-06 23:18:39,,On Delivery,3
ORD003331,2025-01-19 02:59:47,JDM,jelly drink madu,20000,Nami Mijo Fajo,8108864569,Palu,2025-01-19 03:51:47,2025-01-21 03:51:47,,On Delivery,1
ORD003332,2025-02-06 22:04:06,JDM,jelly drink madu,20000,Bajo Riri Naza,8491588917,Banjarbaru,2025-02-07 00:57:06,2025-02-07 19:57:06,,Delivered,2
ORD003333,2025-01-13 06:08:04,MDB200,maduboom 200 ml,32000,Bati Sajo Joti,8744879977,Depok,2025-01-13 08:29:04,2025-01-14 03:29:04,,On Delivery,2
ORD003334,2025-01-09 15:43:27,MDB120,maduboom 120 ml,23000,Zali Naba Namo,8398992564,Karangasem,2025-01-09 18:30:27,2025-01-10 05:30:27,,Delivered,1
ORD003335,2025-02-05 14:59:10,VTMMD60,vitaman madu 60 ml,50000,Fano Najo,8214164218,Tuban,2025-02-05 16:47:10,2025-02-05 21:47:10,,Delivered,2
ORD003336,2025-02-14 22:33:50,JDM,jelly drink madu,20000,Miti Lidi,8481818122,Maumere,2025-02-15 00:42:50,2025-02-15 08:42:50,,On Delivery,2
ORD003337,2025-01-19 23:38:43,VTMMD60,vitaman madu 60 ml,50000,Mijo Lino Najo,8747883796,Malang,2025-01-20 02:22:43,2025-01-21 08:22:43,,Processed,2
ORD003338,2025-02-24 02:36:30,MDB200,maduboom 200 ml,32000,Kamo Baba Fajo,8174240083,Jayapura,2025-02-24 04:50:30,2025-02-25 18:50:30,,On Delivery,3
ORD003339,2025-02-13 03:56:11,VTMMD60,vitaman madu 60 ml,50000,Dira Rika,8679473210,Sumedang,2025-02-13 06:34:11,2025-02-13 11:34:11,,Delivered,1
ORD003340,2025-02-06 18:10:43,MDB120,maduboom 120 ml,23000,Saza Dijo,8879194772,Surabaya,2025-02-06 19:20:43,2025-02-08 15:20:43,,On Delivery,2
ORD003341,2025-02-13 22:14:49,JDM,jelly drink madu,20000,Lina Rali Nati,8610145589,Bengkulu,2025-02-13 22:57:49,2025-02-15 19:57:49,2025-02-17 19:57:49,Returned,3
ORD003342,2025-01-10 16:54:25,VTM60,vitaman 60 ml,30000,Mili Kafa,8743114870,Jayapura,2025-01-10 17:42:25,2025-01-12 02:42:25,,Delivered,1
ORD003343,2025-02-18 12:29:07,VTMMD60,vitaman madu 60 ml,50000,Nofa Sana,8104147176,Bojonegoro,2025-02-18 13:36:07,2025-02-19 12:36:07,,Processed,3
ORD003344,2025-01-25 14:00:49,MDB200,maduboom 200 ml,32000,Fajo Fasa Fasa,8226568872,Depok,2025-01-25 15:46:49,2025-01-26 01:46:49,,Delivered,2
ORD003345,2025-01-15 13:22:15,VTMMD60,vitaman madu 60 ml,50000,Sati Timi,8755414500,Situbondo,2025-01-15 15:27:15,2025-01-16 22:27:15,,Processed,3
ORD003346,2025-02-24 16:17:06,JDM,jelly drink madu,20000,Raka Liti,8501047065,Batu,2025-02-24 18:56:06,2025-02-25 11:56:06,2025-03-02 11:56:06,Returned,3
ORD003347,2025-01-15 19:17:06,MDB120,maduboom 120 ml,23000,Bari Zaza,8491207191,Gresik,2025-01-15 21:02:06,2025-01-17 03:02:06,,On Delivery,2
ORD003348,2025-02-19 21:39:15,MDB120,maduboom 120 ml,23000,Baza Mori Ridi,8982110613,Ende,2025-02-20 00:02:15,2025-02-21 06:02:15,,Delivered,1
ORD003349,2025-01-24 16:28:37,VTM60,vitaman 60 ml,30000,Jono Nara Dira,8944834063,Batu,2025-01-24 19:00:37,2025-01-26 09:00:37,,Delivered,3
ORD003350,2025-02-04 23:36:06,VTMMD60,vitaman madu 60 ml,50000,Badi Tiri,8177925155,Tegal,2025-02-05 01:31:06,2025-02-05 11:31:06,,Delivered,3
ORD003351,2025-02-18 02:41:12,JDM,jelly drink madu,20000,Saka Rasa,8641363253,Kendari,2025-02-18 03:54:12,2025-02-18 18:54:12,,Delivered,1
ORD003352,2025-02-13 13:00:24,MDB120,maduboom 120 ml,23000,Mora Lili,8812476937,Bangli,2025-02-13 15:20:24,2025-02-15 05:20:24,,Processed,1
ORD003353,2025-01-15 01:08:49,MDB120,maduboom 120 ml,23000,Nafa Nofa Najo,8914181292,Larantuka,2025-01-15 02:37:49,2025-01-15 19:37:49,,Delivered,1
ORD003354,2025-02-22 21:44:29,MDB200,maduboom 200 ml,32000,Modi Tiri,8542488778,Batam,2025-02-23 00:12:29,2025-02-24 14:12:29,,On Delivery,1
ORD003355,2025-01-19 09:09:30,MDB200,maduboom 200 ml,32000,Zami Rajo,8888613969,Kupang,2025-01-19 10:47:30,2025-01-21 00:47:30,,Delivered,2
ORD003356,2025-02-21 11:07:25,MDB120,maduboom 120 ml,23000,Noli Kamo Bajo,8285423299,Ponorogo,2025-02-21 11:52:25,2025-02-23 07:52:25,,Delivered,2
ORD003357,2025-01-15 18:32:33,MDB200,maduboom 200 ml,32000,Mino Zajo Joli,8976358120,Indramayu,2025-01-15 20:01:33,2025-01-16 03:01:33,,On Delivery,3
ORD003358,2025-01-22 23:51:52,MDB200,maduboom 200 ml,32000,Kaba Bajo Mili,8618231372,Tuban,2025-01-23 00:56:52,2025-01-24 09:56:52,,Delivered,2
ORD003359,2025-02-20 04:33:22,MDB200,maduboom 200 ml,32000,Rifa Zaka Mori,8297914493,Yogyakarta,2025-02-20 06:46:22,2025-02-21 17:46:22,,On Delivery,3
ORD003360,2025-02-15 19:03:29,MDB120,maduboom 120 ml,23000,Rati Zamo Jodi,8920996655,Bandar Lampung,2025-02-15 20:23:29,2025-02-16 10:23:29,,Processed,2
ORD003361,2025-01-22 17:58:11,VTM60,vitaman 60 ml,30000,Liza Rimi Mina,8433192913,Probolinggo,2025-01-22 20:20:11,2025-01-23 08:20:11,,Processed,3
ORD003362,2025-02-08 11:17:16,JDM,jelly drink madu,20000,Kaba Kari Joti,8396517681,Gresik,2025-02-08 11:49:16,2025-02-09 09:49:16,,Delivered,1
ORD003363,2025-02-26 18:47:09,JDM,jelly drink madu,20000,Zana Moli,8265135189,Surabaya,2025-02-26 19:32:09,2025-02-28 14:32:09,,Delivered,3
ORD003364,2025-02-08 13:05:12,VTM60,vitaman 60 ml,30000,Rifa Lifa,8101626354,Gresik,2025-02-08 14:35:12,2025-02-08 22:35:12,,Processed,2
ORD003365,2025-02-16 14:03:50,JDM,jelly drink madu,20000,Rira Dina Sano,8987022051,Blitar,2025-02-16 16:06:50,2025-02-18 01:06:50,,Processed,1
ORD003366,2025-02-21 02:45:24,VTMMD60,vitaman madu 60 ml,50000,Bamo Moli Nosa,8415227201,Situbondo,2025-02-21 03:15:24,2025-02-22 11:15:24,,Processed,3
ORD003367,2025-01-04 03:46:33,VTMMD60,vitaman madu 60 ml,50000,Tili Nasa Rano,8851884216,Badung,2025-01-04 05:45:33,2025-01-05 19:45:33,,On Delivery,2
ORD003368,2025-01-28 11:27:19,VTMMD60,vitaman madu 60 ml,50000,Rijo Nojo Miri,8867721653,Lamongan,2025-01-28 12:22:19,2025-01-29 11:22:19,,On Delivery,1
ORD003369,2025-02-22 15:38:41,VTMMD60,vitaman madu 60 ml,50000,Lijo Jomo,8504566591,Bogor,2025-02-22 17:35:41,2025-02-24 14:35:41,,On Delivery,1
ORD003370,2025-01-10 16:11:29,VTMMD60,vitaman madu 60 ml,50000,Zaba Zari Baba,8436611641,Padang,2025-01-10 18:40:29,2025-01-12 17:40:29,,On Delivery,1
ORD003371,2025-01-04 13:01:34,VTMMD60,vitaman madu 60 ml,50000,Dira Joli Sasa,8307043420,Kupang,2025-01-04 13:47:34,2025-01-06 06:47:34,,Delivered,2
ORD003372,2025-01-30 05:19:12,VTM60,vitaman 60 ml,30000,Joza Rali Rati,8334517844,Sukabumi,2025-01-30 06:47:12,2025-01-31 16:47:12,,Processed,3
ORD003373,2025-02-14 07:58:36,MDB120,maduboom 120 ml,23000,Basa Kajo,8766261497,Tabanan,2025-02-14 10:24:36,2025-02-14 21:24:36,,Processed,2
ORD003374,2025-02-16 01:08:20,VTM60,vitaman 60 ml,30000,Kara Tisa Joli,8792546584,Balikpapan,2025-02-16 03:15:20,2025-02-17 03:15:20,,On Delivery,2
ORD003375,2025-01-22 12:49:41,MDB200,maduboom 200 ml,32000,Badi Zaba Rara,8936647450,Kudus,2025-01-22 13:59:41,2025-01-23 01:59:41,,Processed,1
ORD003376,2025-02-15 09:43:47,MDB120,maduboom 120 ml,23000,Fano Lili Jona,8184596355,Balikpapan,2025-02-15 11:39:47,2025-02-17 04:39:47,,Delivered,2
ORD003377,2025-02-17 12:35:55,VTMMD60,vitaman madu 60 ml,50000,Rari Noti,8619942841,Jambi,2025-02-17 14:48:55,2025-02-17 19:48:55,,Delivered,1
ORD003378,2025-02-03 17:13:06,MDB120,maduboom 120 ml,23000,Dili Nasa Tina,8354995018,Lamongan,2025-02-03 18:44:06,2025-02-03 23:44:06,,Delivered,2
ORD003379,2025-02-17 13:18:47,MDB120,maduboom 120 ml,23000,Nari Nodi,8907374275,Ende,2025-02-17 13:48:47,2025-02-17 20:48:47,,Delivered,1
ORD003380,2025-02-20 00:38:05,JDM,jelly drink madu,20000,Timi Mori Sami,8728406873,Bandung,2025-02-20 01:33:05,2025-02-21 23:33:05,,Delivered,3
ORD003381,2025-01-20 21:54:45,MDB120,maduboom 120 ml,23000,Diza Bano,8849586740,Lombok Timur,2025-01-20 22:55:45,2025-01-21 13:55:45,,On Delivery,1
ORD003382,2025-01-03 22:41:55,VTM60,vitaman 60 ml,30000,Namo Bamo,8948111570,Bengkulu,2025-01-04 01:35:55,2025-01-04 13:35:55,,On Delivery,2
ORD003383,2025-01-24 22:35:08,JDM,jelly drink madu,20000,Momo Mona Zadi,8365313312,Singaraja,2025-01-24 23:17:08,2025-01-25 12:17:08,,Delivered,3
ORD003384,2025-01-29 15:17:57,MDB200,maduboom 200 ml,32000,Kami Fadi,8390855781,Boyolali,2025-01-29 18:02:57,2025-01-31 00:02:57,,Delivered,1
ORD003385,2025-01-13 14:59:56,MDB200,maduboom 200 ml,32000,Zamo Jono,8955421719,Makassar,2025-01-13 15:52:56,2025-01-14 15:52:56,,On Delivery,1
ORD003386,2025-02-17 09:54:19,JDM,jelly drink madu,20000,Misa Raba Bamo,8670303878,Palu,2025-02-17 11:03:19,2025-02-17 17:03:19,,On Delivery,3
ORD003387,2025-02-01 01:08:28,MDB200,maduboom 200 ml,32000,Raza Rika,8634584664,Singaraja,2025-02-01 03:52:28,2025-02-01 20:52:28,,Processed,2
ORD003388,2025-01-25 05:59:57,VTM60,vitaman 60 ml,30000,Zano Rajo,8238636084,Tuban,2025-01-25 07:32:57,2025-01-25 13:32:57,,Processed,1
ORD003389,2025-01-17 23:28:25,VTMMD60,vitaman madu 60 ml,50000,Zaza Radi Kaza,8619064586,Subang,2025-01-18 01:36:25,2025-01-18 06:36:25,,Processed,1
ORD003390,2025-02-02 14:31:20,JDM,jelly drink madu,20000,Limo Disa Jomo,8561143687,Serang,2025-02-02 17:08:20,2025-02-03 06:08:20,,Delivered,3
ORD003391,2025-01-14 19:10:26,MDB120,maduboom 120 ml,23000,Limo Tiri Momi,8108318897,Badung,2025-01-14 21:54:26,2025-01-15 22:54:26,,On Delivery,2
ORD003392,2025-01-07 11:06:38,VTMMD60,vitaman madu 60 ml,50000,Fara Mimi,8715585760,Tabanan,2025-01-07 13:52:38,2025-01-07 21:52:38,,On Delivery,2
ORD003393,2025-02-15 22:37:57,VTM60,vitaman 60 ml,30000,Zajo Lidi,8542346665,Cianjur,2025-02-15 23:15:57,2025-02-17 02:15:57,,Delivered,1
ORD003394,2025-01-09 23:41:45,JDM,jelly drink madu,20000,Tiri Joti,8438979056,Pasuruan,2025-01-10 01:32:45,2025-01-11 01:32:45,,On Delivery,3
ORD003395,2025-02-13 08:49:54,MDB200,maduboom 200 ml,32000,Nora Fano,8945961132,Gresik,2025-02-13 10:47:54,2025-02-15 01:47:54,,Processed,1
ORD003396,2025-01-18 01:09:37,VTM60,vitaman 60 ml,30000,Zafa Bami Famo,8843115957,Batam,2025-01-18 02:27:37,2025-01-19 21:27:37,,Processed,2
ORD003397,2025-02-24 18:54:18,JDM,jelly drink madu,20000,Raba Tiri,8597458316,Karangasem,2025-02-24 20:25:18,2025-02-25 07:25:18,,On Delivery,2
ORD003398,2025-02-21 06:02:04,VTMMD60,vitaman madu 60 ml,50000,Kamo Miri,8558290681,Depok,2025-02-21 08:38:04,2025-02-21 21:38:04,,Delivered,2
ORD003399,2025-02-01 12:28:08,JDM,jelly drink madu,20000,Liti Dimo,8149867241,Sukabumi,2025-02-01 14:44:08,2025-02-03 08:44:08,,Delivered,2
ORD003400,2025-02-19 14:34:13,MDB120,maduboom 120 ml,23000,Mimo Sasa Basa,8768492680,Boyolali,2025-02-19 16:59:13,2025-02-20 13:59:13,,Delivered,1
ORD003401,2025-02-28 09:44:52,VTMMD60,vitaman madu 60 ml,50000,Joka Titi Sajo,8934289000,Jambi,2025-02-28 11:16:52,2025-02-28 18:16:52,,Processed,1
ORD003402,2025-01-23 19:07:51,VTM60,vitaman 60 ml,30000,Tifa Modi,8647549822,Kediri,2025-01-23 20:36:51,2025-01-24 18:36:51,,Processed,1
ORD003403,2025-01-26 01:07:41,MDB200,maduboom 200 ml,32000,Nomo Kaka,8736755534,Bojonegoro,2025-01-26 02:37:41,2025-01-27 21:37:41,,On Delivery,3
ORD003404,2025-01-14 11:09:53,MDB120,maduboom 120 ml,23000,Tijo Joka,8830683073,Garut,2025-01-14 12:54:53,2025-01-14 17:54:53,,Delivered,1
ORD003405,2025-01-29 11:05:47,JDM,jelly drink madu,20000,Tili Bamo,8159500443,Sorong,2025-01-29 13:12:47,2025-01-30 00:12:47,2025-02-01 00:12:47,Returned,1
ORD003406,2025-01-26 00:15:27,MDB200,maduboom 200 ml,32000,Kati Tifa,8920300649,Tegal,2025-01-26 02:28:27,2025-01-27 20:28:27,,Processed,2
ORD003407,2025-02-25 12:36:42,MDB200,maduboom 200 ml,32000,Raza Rali Kati,8627182310,Lamongan,2025-02-25 14:00:42,2025-02-26 05:00:42,,Processed,1
ORD003408,2025-02-04 03:21:04,VTM60,vitaman 60 ml,30000,Fajo Riri,8676237742,Tuban,2025-02-04 04:31:04,2025-02-05 08:31:04,2025-02-12 08:31:04,Returned,1
ORD003409,2025-02-02 18:09:38,VTMMD60,vitaman madu 60 ml,50000,Nami Sajo,8544811994,Lombok Timur,2025-02-02 20:03:38,2025-02-03 03:03:38,,On Delivery,2
ORD003410,2025-02-25 09:49:26,VTMMD60,vitaman madu 60 ml,50000,Mimo Mora,8222437285,Lombok Barat,2025-02-25 12:29:26,2025-02-26 10:29:26,,On Delivery,3
ORD003411,2025-01-13 18:49:02,JDM,jelly drink madu,20000,Dino Fano Kasa,8319766328,Larantuka,2025-01-13 20:27:02,2025-01-15 15:27:02,,Processed,3
ORD003412,2025-01-02 07:26:15,MDB120,maduboom 120 ml,23000,Jora Zaba,8909172630,Maumere,2025-01-02 08:45:15,2025-01-04 07:45:15,,Processed,2
ORD003413,2025-02-13 01:50:59,VTM60,vitaman 60 ml,30000,Rami Sadi Rimi,8996974527,Batu,2025-02-13 02:23:59,2025-02-13 18:23:59,,On Delivery,3
ORD003414,2025-01-27 00:27:31,MDB200,maduboom 200 ml,32000,Nafa Lijo,8750083100,Gianyar,2025-01-27 03:17:31,2025-01-28 17:17:31,,On Delivery,2
ORD003415,2025-02-11 03:34:22,MDB120,maduboom 120 ml,23000,Moza Tira,8685280828,Surabaya,2025-02-11 06:08:22,2025-02-12 16:08:22,,Processed,1
ORD003416,2025-01-14 04:25:17,MDB120,maduboom 120 ml,23000,Faka Joza Zamo,8922074767,Madiun,2025-01-14 05:37:17,2025-01-14 16:37:17,,Delivered,1
ORD003417,2025-02-14 04:26:26,MDB200,maduboom 200 ml,32000,Limo Lira Riba,8840819394,Tasikmalaya,2025-02-14 06:48:26,2025-02-16 04:48:26,,Delivered,2
ORD003418,2025-01-20 04:00:26,JDM,jelly drink madu,20000,Mifa Fasa,8983598896,Tangerang,2025-01-20 04:44:26,2025-01-20 17:44:26,2025-01-27 17:44:26,Returned,3
ORD003419,2025-01-14 11:30:11,MDB120,maduboom 120 ml,23000,Timi Fajo Naka,8752165502,Bandung,2025-01-14 13:06:11,2025-01-16 03:06:11,,Processed,2
ORD003420,2025-01-09 04:31:17,MDB120,maduboom 120 ml,23000,Zaba Nona Kaka,8708799455,Banjarbaru,2025-01-09 06:00:17,2025-01-11 05:00:17,,Delivered,1
ORD003421,2025-02-12 08:24:32,MDB200,maduboom 200 ml,32000,Basa Kaza Joka,8213812929,Cirebon,2025-02-12 10:29:32,2025-02-14 02:29:32,,Processed,1
ORD003422,2025-01-17 20:31:37,VTMMD60,vitaman madu 60 ml,50000,Fana Jora,8647601547,Purwakarta,2025-01-17 22:21:37,2025-01-19 19:21:37,2025-01-21 19:21:37,Returned,3
ORD003423,2025-01-10 09:39:40,JDM,jelly drink madu,20000,Timi Raza Fati,8858861421,Jambi,2025-01-10 11:40:40,2025-01-11 17:40:40,,Delivered,1
ORD003424,2025-02-13 09:37:49,VTMMD60,vitaman madu 60 ml,50000,Nasa Nara,8899118659,Bandung,2025-02-13 11:46:49,2025-02-14 06:46:49,,On Delivery,2
ORD003425,2025-02-15 12:57:00,VTM60,vitaman 60 ml,30000,Nana Noba,8944529493,Jambi,2025-02-15 14:25:00,2025-02-16 12:25:00,,Delivered,1
ORD003426,2025-01-10 12:45:24,VTMMD60,vitaman madu 60 ml,50000,Zasa Ramo,8235183011,Banyuwangi,2025-01-10 13:59:24,2025-01-11 13:59:24,,Processed,3
ORD003427,2025-01-12 02:18:35,VTMMD60,vitaman madu 60 ml,50000,Nomo Bati,8996523497,Jombang,2025-01-12 03:30:35,2025-01-12 12:30:35,,Delivered,3
ORD003428,2025-02-02 05:31:26,VTMMD60,vitaman madu 60 ml,50000,Mika Baza,8993090907,Larantuka,2025-02-02 06:33:26,2025-02-03 13:33:26,,Processed,3
ORD003429,2025-01-21 20:39:44,MDB120,maduboom 120 ml,23000,Sano Riti Didi,8512790007,Tangerang,2025-01-21 21:50:44,2025-01-23 01:50:44,,Processed,1
ORD003430,2025-01-29 12:33:30,JDM,jelly drink madu,20000,Kaza Nomi Dina,8437164615,Surabaya,2025-01-29 13:35:30,2025-01-30 10:35:30,,On Delivery,1
ORD003431,2025-01-14 19:16:00,MDB120,maduboom 120 ml,23000,Fafa Moti Kano,8139200893,Yogyakarta,2025-01-14 21:30:00,2025-01-16 15:30:00,,On Delivery,2
ORD003432,2025-02-22 12:15:41,JDM,jelly drink madu,20000,Noti Nano Lijo,8618940967,Lombok Barat,2025-02-22 14:50:41,2025-02-24 11:50:41,,Processed,1
ORD003433,2025-01-20 00:17:04,MDB200,maduboom 200 ml,32000,Mosa Nono,8116829964,Gianyar,2025-01-20 03:06:04,2025-01-20 23:06:04,,On Delivery,2
ORD003434,2025-02-20 00:41:59,VTM60,vitaman 60 ml,30000,Liza Tifa Mimi,8984010956,Kendari,2025-02-20 01:41:59,2025-02-20 19:41:59,,Delivered,1
ORD003435,2025-02-04 11:52:55,JDM,jelly drink madu,20000,Sari Tisa Timo,8922077585,Jayapura,2025-02-04 13:46:55,2025-02-06 11:46:55,,Delivered,1
ORD003436,2025-01-26 05:19:58,VTM60,vitaman 60 ml,30000,Mofa Nari Tino,8109271031,Gianyar,2025-01-26 07:49:58,2025-01-27 14:49:58,,Processed,3
ORD003437,2025-01-17 16:34:09,MDB200,maduboom 200 ml,32000,Nona Zali,8933530335,Jambi,2025-01-17 18:45:09,2025-01-18 23:45:09,,On Delivery,2
ORD003438,2025-02-19 07:05:35,JDM,jelly drink madu,20000,Nali Jona Moza,8136960928,Malang,2025-02-19 10:03:35,2025-02-20 13:03:35,,On Delivery,1
ORD003439,2025-01-21 20:38:58,MDB200,maduboom 200 ml,32000,Sana Bajo,8414973372,Garut,2025-01-21 23:27:58,2025-01-23 17:27:58,,Delivered,3
ORD003440,2025-02-26 03:16:36,VTMMD60,vitaman madu 60 ml,50000,Zafa Nami Misa,8519411727,Palembang,2025-02-26 04:43:36,2025-02-27 06:43:36,,Delivered,3
ORD003441,2025-01-27 08:36:18,VTMMD60,vitaman madu 60 ml,50000,Diti Saba Noba,8221874337,Yogyakarta,2025-01-27 10:52:18,2025-01-28 02:52:18,,Processed,2
ORD003442,2025-02-06 06:07:56,MDB120,maduboom 120 ml,23000,Titi Nadi,8250269858,Surabaya,2025-02-06 07:57:56,2025-02-08 00:57:56,,Processed,2
ORD003443,2025-01-27 12:23:33,JDM,jelly drink madu,20000,Sana Zana,8498103180,Yogyakarta,2025-01-27 15:21:33,2025-01-28 21:21:33,,Processed,3
ORD003444,2025-02-12 10:35:13,MDB120,maduboom 120 ml,23000,Moti Joti,8192638634,Bojonegoro,2025-02-12 11:35:13,2025-02-14 06:35:13,,Processed,2
ORD003445,2025-02-26 19:16:40,VTMMD60,vitaman madu 60 ml,50000,Sara Riba Rina,8523907615,Gorontalo,2025-02-26 20:48:40,2025-02-28 02:48:40,2025-03-03 02:48:40,Returned,1
ORD003446,2025-02-16 09:11:58,VTM60,vitaman 60 ml,30000,Sari Mijo Nono,8303490785,Pasuruan,2025-02-16 10:56:58,2025-02-18 08:56:58,,On Delivery,3
ORD003447,2025-01-03 13:44:48,JDM,jelly drink madu,20000,Tino Liri,8451912270,Kupang,2025-01-03 15:04:48,2025-01-04 06:04:48,,Delivered,2
ORD003448,2025-01-30 22:54:41,MDB200,maduboom 200 ml,32000,Moba Joba,8133956037,Jayapura,2025-01-30 23:50:41,2025-01-31 14:50:41,,On Delivery,2
ORD003449,2025-01-28 05:33:09,MDB120,maduboom 120 ml,23000,Jomo Diri,8144035954,Semarang,2025-01-28 07:58:09,2025-01-29 16:58:09,,On Delivery,2
ORD003450,2025-01-23 18:36:01,JDM,jelly drink madu,20000,Tidi Saba,8517831664,Yogyakarta,2025-01-23 20:35:01,2025-01-25 04:35:01,,Processed,3
ORD003451,2025-01-31 11:05:12,VTM60,vitaman 60 ml,30000,Momi Lisa Kati,8405125178,Ende,2025-01-31 11:42:12,2025-02-01 06:42:12,,Processed,2
ORD003452,2025-01-02 20:55:47,VTM60,vitaman 60 ml,30000,Mimi Nosa,8141637160,Singaraja,2025-01-02 22:10:47,2025-01-03 11:10:47,,On Delivery,1
ORD003453,2025-01-18 07:37:19,MDB200,maduboom 200 ml,32000,Moti Zali Sajo,8171101667,Kediri,2025-01-18 09:05:19,2025-01-19 22:05:19,,Processed,2
ORD003454,2025-02-24 22:09:07,VTM60,vitaman 60 ml,30000,Nati Miri,8417756721,Sorong,2025-02-25 01:01:07,2025-02-26 19:01:07,,Processed,2
ORD003455,2025-02-28 03:24:09,VTMMD60,vitaman madu 60 ml,50000,Bati Baba Moli,8328277863,Lombok Timur,2025-02-28 05:06:09,2025-02-28 22:06:09,,Processed,2
ORD003456,2025-01-16 17:07:52,MDB200,maduboom 200 ml,32000,Fali Jojo Bana,8151313191,Sorong,2025-01-16 20:07:52,2025-01-17 03:07:52,,On Delivery,3
ORD003457,2025-01-30 09:57:59,VTMMD60,vitaman madu 60 ml,50000,Nosa Bamo Mojo,8582134490,Subang,2025-01-30 11:40:59,2025-01-31 04:40:59,,Processed,2
ORD003458,2025-02-15 03:15:07,VTM60,vitaman 60 ml,30000,Tiri Jori,8454970683,Tangerang,2025-02-15 04:06:07,2025-02-16 10:06:07,,Processed,1
ORD003459,2025-01-20 05:40:30,MDB120,maduboom 120 ml,23000,Joti Rimi Nosa,8424869172,Badung,2025-01-20 06:34:30,2025-01-20 21:34:30,,On Delivery,2
ORD003460,2025-01-22 21:24:51,VTMMD60,vitaman madu 60 ml,50000,Rami Riti,8283205434,Subang,2025-01-23 00:09:51,2025-01-23 12:09:51,,On Delivery,2
ORD003461,2025-01-23 22:37:09,MDB120,maduboom 120 ml,23000,Tina Difa,8383907220,Purwokerto,2025-01-24 00:50:09,2025-01-24 13:50:09,,On Delivery,2
ORD003462,2025-02-05 15:04:41,VTM60,vitaman 60 ml,30000,Disa Dira,8969759506,Balikpapan,2025-02-05 16:03:41,2025-02-07 13:03:41,,Processed,1
ORD003463,2025-01-11 15:19:35,VTM60,vitaman 60 ml,30000,Miba Liba,8377094580,Badung,2025-01-11 16:48:35,2025-01-13 04:48:35,,Delivered,1
ORD003464,2025-02-23 00:50:21,JDM,jelly drink madu,20000,Sari Rana,8694293130,Jepara,2025-02-23 02:19:21,2025-02-23 17:19:21,,Processed,1
ORD003465,2025-01-25 20:49:02,MDB200,maduboom 200 ml,32000,Jofa Lili Tidi,8955199711,Palembang,2025-01-25 22:46:02,2025-01-27 08:46:02,,Processed,3
ORD003466,2025-01-03 14:21:50,VTM60,vitaman 60 ml,30000,Risa Noba,8529741511,Karawang,2025-01-03 15:12:50,2025-01-04 13:12:50,,Processed,3
ORD003467,2025-01-20 10:06:44,JDM,jelly drink madu,20000,Jojo Zali,8631012593,Indramayu,2025-01-20 13:05:44,2025-01-21 09:05:44,,On Delivery,1
ORD003468,2025-02-23 22:38:31,VTM60,vitaman 60 ml,30000,Fano Zali Kaka,8838028553,Palu,2025-02-23 23:17:31,2025-02-25 08:17:31,2025-02-27 08:17:31,Returned,2
ORD003469,2025-02-11 10:45:48,MDB120,maduboom 120 ml,23000,Mimi Dijo Joli,8941422166,Purwokerto,2025-02-11 11:32:48,2025-02-11 21:32:48,,On Delivery,1
ORD003470,2025-02-23 03:52:01,MDB120,maduboom 120 ml,23000,Safa Lino Fari,8870050813,Gianyar,2025-02-23 05:59:01,2025-02-23 19:59:01,,Processed,3
ORD003471,2025-01-30 23:16:41,MDB120,maduboom 120 ml,23000,Bana Nona Titi,8104874921,Kudus,2025-01-31 00:02:41,2025-01-31 10:02:41,,Delivered,2
ORD003472,2025-01-14 20:13:58,MDB120,maduboom 120 ml,23000,Rami Kara,8583202232,Gresik,2025-01-14 22:42:58,2025-01-15 08:42:58,,Processed,3
ORD003473,2025-01-03 10:23:20,MDB120,maduboom 120 ml,23000,Rari Baka Riri,8194879713,Jepara,2025-01-03 12:28:20,2025-01-04 06:28:20,,Delivered,1
ORD003474,2025-02-17 19:08:56,JDM,jelly drink madu,20000,Rana Mijo,8593865276,Singkawang,2025-02-17 19:57:56,2025-02-19 17:57:56,,On Delivery,3
ORD003475,2025-02-01 17:55:16,VTM60,vitaman 60 ml,30000,Tidi Nomi Limi,8212938928,Batu,2025-02-01 19:47:16,2025-02-03 13:47:16,,Processed,2
ORD003476,2025-01-19 20:49:59,MDB120,maduboom 120 ml,23000,Bami Didi Radi,8262539172,Depok,2025-01-19 22:31:59,2025-01-21 13:31:59,,Processed,3
ORD003477,2025-01-19 02:45:00,MDB200,maduboom 200 ml,32000,Mimi Zali,8895474449,Jombang,2025-01-19 04:54:00,2025-01-21 04:54:00,,Processed,1
ORD003478,2025-01-27 23:24:55,JDM,jelly drink madu,20000,Rati Rari Lina,8612774638,Buleleng,2025-01-28 01:07:55,2025-01-28 14:07:55,,On Delivery,3
ORD003479,2025-02-08 19:28:52,MDB120,maduboom 120 ml,23000,Fati Raka Tiza,8581335835,Pasuruan,2025-02-08 20:49:52,2025-02-09 10:49:52,,Delivered,3
ORD003480,2025-01-20 11:32:56,VTMMD60,vitaman madu 60 ml,50000,Fajo Bami Safa,8998379821,Karangasem,2025-01-20 12:09:56,2025-01-22 11:09:56,,On Delivery,1
ORD003481,2025-02-05 04:15:50,MDB200,maduboom 200 ml,32000,Faba Tino,8400724057,Palangkaraya,2025-02-05 06:11:50,2025-02-06 02:11:50,,On Delivery,2
ORD003482,2025-02-07 21:31:25,VTMMD60,vitaman madu 60 ml,50000,Jomi Rasa Naza,8115863791,Indramayu,2025-02-07 23:35:25,2025-02-09 21:35:25,,Delivered,3
ORD003483,2025-02-16 00:20:38,VTM60,vitaman 60 ml,30000,Riti Rafa Moba,8912831743,Buleleng,2025-02-16 02:25:38,2025-02-17 16:25:38,,On Delivery,2
ORD003484,2025-02-03 20:33:11,VTM60,vitaman 60 ml,30000,Joka Zajo,8214186345,Batam,2025-02-03 21:07:11,2025-02-04 21:07:11,,Processed,2
ORD003485,2025-01-15 09:58:32,MDB120,maduboom 120 ml,23000,Raza Fami,8685528009,Karawang,2025-01-15 11:08:32,2025-01-16 14:08:32,,Processed,2
ORD003486,2025-02-25 03:25:10,MDB200,maduboom 200 ml,32000,Saka Didi,8196465322,Serang,2025-02-25 04:36:10,2025-02-26 17:36:10,,Delivered,3
ORD003487,2025-02-20 04:52:02,VTMMD60,vitaman madu 60 ml,50000,Timi Lisa,8453623723,Makassar,2025-02-20 05:23:02,2025-02-21 00:23:02,,Processed,1
ORD003488,2025-01-11 22:56:24,MDB120,maduboom 120 ml,23000,Rano Namo Badi,8379453823,Tuban,2025-01-12 00:06:24,2025-01-13 03:06:24,,Delivered,2
ORD003489,2025-02-08 22:08:41,VTMMD60,vitaman madu 60 ml,50000,Miba Rari Radi,8132076298,Jombang,2025-02-09 00:40:41,2025-02-11 00:40:41,,On Delivery,3
ORD003490,2025-02-05 18:42:53,VTM60,vitaman 60 ml,30000,Jodi Dili,8854385660,Sidoarjo,2025-02-05 20:36:53,2025-02-06 01:36:53,,Delivered,3
ORD003491,2025-02-23 18:32:48,JDM,jelly drink madu,20000,Mojo Moza,8354701920,Bangli,2025-02-23 20:41:48,2025-02-25 15:41:48,,On Delivery,2
ORD003492,2025-02-10 21:06:23,VTMMD60,vitaman madu 60 ml,50000,Rafa Tisa Jona,8520108436,Ternate,2025-02-10 22:32:23,2025-02-12 13:32:23,,Processed,2
ORD003493,2025-02-17 16:18:07,JDM,jelly drink madu,20000,Misa Rijo,8657027285,Balikpapan,2025-02-17 17:06:07,2025-02-19 08:06:07,,Delivered,2
ORD003494,2025-01-08 14:10:00,MDB120,maduboom 120 ml,23000,Lina Mimo,8706991744,Kudus,2025-01-08 14:56:00,2025-01-10 02:56:00,,Delivered,2
ORD003495,2025-02-01 12:30:50,VTM60,vitaman 60 ml,30000,Nono Mimi,8186707687,Lombok Barat,2025-02-01 13:38:50,2025-02-02 05:38:50,,On Delivery,3
ORD003496,2025-01-05 22:19:22,JDM,jelly drink madu,20000,Mili Bami,8941226142,Sukabumi,2025-01-06 01:16:22,2025-01-07 00:16:22,2025-01-13 00:16:22,Returned,2
ORD003497,2025-01-03 13:34:32,VTM60,vitaman 60 ml,30000,Rimi Mofa Misa,8969321544,Ternate,2025-01-03 15:15:32,2025-01-05 08:15:32,,Processed,3
ORD003498,2025-01-21 05:37:00,VTM60,vitaman 60 ml,30000,Bana Baka,8997155714,Garut,2025-01-21 07:29:00,2025-01-22 17:29:00,,On Delivery,3
ORD003499,2025-02-10 20:08:43,JDM,jelly drink madu,20000,Riri Liri,8371602786,Tangerang,2025-02-10 22:41:43,2025-02-12 21:41:43,2025-02-18 21:41:43,Returned,3
ORD003500,2025-01-22 12:23:36,VTMMD60,vitaman madu 60 ml,50000,Riti Risa,8712844495,Pontianak,2025-01-22 14:29:36,2025-01-23 18:29:36,,On Delivery,1
ORD003501,2025-01-24 10:57:57,VTMMD60,vitaman madu 60 ml,50000,Bamo Nono,8842221171,Probolinggo,2025-01-24 12:49:57,2025-01-26 08:49:57,,Delivered,2
ORD003502,2025-01-23 11:55:09,MDB200,maduboom 200 ml,32000,Raka Mono,8927998520,Blitar,2025-01-23 14:18:09,2025-01-24 07:18:09,,Processed,3
ORD003503,2025-01-20 13:10:42,MDB200,maduboom 200 ml,32000,Lifa Fami,8351742897,Ngawi,2025-01-20 13:45:42,2025-01-21 16:45:42,,Delivered,1
ORD003504,2025-01-31 09:29:59,VTM60,vitaman 60 ml,30000,Moti Moti Rara,8344626553,Padang,2025-01-31 11:05:59,2025-02-02 03:05:59,,Processed,3
ORD003505,2025-02-18 00:09:31,MDB200,maduboom 200 ml,32000,Saza Noka,8844043446,Batu,2025-02-18 01:42:31,2025-02-19 15:42:31,,Delivered,1
ORD003506,2025-01-21 17:45:54,VTM60,vitaman 60 ml,30000,Joli Raza Mimi,8377279055,Pontianak,2025-01-21 18:27:54,2025-01-23 09:27:54,,Processed,2
ORD003507,2025-02-15 19:30:47,VTMMD60,vitaman madu 60 ml,50000,Tina Faka Disa,8976581054,Palangkaraya,2025-02-15 21:02:47,2025-02-16 21:02:47,,On Delivery,3
ORD003508,2025-01-22 13:43:27,VTM60,vitaman 60 ml,30000,Sadi Mijo Sano,8927693056,Larantuka,2025-01-22 14:16:27,2025-01-23 02:16:27,,On Delivery,1
ORD003509,2025-01-30 02:40:30,MDB200,maduboom 200 ml,32000,Momi Faba,8763204071,Garut,2025-01-30 03:55:30,2025-01-30 23:55:30,,On Delivery,3
ORD003510,2025-02-18 18:27:40,MDB200,maduboom 200 ml,32000,Tiza Kati,8167148249,Klaten,2025-02-18 20:00:40,2025-02-19 14:00:40,,Processed,3
ORD003511,2025-02-28 14:42:22,VTMMD60,vitaman madu 60 ml,50000,Lisa Kari,8475959337,Serang,2025-02-28 16:55:22,2025-03-01 13:55:22,,On Delivery,1
ORD003512,2025-02-27 00:31:48,JDM,jelly drink madu,20000,Faba Mimo,8821245341,Indramayu,2025-02-27 01:41:48,2025-02-28 02:41:48,,Delivered,2
ORD003513,2025-01-22 20:15:35,VTM60,vitaman 60 ml,30000,Zaba Saza,8391451281,Tangerang,2025-01-22 22:52:35,2025-01-23 03:52:35,,Processed,3
ORD003514,2025-02-01 06:03:32,MDB200,maduboom 200 ml,32000,Zasa Moka,8586571243,Bandar Lampung,2025-02-01 07:47:32,2025-02-02 03:47:32,,Delivered,3
ORD003515,2025-01-19 12:25:43,MDB200,maduboom 200 ml,32000,Dika Sano,8458232912,Sukabumi,2025-01-19 15:07:43,2025-01-21 14:07:43,2025-01-24 14:07:43,Returned,3
ORD003516,2025-02-01 02:33:13,MDB120,maduboom 120 ml,23000,Rina Didi,8726371581,Pekanbaru,2025-02-01 03:18:13,2025-02-01 15:18:13,,On Delivery,3
ORD003517,2025-01-14 01:34:15,MDB200,maduboom 200 ml,32000,Midi Nodi,8543087819,Lombok Timur,2025-01-14 04:21:15,2025-01-16 03:21:15,,Delivered,2
ORD003518,2025-02-04 11:30:03,MDB120,maduboom 120 ml,23000,Liza Midi Sari,8153679433,Yogyakarta,2025-02-04 12:09:03,2025-02-06 00:09:03,,Delivered,1
ORD003519,2025-01-06 13:39:13,VTMMD60,vitaman madu 60 ml,50000,Miza Tino Kaba,8543360188,Purwokerto,2025-01-06 14:34:13,2025-01-06 22:34:13,,On Delivery,1
ORD003520,2025-01-21 23:51:52,VTM60,vitaman 60 ml,30000,Nafa Zana Fari,8788783174,Klaten,2025-01-22 00:47:52,2025-01-23 19:47:52,,Delivered,1
ORD003521,2025-01-09 00:28:31,MDB120,maduboom 120 ml,23000,Nodi Kaba Zadi,8934237845,Cikarang,2025-01-09 01:58:31,2025-01-10 03:58:31,,On Delivery,2
ORD003522,2025-01-25 15:54:28,MDB200,maduboom 200 ml,32000,Raza Mina,8350985598,Sidoarjo,2025-01-25 17:43:28,2025-01-27 15:43:28,,Processed,3
ORD003523,2025-01-27 10:07:05,VTM60,vitaman 60 ml,30000,Liti Josa,8129043436,Singkawang,2025-01-27 11:50:05,2025-01-27 17:50:05,,Processed,3
ORD003524,2025-01-11 23:45:41,MDB120,maduboom 120 ml,23000,Kajo Nosa,8325079922,Indramayu,2025-01-12 02:23:41,2025-01-13 17:23:41,,Processed,2
ORD003525,2025-01-03 17:33:47,MDB200,maduboom 200 ml,32000,Kadi Zana Noti,8154935550,Palu,2025-01-03 19:45:47,2025-01-05 03:45:47,,Processed,2
ORD003526,2025-01-04 21:32:01,JDM,jelly drink madu,20000,Mofa Lika,8344696595,Buleleng,2025-01-04 23:25:01,2025-01-06 04:25:01,,Delivered,2
ORD003527,2025-01-25 05:23:58,MDB120,maduboom 120 ml,23000,Lika Jodi,8406731850,Lombok Barat,2025-01-25 08:12:58,2025-01-27 02:12:58,,On Delivery,2
ORD003528,2025-02-14 18:39:12,JDM,jelly drink madu,20000,Lidi Nasa,8331346285,Madiun,2025-02-14 19:17:12,2025-02-15 09:17:12,,Delivered,3
ORD003529,2025-02-13 09:14:14,JDM,jelly drink madu,20000,Namo Rili,8905684762,Pontianak,2025-02-13 10:30:14,2025-02-15 09:30:14,2025-02-20 09:30:14,Returned,2
ORD003530,2025-01-21 23:49:53,VTM60,vitaman 60 ml,30000,Zafa Nona,8630562857,Manado,2025-01-22 02:06:53,2025-01-23 03:06:53,,Processed,3
ORD003531,2025-02-19 15:31:13,VTM60,vitaman 60 ml,30000,Sara Sami,8443546792,Padang,2025-02-19 16:18:13,2025-02-19 22:18:13,2025-02-26 22:18:13,Returned,2
ORD003532,2025-01-07 23:50:15,JDM,jelly drink madu,20000,Jojo Kari,8367665013,Lamongan,2025-01-08 02:17:15,2025-01-09 22:17:15,,Processed,3
ORD003533,2025-02-21 12:39:45,MDB200,maduboom 200 ml,32000,Diza Bami Diti,8575501574,Makassar,2025-02-21 13:46:45,2025-02-23 07:46:45,,Processed,2
ORD003534,2025-02-06 09:04:41,JDM,jelly drink madu,20000,Bana Baza Nafa,8205459663,Batu,2025-02-06 11:52:41,2025-02-07 04:52:41,,On Delivery,2
ORD003535,2025-02-03 07:27:14,VTMMD60,vitaman madu 60 ml,50000,Rajo Timi Kana,8826903309,Situbondo,2025-02-03 10:27:14,2025-02-05 08:27:14,,On Delivery,2
ORD003536,2025-02-18 19:30:52,JDM,jelly drink madu,20000,Kamo Nari Sajo,8296344131,Tangerang,2025-02-18 20:23:52,2025-02-19 10:23:52,,On Delivery,3
ORD003537,2025-02-08 09:37:33,VTMMD60,vitaman madu 60 ml,50000,Liza Lika,8319427554,Bandar Lampung,2025-02-08 10:12:33,2025-02-09 02:12:33,,Delivered,2
ORD003538,2025-01-27 10:55:24,VTMMD60,vitaman madu 60 ml,50000,Moka Mofa Faba,8875966968,Serang,2025-01-27 13:47:24,2025-01-29 03:47:24,,Processed,3
ORD003539,2025-01-31 17:37:04,MDB200,maduboom 200 ml,32000,Diri Nana Momo,8816320337,Ende,2025-01-31 18:22:04,2025-02-02 04:22:04,,On Delivery,1
ORD003540,2025-01-28 01:53:32,JDM,jelly drink madu,20000,Bajo Rana Rara,8238525009,Semarang,2025-01-28 03:47:32,2025-01-30 01:47:32,,On Delivery,2
ORD003541,2025-02-21 19:29:27,MDB120,maduboom 120 ml,23000,Naza Nano Diti,8830960969,Jombang,2025-02-21 22:11:27,2025-02-23 09:11:27,,Processed,3
ORD003542,2025-01-14 11:56:28,MDB120,maduboom 120 ml,23000,Lidi Liba Modi,8391143834,Malang,2025-01-14 12:53:28,2025-01-16 05:53:28,,Delivered,1
ORD003543,2025-02-14 21:21:46,JDM,jelly drink madu,20000,Zati Rili Tiba,8171646772,Makassar,2025-02-14 23:57:46,2025-02-15 22:57:46,,Processed,2
ORD003544,2025-02-20 02:43:21,JDM,jelly drink madu,20000,Zasa Rari Dika,8109061974,Sorong,2025-02-20 04:37:21,2025-02-22 04:37:21,2025-02-24 04:37:21,Returned,1
ORD003545,2025-02-11 09:09:35,MDB120,maduboom 120 ml,23000,Mira Dina,8770740528,Gianyar,2025-02-11 10:13:35,2025-02-12 10:13:35,,Processed,3
ORD003546,2025-01-22 00:07:28,VTM60,vitaman 60 ml,30000,Nami Rimo,8605926376,Bogor,2025-01-22 00:47:28,2025-01-22 11:47:28,,Delivered,2
ORD003547,2025-01-26 16:39:31,MDB120,maduboom 120 ml,23000,Sari Najo,8159993597,Palembang,2025-01-26 17:46:31,2025-01-27 18:46:31,,Processed,3
ORD003548,2025-01-05 20:56:56,VTM60,vitaman 60 ml,30000,Bara Dina Limi,8223819770,Banjarbaru,2025-01-05 23:01:56,2025-01-06 15:01:56,,On Delivery,3
ORD003549,2025-01-02 19:09:17,MDB200,maduboom 200 ml,32000,Noti Kami Jojo,8317314091,Purwakarta,2025-01-02 21:34:17,2025-01-04 14:34:17,2025-01-09 14:34:17,Returned,3
ORD003550,2025-02-04 22:40:26,MDB120,maduboom 120 ml,23000,Jono Tifa Sali,8286011359,Surabaya,2025-02-05 00:22:26,2025-02-05 15:22:26,,On Delivery,2
ORD003551,2025-01-10 22:09:53,MDB120,maduboom 120 ml,23000,Tika Raka Fali,8516660711,Samarinda,2025-01-11 00:03:53,2025-01-13 00:03:53,,Delivered,3
ORD003552,2025-01-10 22:24:59,VTM60,vitaman 60 ml,30000,Nadi Tidi,8123264541,Bogor,2025-01-11 00:49:59,2025-01-12 18:49:59,,Delivered,2
ORD003553,2025-01-07 16:26:50,MDB200,maduboom 200 ml,32000,Tira Rara,8810360540,Pontianak,2025-01-07 17:20:50,2025-01-08 13:20:50,,On Delivery,3
ORD003554,2025-02-21 07:12:10,MDB200,maduboom 200 ml,32000,Kaza Kari Lira,8587692255,Yogyakarta,2025-02-21 10:08:10,2025-02-23 08:08:10,,Delivered,1
ORD003555,2025-02-12 15:04:42,VTMMD60,vitaman madu 60 ml,50000,Rano Sajo Rami,8536098857,Magelang,2025-02-12 17:28:42,2025-02-13 12:28:42,,Delivered,3
ORD003556,2025-01-18 09:28:42,JDM,jelly drink madu,20000,Rana Josa Jojo,8234197002,Jakarta,2025-01-18 12:22:42,2025-01-18 19:22:42,,On Delivery,2
ORD003557,2025-02-11 16:23:49,MDB120,maduboom 120 ml,23000,Joba Titi,8508213335,Bogor,2025-02-11 19:06:49,2025-02-12 18:06:49,,Processed,2
ORD003558,2025-02-05 20:08:51,VTM60,vitaman 60 ml,30000,Dina Kajo,8667650217,Purwokerto,2025-02-05 22:27:51,2025-02-06 10:27:51,,Delivered,3
ORD003559,2025-02-09 07:35:46,JDM,jelly drink madu,20000,Dili Sali,8277716575,Larantuka,2025-02-09 10:00:46,2025-02-10 18:00:46,,Processed,1
ORD003560,2025-01-04 00:04:50,VTMMD60,vitaman madu 60 ml,50000,Basa Sari Bajo,8884765617,Singkawang,2025-01-04 02:55:50,2025-01-05 23:55:50,,Delivered,2
ORD003561,2025-01-23 17:51:04,VTMMD60,vitaman madu 60 ml,50000,Zaza Zajo Tijo,8709368056,Tegal,2025-01-23 19:27:04,2025-01-25 01:27:04,,Processed,1
ORD003562,2025-02-03 20:52:22,VTMMD60,vitaman madu 60 ml,50000,Zafa Raza,8839989125,Pontianak,2025-02-03 23:12:22,2025-02-04 20:12:22,,Delivered,1
ORD003563,2025-02-06 12:16:08,VTM60,vitaman 60 ml,30000,Noza Midi Jona,8843347372,Bengkulu,2025-02-06 14:26:08,2025-02-07 19:26:08,2025-02-09 19:26:08,Returned,1
ORD003564,2025-01-15 11:48:22,JDM,jelly drink madu,20000,Rino Sano,8797928240,Jepara,2025-01-15 12:54:22,2025-01-17 09:54:22,,Processed,2
ORD003565,2025-01-28 05:02:40,JDM,jelly drink madu,20000,Nali Difa,8950461493,Sidoarjo,2025-01-28 07:48:40,2025-01-28 22:48:40,,Processed,2
ORD003566,2025-02-15 19:17:44,MDB120,maduboom 120 ml,23000,Rari Saka,8714027777,Kudus,2025-02-15 21:10:44,2025-02-17 11:10:44,,Processed,2
ORD003567,2025-02-16 00:51:10,VTM60,vitaman 60 ml,30000,Fara Nana Baka,8892440105,Karawang,2025-02-16 01:38:10,2025-02-16 09:38:10,,On Delivery,1
ORD003568,2025-01-25 22:28:08,MDB200,maduboom 200 ml,32000,Fadi Miza Famo,8876799968,Makassar,2025-01-25 23:45:08,2025-01-27 22:45:08,,Delivered,2
ORD003569,2025-02-13 04:15:03,VTMMD60,vitaman madu 60 ml,50000,Bami Nojo Zami,8732788385,Singaraja,2025-02-13 05:09:03,2025-02-14 01:09:03,,Processed,1
ORD003570,2025-02-28 11:01:27,JDM,jelly drink madu,20000,Rili Sara Tiri,8902382300,Karawang,2025-02-28 12:51:27,2025-02-28 17:51:27,,On Delivery,2
ORD003571,2025-01-24 14:54:56,MDB200,maduboom 200 ml,32000,Riti Baba Mojo,8406132667,Buleleng,2025-01-24 16:26:56,2025-01-26 03:26:56,,Delivered,2
ORD003572,2025-01-01 18:44:53,VTMMD60,vitaman madu 60 ml,50000,Nati Kana Sari,8849080864,Garut,2025-01-01 20:21:53,2025-01-03 07:21:53,,Processed,2
ORD003573,2025-01-16 00:11:42,MDB200,maduboom 200 ml,32000,Saba Fari,8396195766,Palu,2025-01-16 03:02:42,2025-01-17 03:02:42,,Delivered,1
ORD003574,2025-01-24 07:26:45,VTM60,vitaman 60 ml,30000,Mimo Baba,8492571204,Purwokerto,2025-01-24 08:35:45,2025-01-26 05:35:45,,On Delivery,1
ORD003575,2025-01-05 05:23:49,VTM60,vitaman 60 ml,30000,Zari Badi,8923046431,Depok,2025-01-05 07:42:49,2025-01-05 14:42:49,2025-01-10 14:42:49,Returned,2
ORD003576,2025-02-05 00:07:43,VTMMD60,vitaman madu 60 ml,50000,Riti Kaka,8847387228,Subang,2025-02-05 00:46:43,2025-02-06 03:46:43,,Processed,3
ORD003577,2025-02-08 09:00:51,VTM60,vitaman 60 ml,30000,Mimo Basa Tira,8776532352,Mataram,2025-02-08 11:55:51,2025-02-09 03:55:51,2025-02-13 03:55:51,Returned,1
ORD003578,2025-02-28 04:20:26,VTM60,vitaman 60 ml,30000,Faza Rana Bati,8586000140,Tangerang,2025-02-28 05:46:26,2025-03-01 22:46:26,,On Delivery,2
ORD003579,2025-02-14 19:45:18,MDB120,maduboom 120 ml,23000,Dili Sana Noka,8454329704,Singkawang,2025-02-14 21:29:18,2025-02-16 14:29:18,,Delivered,2
ORD003580,2025-01-26 09:18:07,VTM60,vitaman 60 ml,30000,Mori Riba,8367760498,Sidoarjo,2025-01-26 11:04:07,2025-01-27 20:04:07,,On Delivery,3
ORD003581,2025-01-21 16:48:34,MDB200,maduboom 200 ml,32000,Timi Riri,8842755570,Blitar,2025-01-21 18:03:34,2025-01-22 02:03:34,,Processed,1
ORD003582,2025-02-11 05:04:51,VTMMD60,vitaman madu 60 ml,50000,Dijo Dira,8794404082,Larantuka,2025-02-11 07:16:51,2025-02-11 18:16:51,,On Delivery,2
ORD003583,2025-02-13 18:22:55,VTMMD60,vitaman madu 60 ml,50000,Mimo Lifa Kali,8156306918,Maumere,2025-02-13 21:15:55,2025-02-14 19:15:55,,Processed,1
ORD003584,2025-01-28 21:42:22,JDM,jelly drink madu,20000,Nono Tisa Jono,8924798991,Bojonegoro,2025-01-28 23:25:22,2025-01-30 06:25:22,,Delivered,3
ORD003585,2025-01-29 12:05:48,JDM,jelly drink madu,20000,Baba Nomo Nana,8979793415,Purwakarta,2025-01-29 13:35:48,2025-01-30 21:35:48,,Processed,1
ORD003586,2025-01-16 01:16:08,MDB200,maduboom 200 ml,32000,Lidi Mori,8843458488,Ambon,2025-01-16 02:23:08,2025-01-17 11:23:08,,Delivered,1
ORD003587,2025-02-28 03:37:46,MDB200,maduboom 200 ml,32000,Mosa Zafa,8122128367,Padang,2025-02-28 04:15:46,2025-02-28 12:15:46,,Processed,1
ORD003588,2025-02-05 04:04:57,JDM,jelly drink madu,20000,Fana Mofa,8886016502,Indramayu,2025-02-05 05:19:57,2025-02-06 20:19:57,,Processed,3
ORD003589,2025-02-09 19:04:14,VTM60,vitaman 60 ml,30000,Dimi Jono,8612493199,Depok,2025-02-09 21:49:14,2025-02-10 17:49:14,,Processed,1
ORD003590,2025-02-26 05:54:13,VTM60,vitaman 60 ml,30000,Nafa Lika Faka,8164796713,Tabanan,2025-02-26 08:39:13,2025-02-27 18:39:13,,Processed,2
ORD003591,2025-01-01 03:27:09,VTMMD60,vitaman madu 60 ml,50000,Samo Tijo Sali,8890336773,Banjarbaru,2025-01-01 05:05:09,2025-01-02 17:05:09,,Processed,2
ORD003592,2025-02-19 09:50:23,VTM60,vitaman 60 ml,30000,Nali Rira,8760716812,Batu,2025-02-19 10:41:23,2025-02-21 08:41:23,,On Delivery,1
ORD003593,2025-01-16 15:23:20,JDM,jelly drink madu,20000,Moli Diba,8859992895,Karangasem,2025-01-16 16:44:20,2025-01-18 08:44:20,,Delivered,1
ORD003594,2025-02-11 22:30:01,MDB120,maduboom 120 ml,23000,Zadi Sasa,8598201913,Jembrana,2025-02-12 00:32:01,2025-02-12 05:32:01,,Processed,3
ORD003595,2025-01-10 20:32:18,MDB200,maduboom 200 ml,32000,Jona Kadi,8136630945,Tuban,2025-01-10 23:05:18,2025-01-11 22:05:18,,Delivered,1
ORD003596,2025-02-14 19:01:16,MDB200,maduboom 200 ml,32000,Bami Rasa Tiba,8587504980,Bekasi,2025-02-14 20:31:16,2025-02-15 15:31:16,,Processed,1
ORD003597,2025-02-06 03:45:37,MDB200,maduboom 200 ml,32000,Disa Mifa,8215525432,Singaraja,2025-02-06 05:38:37,2025-02-08 03:38:37,2025-02-15 03:38:37,Returned,1
ORD003598,2025-02-21 02:21:00,JDM,jelly drink madu,20000,Rimi Tili Dina,8283617835,Balikpapan,2025-02-21 04:55:00,2025-02-22 05:55:00,,Delivered,1
ORD003599,2025-02-13 05:01:05,MDB120,maduboom 120 ml,23000,Kali Zali Mojo,8335971886,Kupang,2025-02-13 06:15:05,2025-02-14 21:15:05,2025-02-17 21:15:05,Returned,1
ORD003600,2025-02-09 04:57:21,VTMMD60,vitaman madu 60 ml,50000,Ramo Nana,8160351172,Kediri,2025-02-09 06:31:21,2025-02-10 01:31:21,,Processed,2
ORD003601,2025-01-16 06:48:16,VTM60,vitaman 60 ml,30000,Kari Moka Joba,8931426759,Bogor,2025-01-16 08:41:16,2025-01-16 22:41:16,,Delivered,3
ORD003602,2025-01-09 16:48:08,MDB120,maduboom 120 ml,23000,Kajo Nora,8917985871,Jakarta,2025-01-09 18:13:08,2025-01-10 19:13:08,,Delivered,3
ORD003603,2025-01-31 19:32:25,JDM,jelly drink madu,20000,Rali Nara,8586829024,Kediri,2025-01-31 20:52:25,2025-02-01 04:52:25,,Processed,3
ORD003604,2025-02-21 20:12:49,JDM,jelly drink madu,20000,Kano Tisa Liti,8787382008,Lamongan,2025-02-21 21:02:49,2025-02-23 15:02:49,,Processed,3
ORD003605,2025-02-22 16:17:34,VTMMD60,vitaman madu 60 ml,50000,Raza Rara Tino,8915393597,Kupang,2025-02-22 17:36:34,2025-02-24 07:36:34,,On Delivery,1
ORD003606,2025-02-21 01:54:01,VTMMD60,vitaman madu 60 ml,50000,Misa Dika Raza,8422838906,Denpasar,2025-02-21 03:19:01,2025-02-21 21:19:01,,Processed,1
ORD003607,2025-02-01 22:43:47,MDB120,maduboom 120 ml,23000,Rili Zafa,8328219342,Lombok Barat,2025-02-02 00:21:47,2025-02-02 06:21:47,,Delivered,2
ORD003608,2025-02-13 10:59:41,VTM60,vitaman 60 ml,30000,Nara Miti,8633790814,Badung,2025-02-13 11:47:41,2025-02-13 19:47:41,,Delivered,3
ORD003609,2025-02-16 11:26:38,VTMMD60,vitaman madu 60 ml,50000,Nona Baba Kafa,8474695822,Cikarang,2025-02-16 14:15:38,2025-02-18 05:15:38,,Processed,1
ORD003610,2025-01-09 16:36:53,MDB120,maduboom 120 ml,23000,Rili Nosa Moba,8399878816,Lombok Timur,2025-01-09 17:26:53,2025-01-11 06:26:53,,Processed,2
ORD003611,2025-01-16 00:21:30,JDM,jelly drink madu,20000,Tisa Nojo,8918039819,Badung,2025-01-16 02:40:30,2025-01-17 03:40:30,2025-01-19 03:40:30,Returned,3
ORD003612,2025-01-18 20:46:41,MDB200,maduboom 200 ml,32000,Zaza Tiza,8156609221,Tuban,2025-01-18 22:25:41,2025-01-20 10:25:41,2025-01-22 10:25:41,Returned,3
ORD003613,2025-01-10 06:49:22,MDB120,maduboom 120 ml,23000,Titi Mofa,8560000771,Cianjur,2025-01-10 07:21:22,2025-01-10 20:21:22,,Processed,3
ORD003614,2025-02-22 16:24:46,VTMMD60,vitaman madu 60 ml,50000,Radi Fadi Moka,8345822032,Subang,2025-02-22 17:55:46,2025-02-24 06:55:46,,Processed,1
ORD003615,2025-02-08 17:39:25,VTMMD60,vitaman madu 60 ml,50000,Basa Nati Dika,8836514625,Ambon,2025-02-08 20:32:25,2025-02-10 18:32:25,,Processed,1
ORD003616,2025-02-22 17:25:25,VTM60,vitaman 60 ml,30000,Mijo Zaka,8499418821,Tuban,2025-02-22 19:50:25,2025-02-23 09:50:25,,On Delivery,1
ORD003617,2025-01-31 04:16:15,MDB120,maduboom 120 ml,23000,Rijo Kami,8115813417,Balikpapan,2025-01-31 04:57:15,2025-02-01 04:57:15,2025-02-04 04:57:15,Returned,3
ORD003618,2025-02-27 20:43:45,MDB120,maduboom 120 ml,23000,Moza Rara,8800371841,Singkawang,2025-02-27 21:33:45,2025-03-01 02:33:45,,Processed,1
ORD003619,2025-01-02 18:18:04,MDB120,maduboom 120 ml,23000,Rino Tifa,8487829619,Subang,2025-01-02 21:03:04,2025-01-03 14:03:04,,Delivered,1
ORD003620,2025-01-30 06:05:16,JDM,jelly drink madu,20000,Noli Bami Tika,8987420878,Samarinda,2025-01-30 06:44:16,2025-01-31 22:44:16,,On Delivery,1
ORD003621,2025-02-20 15:17:05,VTMMD60,vitaman madu 60 ml,50000,Mino Tino Noti,8211958974,Manado,2025-02-20 16:20:05,2025-02-21 06:20:05,,Delivered,1
ORD003622,2025-01-20 03:00:42,VTMMD60,vitaman madu 60 ml,50000,Tiba Mori,8595402529,Indramayu,2025-01-20 03:42:42,2025-01-21 17:42:42,,Delivered,2
ORD003623,2025-02-25 18:59:57,VTMMD60,vitaman madu 60 ml,50000,Miba Jojo,8716033889,Kudus,2025-02-25 20:13:57,2025-02-26 03:13:57,,On Delivery,3
ORD003624,2025-01-17 04:39:16,VTMMD60,vitaman madu 60 ml,50000,Momo Zadi Tiri,8577312556,Makassar,2025-01-17 05:58:16,2025-01-17 20:58:16,,Processed,3
ORD003625,2025-02-16 11:25:27,VTMMD60,vitaman madu 60 ml,50000,Zana Rafa,8717535543,Tabanan,2025-02-16 14:03:27,2025-02-16 23:03:27,,Processed,1
ORD003626,2025-01-16 23:28:04,JDM,jelly drink madu,20000,Jodi Zano Nona,8777624372,Purwokerto,2025-01-17 00:45:04,2025-01-18 03:45:04,2025-01-20 03:45:04,Returned,2
ORD003627,2025-01-18 03:51:51,VTMMD60,vitaman madu 60 ml,50000,Kaza Dimo Nadi,8832873726,Bandung,2025-01-18 06:42:51,2025-01-19 05:42:51,,Delivered,1
ORD003628,2025-02-19 14:09:16,JDM,jelly drink madu,20000,Bana Noti,8706261710,Sidoarjo,2025-02-19 15:30:16,2025-02-20 20:30:16,,Delivered,3
ORD003629,2025-02-22 21:50:27,MDB200,maduboom 200 ml,32000,Zara Bati Misa,8524873502,Jepara,2025-02-22 23:12:27,2025-02-23 04:12:27,,Processed,1
ORD003630,2025-01-17 17:52:09,MDB200,maduboom 200 ml,32000,Tili Jojo Mifa,8611450930,Banjarbaru,2025-01-17 20:48:09,2025-01-19 03:48:09,,Delivered,2
ORD003631,2025-01-21 19:58:14,VTMMD60,vitaman madu 60 ml,50000,Zaba Samo,8377451039,Buleleng,2025-01-21 20:57:14,2025-01-22 09:57:14,,Processed,1
ORD003632,2025-02-27 03:59:40,VTMMD60,vitaman madu 60 ml,50000,Lira Zafa,8668750233,Kendari,2025-02-27 06:12:40,2025-02-28 15:12:40,,On Delivery,3
ORD003633,2025-01-04 18:11:10,JDM,jelly drink madu,20000,Zaba Liti,8949312567,Tasikmalaya,2025-01-04 20:26:10,2025-01-06 07:26:10,,Processed,2
ORD003634,2025-02-17 06:47:31,MDB200,maduboom 200 ml,32000,Riri Noti Moti,8900678326,Palu,2025-02-17 09:14:31,2025-02-18 21:14:31,,Processed,1
ORD003635,2025-01-29 06:03:29,MDB120,maduboom 120 ml,23000,Nojo Diri,8733134391,Lombok Barat,2025-01-29 07:00:29,2025-01-29 21:00:29,,Delivered,3
ORD003636,2025-01-19 10:09:44,VTMMD60,vitaman madu 60 ml,50000,Zafa Miza,8125616869,Jayapura,2025-01-19 12:17:44,2025-01-20 18:17:44,,Processed,1
ORD003637,2025-01-06 23:07:42,JDM,jelly drink madu,20000,Diri Limo Ridi,8806515217,Bandar Lampung,2025-01-07 01:37:42,2025-01-08 21:37:42,,Delivered,3
ORD003638,2025-02-24 19:28:37,MDB120,maduboom 120 ml,23000,Nomo Sadi Zati,8887090938,Pontianak,2025-02-24 22:17:37,2025-02-25 15:17:37,,Delivered,3
ORD003639,2025-02-19 04:22:25,MDB120,maduboom 120 ml,23000,Nodi Tiza,8803919692,Yogyakarta,2025-02-19 06:23:25,2025-02-20 11:23:25,,On Delivery,2
ORD003640,2025-02-23 01:53:54,MDB120,maduboom 120 ml,23000,Bajo Rami Nara,8116249540,Singkawang,2025-02-23 03:06:54,2025-02-24 16:06:54,,Processed,2
ORD003641,2025-02-28 23:15:36,JDM,jelly drink madu,20000,Zamo Liza,8750514741,Buleleng,2025-03-01 00:19:36,2025-03-02 06:19:36,,Processed,2
ORD003642,2025-01-31 03:33:16,VTM60,vitaman 60 ml,30000,Mika Riti,8559589324,Banjarbaru,2025-01-31 04:22:16,2025-02-01 02:22:16,2025-02-07 02:22:16,Returned,3
ORD003643,2025-02-23 16:26:57,VTMMD60,vitaman madu 60 ml,50000,Rimi Rijo,8968050279,Tabanan,2025-02-23 19:24:57,2025-02-24 08:24:57,,Delivered,3
ORD003644,2025-02-03 21:55:05,VTM60,vitaman 60 ml,30000,Mira Didi Miza,8920646031,Indramayu,2025-02-03 22:44:05,2025-02-04 06:44:05,,Processed,1
ORD003645,2025-01-26 13:16:37,VTM60,vitaman 60 ml,30000,Nosa Radi,8993632236,Tabanan,2025-01-26 15:25:37,2025-01-26 20:25:37,,Processed,1
ORD003646,2025-01-28 06:22:11,MDB200,maduboom 200 ml,32000,Kaka Tidi Liba,8519874209,Sidoarjo,2025-01-28 07:50:11,2025-01-29 22:50:11,,Processed,2
ORD003647,2025-01-19 13:06:39,MDB200,maduboom 200 ml,32000,Namo Jomi,8648685793,Batu,2025-01-19 14:00:39,2025-01-20 12:00:39,,Processed,1
ORD003648,2025-02-19 06:47:59,VTMMD60,vitaman madu 60 ml,50000,Rana Bana,8448108103,Madiun,2025-02-19 07:23:59,2025-02-21 04:23:59,2025-02-26 04:23:59,Returned,1
ORD003649,2025-02-20 20:17:06,VTMMD60,vitaman madu 60 ml,50000,Jono Tiba,8401505617,Sidoarjo,2025-02-20 22:10:06,2025-02-22 12:10:06,,On Delivery,2
ORD003650,2025-02-17 01:39:51,VTM60,vitaman 60 ml,30000,Rijo Sami Nadi,8563072995,Ngawi,2025-02-17 03:01:51,2025-02-18 13:01:51,,On Delivery,1
ORD003651,2025-01-12 10:47:24,VTMMD60,vitaman madu 60 ml,50000,Saza Momo Mika,8120405182,Palembang,2025-01-12 12:35:24,2025-01-13 09:35:24,,Processed,1
ORD003652,2025-01-21 13:42:20,MDB200,maduboom 200 ml,32000,Lira Joza Mono,8558268930,Singkawang,2025-01-21 14:44:20,2025-01-23 02:44:20,,Processed,1
ORD003653,2025-02-11 16:00:58,VTM60,vitaman 60 ml,30000,Miba Liba Dika,8926224576,Gianyar,2025-02-11 17:38:58,2025-02-12 20:38:58,,Processed,3
ORD003654,2025-01-30 00:47:14,MDB120,maduboom 120 ml,23000,Rafa Noza,8322132923,Kupang,2025-01-30 02:40:14,2025-01-30 19:40:14,2025-02-04 19:40:14,Returned,3
ORD003655,2025-02-18 13:36:55,JDM,jelly drink madu,20000,Raba Nona,8469540601,Sukabumi,2025-02-18 15:45:55,2025-02-19 21:45:55,,Processed,1
ORD003656,2025-01-14 07:16:36,JDM,jelly drink madu,20000,Safa Rika,8191307179,Singaraja,2025-01-14 08:30:36,2025-01-15 09:30:36,,On Delivery,3
ORD003657,2025-01-13 02:28:56,MDB200,maduboom 200 ml,32000,Mijo Mili Sati,8684875267,Banyuwangi,2025-01-13 03:27:56,2025-01-14 04:27:56,,On Delivery,2
ORD003658,2025-01-09 03:38:14,MDB120,maduboom 120 ml,23000,Bafa Kari Nami,8878945763,Sorong,2025-01-09 06:20:14,2025-01-10 09:20:14,2025-01-16 09:20:14,Returned,2
ORD003659,2025-02-16 23:37:57,MDB120,maduboom 120 ml,23000,Timo Dili,8542519960,Bengkulu,2025-02-17 00:50:57,2025-02-17 20:50:57,,Delivered,3
ORD003660,2025-01-11 10:12:51,MDB200,maduboom 200 ml,32000,Difa Samo Misa,8604776824,Purwokerto,2025-01-11 11:45:51,2025-01-13 03:45:51,,Delivered,3
ORD003661,2025-02-03 15:50:40,JDM,jelly drink madu,20000,Moba Kali,8160759515,Situbondo,2025-02-03 17:37:40,2025-02-04 01:37:40,,Delivered,2
ORD003662,2025-02-05 19:00:43,VTMMD60,vitaman madu 60 ml,50000,Mira Liri,8395979365,Larantuka,2025-02-05 19:55:43,2025-02-07 19:55:43,,Processed,1
ORD003663,2025-02-02 07:05:24,JDM,jelly drink madu,20000,Badi Josa,8495673275,Jepara,2025-02-02 08:46:24,2025-02-04 01:46:24,,Processed,3
ORD003664,2025-02-14 20:15:51,VTM60,vitaman 60 ml,30000,Sari Risa,8611072933,Lombok Barat,2025-02-14 21:53:51,2025-02-15 09:53:51,,Processed,1
ORD003665,2025-01-08 09:22:49,MDB120,maduboom 120 ml,23000,Mifa Rajo Miba,8356628348,Karawang,2025-01-08 10:52:49,2025-01-10 05:52:49,,Processed,3
ORD003666,2025-02-21 02:45:07,MDB200,maduboom 200 ml,32000,Timo Kano Kadi,8535612635,Bogor,2025-02-21 05:06:07,2025-02-22 11:06:07,,Delivered,2
ORD003667,2025-01-21 01:22:59,JDM,jelly drink madu,20000,Rara Zadi,8580937131,Sorong,2025-01-21 02:05:59,2025-01-22 16:05:59,,On Delivery,1
ORD003668,2025-01-27 07:02:55,JDM,jelly drink madu,20000,Nati Kasa,8735126755,Kudus,2025-01-27 09:56:55,2025-01-27 14:56:55,,Processed,3
ORD003669,2025-01-21 10:25:23,JDM,jelly drink madu,20000,Riti Fari,8635239015,Bengkulu,2025-01-21 12:15:23,2025-01-21 22:15:23,2025-01-27 22:15:23,Returned,3
ORD003670,2025-01-06 17:51:33,JDM,jelly drink madu,20000,Dira Bafa,8851048093,Pasuruan,2025-01-06 20:23:33,2025-01-08 05:23:33,,Delivered,2
ORD003671,2025-01-04 14:08:25,MDB200,maduboom 200 ml,32000,Momi Kaba,8270258275,Pekanbaru,2025-01-04 16:19:25,2025-01-06 08:19:25,,Processed,2
ORD003672,2025-01-14 01:51:54,VTM60,vitaman 60 ml,30000,Dika Samo Zafa,8569743193,Tangerang,2025-01-14 02:29:54,2025-01-14 12:29:54,,On Delivery,1
ORD003673,2025-02-25 15:50:51,VTM60,vitaman 60 ml,30000,Fadi Zaka Riri,8619250660,Jepara,2025-02-25 17:37:51,2025-02-27 02:37:51,,Delivered,3
ORD003674,2025-01-03 01:00:46,MDB120,maduboom 120 ml,23000,Noba Rina Momi,8622574433,Boyolali,2025-01-03 03:42:46,2025-01-04 22:42:46,,Processed,1
ORD003675,2025-01-30 13:10:55,MDB120,maduboom 120 ml,23000,Radi Dili,8827875327,Gianyar,2025-01-30 14:36:55,2025-01-31 12:36:55,,Processed,2
ORD003676,2025-02-07 08:58:33,VTMMD60,vitaman madu 60 ml,50000,Sadi Fami,8957743847,Lombok Barat,2025-02-07 11:33:33,2025-02-09 08:33:33,,Processed,1
ORD003677,2025-02-15 23:40:24,JDM,jelly drink madu,20000,Lina Tiri Baba,8512290662,Jayapura,2025-02-16 00:49:24,2025-02-17 01:49:24,2025-02-24 01:49:24,Returned,3
ORD003678,2025-01-22 13:49:09,MDB200,maduboom 200 ml,32000,Basa Kara Lijo,8489584536,Balikpapan,2025-01-22 14:30:09,2025-01-23 11:30:09,,Delivered,1
ORD003679,2025-01-30 02:09:49,VTM60,vitaman 60 ml,30000,Mifa Difa Liza,8581537501,Lombok Timur,2025-01-30 02:47:49,2025-01-31 00:47:49,2025-02-04 00:47:49,Returned,1
ORD003680,2025-02-07 18:06:34,MDB120,maduboom 120 ml,23000,Liba Tisa Nona,8518596583,Tangerang,2025-02-07 18:58:34,2025-02-09 06:58:34,,Delivered,1
ORD003681,2025-01-14 08:45:14,MDB200,maduboom 200 ml,32000,Dimo Diri,8433209125,Malang,2025-01-14 11:36:14,2025-01-15 04:36:14,,Processed,2
ORD003682,2025-01-19 08:25:42,JDM,jelly drink madu,20000,Samo Sajo Zali,8639264144,Jepara,2025-01-19 09:26:42,2025-01-21 05:26:42,,On Delivery,2
ORD003683,2025-01-12 05:05:18,VTM60,vitaman 60 ml,30000,Mona Rijo,8559228217,Bengkulu,2025-01-12 07:58:18,2025-01-12 12:58:18,,On Delivery,2
ORD003684,2025-01-09 08:48:24,MDB120,maduboom 120 ml,23000,Tijo Jora,8430186353,Tasikmalaya,2025-01-09 10:30:24,2025-01-10 11:30:24,,Delivered,2
ORD003685,2025-01-06 14:57:21,MDB200,maduboom 200 ml,32000,Kasa Sana,8974383500,Jayapura,2025-01-06 17:32:21,2025-01-07 19:32:21,,On Delivery,1
ORD003686,2025-02-04 21:47:00,VTM60,vitaman 60 ml,30000,Zali Miba Nono,8515399334,Singkawang,2025-02-04 23:20:00,2025-02-05 06:20:00,,Processed,1
ORD003687,2025-02-21 15:25:30,VTMMD60,vitaman madu 60 ml,50000,Zati Noti Titi,8535068150,Buleleng,2025-02-21 17:17:30,2025-02-23 05:17:30,,Processed,1
ORD003688,2025-02-02 08:44:28,VTMMD60,vitaman madu 60 ml,50000,Bafa Mino,8919883279,Bandar Lampung,2025-02-02 09:35:28,2025-02-04 07:35:28,,On Delivery,3
ORD003689,2025-02-19 13:14:40,MDB200,maduboom 200 ml,32000,Rimi Miza,8168030862,Surabaya,2025-02-19 16:14:40,2025-02-20 22:14:40,,On Delivery,2
ORD003690,2025-02-25 10:16:18,VTMMD60,vitaman madu 60 ml,50000,Namo Zajo,8442754846,Bandar Lampung,2025-02-25 12:37:18,2025-02-26 12:37:18,,On Delivery,3
ORD003691,2025-02-06 04:10:54,VTMMD60,vitaman madu 60 ml,50000,Fara Kasa,8755796323,Tuban,2025-02-06 06:56:54,2025-02-08 03:56:54,,Delivered,1
ORD003692,2025-02-20 04:05:30,VTM60,vitaman 60 ml,30000,Jofa Zaba Namo,8827152662,Batu,2025-02-20 06:27:30,2025-02-20 19:27:30,,Processed,2
ORD003693,2025-01-28 12:22:51,MDB120,maduboom 120 ml,23000,Ridi Samo Rali,8911578179,Kendari,2025-01-28 13:56:51,2025-01-29 22:56:51,2025-02-04 22:56:51,Returned,3
ORD003694,2025-02-15 14:55:51,MDB200,maduboom 200 ml,32000,Mona Najo Rino,8190150382,Klaten,2025-02-15 16:04:51,2025-02-16 10:04:51,,On Delivery,3
ORD003695,2025-02-07 10:20:52,VTMMD60,vitaman madu 60 ml,50000,Sano Kasa Bamo,8955569238,Ponorogo,2025-02-07 12:39:52,2025-02-07 17:39:52,,On Delivery,3
ORD003696,2025-02-10 12:22:27,MDB120,maduboom 120 ml,23000,Lijo Fajo,8491112214,Manado,2025-02-10 14:27:27,2025-02-12 13:27:27,,On Delivery,2
ORD003697,2025-02-24 09:50:21,VTMMD60,vitaman madu 60 ml,50000,Zaza Rari,8280415087,Subang,2025-02-24 12:21:21,2025-02-26 09:21:21,,Processed,2
ORD003698,2025-01-06 11:27:32,JDM,jelly drink madu,20000,Tina Mili,8707622058,Bengkulu,2025-01-06 11:58:32,2025-01-07 05:58:32,,Delivered,1
ORD003699,2025-02-08 21:01:17,MDB200,maduboom 200 ml,32000,Nano Kaza Kaka,8638855427,Banyuwangi,2025-02-08 22:19:17,2025-02-09 19:19:17,,Delivered,2
ORD003700,2025-02-16 08:36:38,MDB120,maduboom 120 ml,23000,Badi Jomo,8723183059,Larantuka,2025-02-16 10:42:38,2025-02-17 12:42:38,2025-02-23 12:42:38,Returned,1
ORD003701,2025-01-27 22:42:58,MDB120,maduboom 120 ml,23000,Zaba Lifa,8128257250,Palangkaraya,2025-01-28 01:14:58,2025-01-28 11:14:58,,Processed,3
ORD003702,2025-02-01 02:37:46,MDB120,maduboom 120 ml,23000,Joka Liba,8573680061,Cikarang,2025-02-01 03:22:46,2025-02-02 11:22:46,,Processed,3
ORD003703,2025-01-13 19:40:13,JDM,jelly drink madu,20000,Bati Nojo Rajo,8514749031,Sukabumi,2025-01-13 21:18:13,2025-01-15 16:18:13,,Delivered,1
ORD003704,2025-02-21 20:23:22,VTM60,vitaman 60 ml,30000,Limi Mimi,8193310410,Gorontalo,2025-02-21 21:30:22,2025-02-23 20:30:22,2025-02-27 20:30:22,Returned,1
ORD003705,2025-02-11 15:22:40,MDB120,maduboom 120 ml,23000,Rano Rili Nori,8871942246,Larantuka,2025-02-11 16:23:40,2025-02-12 07:23:40,,Delivered,2
ORD003706,2025-01-29 03:25:11,MDB200,maduboom 200 ml,32000,Bamo Riba Nadi,8413925733,Ternate,2025-01-29 05:14:11,2025-01-30 14:14:11,,On Delivery,1
ORD003707,2025-01-20 06:34:32,MDB200,maduboom 200 ml,32000,Baka Fara Rira,8691465749,Bandung,2025-01-20 08:34:32,2025-01-21 20:34:32,,Delivered,2
ORD003708,2025-02-16 06:49:21,VTM60,vitaman 60 ml,30000,Kasa Jori,8311040536,Pekanbaru,2025-02-16 08:39:21,2025-02-16 15:39:21,,Processed,3
ORD003709,2025-02-23 14:44:35,MDB120,maduboom 120 ml,23000,Liti Sano,8527535039,Bojonegoro,2025-02-23 15:28:35,2025-02-25 02:28:35,,Processed,3
ORD003710,2025-01-19 20:02:27,MDB200,maduboom 200 ml,32000,Bara Fali Moba,8891029669,Badung,2025-01-19 21:16:27,2025-01-21 15:16:27,,Delivered,1
ORD003711,2025-01-28 01:55:02,MDB120,maduboom 120 ml,23000,Jora Miri,8452024749,Ambon,2025-01-28 04:28:02,2025-01-28 09:28:02,,Processed,2
ORD003712,2025-02-25 14:11:49,MDB120,maduboom 120 ml,23000,Joza Zamo Momi,8594274829,Palembang,2025-02-25 16:15:49,2025-02-27 04:15:49,2025-03-05 04:15:49,Returned,3
ORD003713,2025-02-21 02:11:38,JDM,jelly drink madu,20000,Miza Tira,8699658421,Indramayu,2025-02-21 04:20:38,2025-02-21 11:20:38,,Delivered,2
ORD003714,2025-01-05 01:54:04,MDB120,maduboom 120 ml,23000,Mimo Rimo Bana,8670606302,Kediri,2025-01-05 02:28:04,2025-01-06 05:28:04,,Processed,3
ORD003715,2025-02-23 01:50:14,MDB200,maduboom 200 ml,32000,Mimo Bara,8722066214,Makassar,2025-02-23 03:39:14,2025-02-24 05:39:14,,On Delivery,1
ORD003716,2025-02-16 23:29:20,MDB120,maduboom 120 ml,23000,Miti Riba Noza,8431898989,Balikpapan,2025-02-17 00:14:20,2025-02-18 11:14:20,,Delivered,1
ORD003717,2025-01-05 18:52:58,MDB120,maduboom 120 ml,23000,Jomo Didi,8808400892,Depok,2025-01-05 20:51:58,2025-01-07 12:51:58,,On Delivery,1
ORD003718,2025-01-24 04:00:16,VTMMD60,vitaman madu 60 ml,50000,Safa Noli,8277712423,Pasuruan,2025-01-24 06:45:16,2025-01-25 07:45:16,,Delivered,2
ORD003719,2025-02-14 21:50:22,MDB120,maduboom 120 ml,23000,Baba Dino Nara,8229684775,Mataram,2025-02-14 22:24:22,2025-02-16 15:24:22,,Processed,3
ORD003720,2025-02-20 14:10:14,VTMMD60,vitaman madu 60 ml,50000,Timo Misa Jori,8459976264,Pekanbaru,2025-02-20 16:15:14,2025-02-22 01:15:14,2025-02-26 01:15:14,Returned,3
ORD003721,2025-02-23 17:53:43,VTMMD60,vitaman madu 60 ml,50000,Nojo Momo Mora,8366759794,Pontianak,2025-02-23 19:25:43,2025-02-25 01:25:43,,Processed,2
ORD003722,2025-01-02 13:26:28,MDB200,maduboom 200 ml,32000,Sara Timo Rafa,8991733801,Ambon,2025-01-02 14:24:28,2025-01-02 23:24:28,,Processed,2
ORD003723,2025-01-12 08:41:55,VTMMD60,vitaman madu 60 ml,50000,Kara Nosa,8667149121,Boyolali,2025-01-12 10:15:55,2025-01-14 05:15:55,,Delivered,1
ORD003724,2025-01-13 17:09:28,VTM60,vitaman 60 ml,30000,Zamo Sana,8740611376,Probolinggo,2025-01-13 17:59:28,2025-01-15 11:59:28,,Delivered,3
ORD003725,2025-01-08 05:47:47,MDB200,maduboom 200 ml,32000,Dimo Kadi,8530916406,Yogyakarta,2025-01-08 06:26:47,2025-01-09 03:26:47,,Processed,1
ORD003726,2025-02-01 21:01:42,MDB120,maduboom 120 ml,23000,Fajo Bari,8983570904,Tabanan,2025-02-01 21:46:42,2025-02-03 17:46:42,,Delivered,1
ORD003727,2025-01-03 09:42:01,VTM60,vitaman 60 ml,30000,Nori Tisa,8832238451,Pasuruan,2025-01-03 12:08:01,2025-01-05 04:08:01,,Delivered,3
ORD003728,2025-01-02 05:31:36,VTM60,vitaman 60 ml,30000,Nofa Moka Fadi,8646418994,Tabanan,2025-01-02 08:05:36,2025-01-02 19:05:36,,Delivered,2
ORD003729,2025-02-27 08:28:31,MDB200,maduboom 200 ml,32000,Mosa Joka,8364658137,Manado,2025-02-27 10:08:31,2025-02-27 19:08:31,,Delivered,1
ORD003730,2025-01-14 17:17:35,VTMMD60,vitaman madu 60 ml,50000,Rifa Rari,8986616952,Malang,2025-01-14 19:59:35,2025-01-16 15:59:35,,On Delivery,1
ORD003731,2025-01-19 00:05:21,MDB120,maduboom 120 ml,23000,Fano Riti,8560676641,Batam,2025-01-19 01:13:21,2025-01-20 03:13:21,,Processed,1
ORD003732,2025-02-07 22:32:27,MDB120,maduboom 120 ml,23000,Timo Mili,8281329667,Lombok Timur,2025-02-08 00:20:27,2025-02-08 15:20:27,,Delivered,1
ORD003733,2025-02-14 21:27:34,VTMMD60,vitaman madu 60 ml,50000,Jona Kasa Diti,8830659280,Indramayu,2025-02-14 23:41:34,2025-02-16 20:41:34,,Delivered,2
ORD003734,2025-02-04 06:06:04,MDB120,maduboom 120 ml,23000,Tira Bami,8595179672,Kendari,2025-02-04 07:04:04,2025-02-06 03:04:04,,On Delivery,1
ORD003735,2025-01-31 13:47:31,VTM60,vitaman 60 ml,30000,Liba Mimi Bano,8549991587,Ponorogo,2025-01-31 16:32:31,2025-02-02 07:32:31,,On Delivery,2
ORD003736,2025-01-13 22:18:04,JDM,jelly drink madu,20000,Mira Nomi Lidi,8265864683,Palembang,2025-01-14 00:08:04,2025-01-15 09:08:04,2025-01-19 09:08:04,Returned,1
ORD003737,2025-02-27 22:35:08,MDB200,maduboom 200 ml,32000,Bati Rano,8678780401,Sidoarjo,2025-02-28 00:06:08,2025-03-01 14:06:08,2025-03-05 14:06:08,Returned,1
ORD003738,2025-01-22 10:02:49,VTMMD60,vitaman madu 60 ml,50000,Tisa Zano Sali,8322029538,Maumere,2025-01-22 11:00:49,2025-01-23 23:00:49,,Processed,2
ORD003739,2025-02-18 11:15:42,VTM60,vitaman 60 ml,30000,Nano Fami,8335694308,Pontianak,2025-02-18 12:24:42,2025-02-19 02:24:42,,Delivered,2
ORD003740,2025-02-17 14:01:57,VTMMD60,vitaman madu 60 ml,50000,Rimo Joti,8814161666,Makassar,2025-02-17 16:41:57,2025-02-17 22:41:57,2025-02-22 22:41:57,Returned,3
ORD003741,2025-02-01 06:44:42,VTMMD60,vitaman madu 60 ml,50000,Baba Kara Jora,8572924492,Palu,2025-02-01 09:01:42,2025-02-02 10:01:42,2025-02-04 10:01:42,Returned,1
ORD003742,2025-02-19 16:08:23,MDB200,maduboom 200 ml,32000,Noli Kaza,8574353261,Badung,2025-02-19 17:16:23,2025-02-20 10:16:23,,On Delivery,2
ORD003743,2025-02-20 07:21:09,MDB200,maduboom 200 ml,32000,Kasa Rika,8363279851,Padang,2025-02-20 09:35:09,2025-02-20 15:35:09,,On Delivery,1
ORD003744,2025-01-31 07:47:05,VTMMD60,vitaman madu 60 ml,50000,Sara Bati,8667794970,Subang,2025-01-31 09:03:05,2025-02-01 05:03:05,,Processed,2
ORD003745,2025-02-07 19:48:36,MDB120,maduboom 120 ml,23000,Sadi Jona Titi,8511805021,Jayapura,2025-02-07 22:36:36,2025-02-09 19:36:36,,Processed,1
ORD003746,2025-01-08 13:50:18,MDB200,maduboom 200 ml,32000,Kana Noka Lira,8661622946,Manado,2025-01-08 16:03:18,2025-01-08 22:03:18,,On Delivery,2
ORD003747,2025-02-22 19:22:09,JDM,jelly drink madu,20000,Joti Bara,8432355718,Magelang,2025-02-22 22:12:09,2025-02-23 03:12:09,,Delivered,3
ORD003748,2025-01-20 02:49:55,VTM60,vitaman 60 ml,30000,Jodi Zano,8422364695,Cianjur,2025-01-20 03:36:55,2025-01-21 05:36:55,,On Delivery,3
ORD003749,2025-01-18 22:27:54,JDM,jelly drink madu,20000,Liba Kasa Lira,8778066269,Ternate,2025-01-18 23:00:54,2025-01-20 03:00:54,,Processed,1
ORD003750,2025-02-03 00:35:27,JDM,jelly drink madu,20000,Rati Faba Kamo,8509148096,Singaraja,2025-02-03 03:31:27,2025-02-03 09:31:27,,On Delivery,3
ORD003751,2025-01-23 08:04:03,VTMMD60,vitaman madu 60 ml,50000,Bara Rali Baba,8846894439,Medan,2025-01-23 08:53:03,2025-01-23 22:53:03,,Processed,3
ORD003752,2025-01-22 05:17:26,VTMMD60,vitaman madu 60 ml,50000,Nosa Nadi,8495488505,Klaten,2025-01-22 05:56:26,2025-01-23 22:56:26,,Processed,2
ORD003753,2025-02-28 08:49:01,VTMMD60,vitaman madu 60 ml,50000,Zamo Baza Joli,8862557490,Garut,2025-02-28 11:29:01,2025-02-28 22:29:01,,Delivered,2
ORD003754,2025-02-10 11:15:36,JDM,jelly drink madu,20000,Moba Josa,8172739151,Ponorogo,2025-02-10 12:58:36,2025-02-10 22:58:36,,Processed,1
ORD003755,2025-02-09 15:42:37,MDB200,maduboom 200 ml,32000,Dijo Jodi Midi,8921767312,Serang,2025-02-09 18:25:37,2025-02-10 09:25:37,,On Delivery,3
ORD003756,2025-01-29 18:47:54,JDM,jelly drink madu,20000,Raka Lino Rano,8303454597,Jayapura,2025-01-29 21:30:54,2025-01-31 02:30:54,,On Delivery,3
ORD003757,2025-02-20 22:45:06,MDB120,maduboom 120 ml,23000,Joka Disa Nami,8608778090,Ternate,2025-02-21 00:32:06,2025-02-22 15:32:06,,On Delivery,3
ORD003758,2025-02-09 22:01:09,JDM,jelly drink madu,20000,Sasa Lisa,8614040695,Purwokerto,2025-02-10 00:04:09,2025-02-11 13:04:09,,On Delivery,2
ORD003759,2025-02-06 03:39:12,VTM60,vitaman 60 ml,30000,Kasa Moli Safa,8836956353,Sorong,2025-02-06 06:27:12,2025-02-07 15:27:12,,Processed,1
ORD003760,2025-01-19 19:12:24,JDM,jelly drink madu,20000,Fajo Mira,8616503165,Banjarmasin,2025-01-19 20:48:24,2025-01-20 20:48:24,,On Delivery,3
ORD003761,2025-01-17 06:12:10,MDB200,maduboom 200 ml,32000,Mifa Lino,8820273773,Serang,2025-01-17 07:32:10,2025-01-18 16:32:10,,Delivered,1
ORD003762,2025-02-03 21:37:59,JDM,jelly drink madu,20000,Tifa Sali Ridi,8631267987,Situbondo,2025-02-03 23:39:59,2025-02-05 12:39:59,,Delivered,3
ORD003763,2025-01-23 01:32:51,JDM,jelly drink madu,20000,Naba Difa,8918003333,Pekanbaru,2025-01-23 03:31:51,2025-01-23 20:31:51,,Processed,2
ORD003764,2025-01-22 19:54:52,MDB120,maduboom 120 ml,23000,Bami Sari,8785050575,Banjarmasin,2025-01-22 20:45:52,2025-01-23 18:45:52,,On Delivery,3
ORD003765,2025-01-03 15:33:37,VTM60,vitaman 60 ml,30000,Faba Tijo,8427029874,Jembrana,2025-01-03 16:27:37,2025-01-04 13:27:37,,On Delivery,1
ORD003766,2025-01-15 17:17:36,MDB120,maduboom 120 ml,23000,Kara Zari,8668992995,Samarinda,2025-01-15 18:20:36,2025-01-16 02:20:36,,Processed,2
ORD003767,2025-02-14 21:57:31,JDM,jelly drink madu,20000,Lifa Fadi,8155288133,Banyuwangi,2025-02-14 22:28:31,2025-02-16 05:28:31,,On Delivery,1
ORD003768,2025-01-22 09:54:09,VTMMD60,vitaman madu 60 ml,50000,Mika Samo Rino,8355641791,Tuban,2025-01-22 10:56:09,2025-01-23 06:56:09,,On Delivery,2
ORD003769,2025-01-09 07:23:57,VTMMD60,vitaman madu 60 ml,50000,Sana Nano Moza,8671664395,Kediri,2025-01-09 09:22:57,2025-01-10 19:22:57,,Processed,2
ORD003770,2025-02-10 17:30:34,VTM60,vitaman 60 ml,30000,Liri Rijo Rali,8339750275,Blitar,2025-02-10 20:20:34,2025-02-11 12:20:34,2025-02-16 12:20:34,Returned,2
ORD003771,2025-01-14 07:14:44,VTM60,vitaman 60 ml,30000,Mika Raza Jori,8176380443,Banjarmasin,2025-01-14 08:53:44,2025-01-14 21:53:44,,On Delivery,2
ORD003772,2025-01-20 19:02:52,MDB120,maduboom 120 ml,23000,Moka Nomi,8190923279,Depok,2025-01-20 20:02:52,2025-01-21 05:02:52,,On Delivery,2
ORD003773,2025-01-08 10:18:02,VTMMD60,vitaman madu 60 ml,50000,Mino Mika Fano,8600485891,Situbondo,2025-01-08 10:56:02,2025-01-09 12:56:02,,Delivered,2
ORD003774,2025-01-08 15:54:17,JDM,jelly drink madu,20000,Rifa Riza Liba,8468693579,Ngawi,2025-01-08 18:53:17,2025-01-10 16:53:17,,Delivered,3
ORD003775,2025-02-11 08:29:26,VTMMD60,vitaman madu 60 ml,50000,Moli Bafa Noba,8731835123,Makassar,2025-02-11 09:38:26,2025-02-11 14:38:26,,Delivered,2
ORD003776,2025-01-16 22:15:57,VTM60,vitaman 60 ml,30000,Rana Dika Mili,8443021516,Bandar Lampung,2025-01-16 22:49:57,2025-01-17 13:49:57,2025-01-20 13:49:57,Returned,1
ORD003777,2025-01-29 18:27:54,VTM60,vitaman 60 ml,30000,Kati Moti Bano,8113947258,Cirebon,2025-01-29 19:49:54,2025-01-31 14:49:54,,On Delivery,3
ORD003778,2025-01-28 23:21:03,JDM,jelly drink madu,20000,Sati Rari,8775251578,Bengkulu,2025-01-29 01:48:03,2025-01-29 08:48:03,,Processed,3
ORD003779,2025-01-11 07:23:45,JDM,jelly drink madu,20000,Difa Rino Lisa,8854588520,Sukabumi,2025-01-11 10:19:45,2025-01-11 18:19:45,,Processed,2
ORD003780,2025-01-18 04:26:44,MDB200,maduboom 200 ml,32000,Tino Lino,8760641567,Cirebon,2025-01-18 06:54:44,2025-01-19 08:54:44,,On Delivery,2
ORD003781,2025-02-04 08:33:42,JDM,jelly drink madu,20000,Fana Rifa Joba,8918705769,Bogor,2025-02-04 10:08:42,2025-02-05 12:08:42,,On Delivery,3
ORD003782,2025-01-08 05:42:37,MDB200,maduboom 200 ml,32000,Nana Rari Zali,8319079876,Singaraja,2025-01-08 06:40:37,2025-01-09 04:40:37,,Processed,1
ORD003783,2025-02-05 20:40:57,MDB200,maduboom 200 ml,32000,Moti Lijo,8579250788,Balikpapan,2025-02-05 21:51:57,2025-02-07 11:51:57,,Delivered,1
ORD003784,2025-02-13 10:58:23,VTM60,vitaman 60 ml,30000,Zaka Momo,8310549376,Kupang,2025-02-13 12:29:23,2025-02-15 02:29:23,,Processed,1
ORD003785,2025-02-11 07:08:49,MDB200,maduboom 200 ml,32000,Zami Liza Riza,8598448158,Padang,2025-02-11 08:36:49,2025-02-11 15:36:49,,Delivered,3
ORD003786,2025-01-03 21:44:59,VTMMD60,vitaman madu 60 ml,50000,Jono Bami Joti,8780362414,Badung,2025-01-03 23:21:59,2025-01-05 21:21:59,,Processed,3
ORD003787,2025-01-06 04:47:03,JDM,jelly drink madu,20000,Jona Raka Miba,8234377008,Mataram,2025-01-06 07:33:03,2025-01-08 05:33:03,,On Delivery,3
ORD003788,2025-01-20 17:44:56,MDB120,maduboom 120 ml,23000,Rafa Rina Ridi,8743279145,Kendari,2025-01-20 19:49:56,2025-01-21 12:49:56,,On Delivery,1
ORD003789,2025-01-12 17:34:56,VTMMD60,vitaman madu 60 ml,50000,Lifa Nomo,8506549761,Singaraja,2025-01-12 19:36:56,2025-01-14 12:36:56,,Delivered,2
ORD003790,2025-01-01 07:09:23,VTM60,vitaman 60 ml,30000,Fami Nodi,8771246321,Jambi,2025-01-01 09:58:23,2025-01-02 07:58:23,,Delivered,2
ORD003791,2025-02-12 20:52:46,VTMMD60,vitaman madu 60 ml,50000,Kati Misa Joba,8811841842,Batu,2025-02-12 22:30:46,2025-02-14 16:30:46,,On Delivery,1
ORD003792,2025-02-18 22:07:53,MDB200,maduboom 200 ml,32000,Zami Naza Moli,8861297638,Singaraja,2025-02-19 00:22:53,2025-02-19 09:22:53,,On Delivery,1
ORD003793,2025-02-11 07:46:08,VTMMD60,vitaman madu 60 ml,50000,Tiza Miza,8940111245,Tuban,2025-02-11 09:38:08,2025-02-13 05:38:08,,On Delivery,2
ORD003794,2025-01-10 08:40:53,VTMMD60,vitaman madu 60 ml,50000,Dina Zari,8847246681,Bangli,2025-01-10 10:41:53,2025-01-11 09:41:53,,On Delivery,2
ORD003795,2025-02-21 02:07:34,VTM60,vitaman 60 ml,30000,Saza Mili Naba,8276130495,Lombok Barat,2025-02-21 03:01:34,2025-02-21 19:01:34,,Processed,2
ORD003796,2025-01-20 10:42:45,MDB120,maduboom 120 ml,23000,Kafa Safa,8823649985,Karawang,2025-01-20 12:14:45,2025-01-21 23:14:45,,Delivered,3
ORD003797,2025-02-28 19:02:35,MDB200,maduboom 200 ml,32000,Basa Ramo Nosa,8890553660,Jepara,2025-02-28 20:53:35,2025-03-02 11:53:35,,Delivered,3
ORD003798,2025-01-14 18:52:05,JDM,jelly drink madu,20000,Zajo Dimi Zali,8130567141,Jombang,2025-01-14 21:45:05,2025-01-15 20:45:05,,On Delivery,2
ORD003799,2025-02-10 22:48:15,JDM,jelly drink madu,20000,Zafa Risa,8498887495,Balikpapan,2025-02-10 23:32:15,2025-02-12 07:32:15,,Processed,2
ORD003800,2025-01-06 02:44:00,MDB200,maduboom 200 ml,32000,Josa Mona Jomo,8240534437,Lombok Timur,2025-01-06 04:19:00,2025-01-06 14:19:00,,On Delivery,2
ORD003801,2025-02-15 10:40:59,MDB120,maduboom 120 ml,23000,Nara Limi,8812566179,Jombang,2025-02-15 13:37:59,2025-02-16 22:37:59,,Processed,2
ORD003802,2025-01-10 04:20:21,JDM,jelly drink madu,20000,Mona Fasa,8594431415,Bengkulu,2025-01-10 06:57:21,2025-01-11 23:57:21,,Processed,1
ORD003803,2025-02-24 02:08:41,MDB200,maduboom 200 ml,32000,Riba Zafa Rina,8295072555,Buleleng,2025-02-24 04:09:41,2025-02-26 04:09:41,,Delivered,2
ORD003804,2025-01-03 10:00:35,VTMMD60,vitaman madu 60 ml,50000,Nari Noti,8504413078,Situbondo,2025-01-03 12:35:35,2025-01-04 12:35:35,,On Delivery,2
ORD003805,2025-02-12 06:35:58,JDM,jelly drink madu,20000,Lina Fami Miti,8717313392,Lombok Barat,2025-02-12 07:06:58,2025-02-13 05:06:58,,Processed,1
ORD003806,2025-02-12 09:15:32,VTMMD60,vitaman madu 60 ml,50000,Sami Sami Tiza,8886858788,Semarang,2025-02-12 12:15:32,2025-02-13 16:15:32,,On Delivery,3
ORD003807,2025-02-02 17:02:45,MDB200,maduboom 200 ml,32000,Tijo Jojo,8923595517,Medan,2025-02-02 18:55:45,2025-02-04 07:55:45,,On Delivery,3
ORD003808,2025-01-19 18:07:45,JDM,jelly drink madu,20000,Liza Zami Mili,8504639148,Lombok Timur,2025-01-19 19:16:45,2025-01-20 19:16:45,,On Delivery,3
ORD003809,2025-02-15 07:06:45,MDB200,maduboom 200 ml,32000,Faza Rami Nona,8198846427,Yogyakarta,2025-02-15 07:52:45,2025-02-17 00:52:45,,On Delivery,2
ORD003810,2025-01-13 19:46:18,VTM60,vitaman 60 ml,30000,Baba Dili,8564457283,Sorong,2025-01-13 20:16:18,2025-01-14 04:16:18,,Processed,3
ORD003811,2025-02-22 22:02:04,VTM60,vitaman 60 ml,30000,Sali Tili Mika,8996162684,Tabanan,2025-02-23 00:38:04,2025-02-24 07:38:04,,On Delivery,3
ORD003812,2025-01-29 02:39:58,VTMMD60,vitaman madu 60 ml,50000,Sati Zari Kadi,8530289741,Makassar,2025-01-29 04:51:58,2025-01-30 16:51:58,,On Delivery,1
ORD003813,2025-01-07 14:07:01,VTMMD60,vitaman madu 60 ml,50000,Sali Liba,8949518465,Boyolali,2025-01-07 16:55:01,2025-01-07 21:55:01,,On Delivery,3
ORD003814,2025-01-15 01:50:12,VTMMD60,vitaman madu 60 ml,50000,Naba Radi,8782800629,Sumedang,2025-01-15 04:24:12,2025-01-16 11:24:12,,Processed,1
ORD003815,2025-02-25 00:09:40,JDM,jelly drink madu,20000,Rana Zami Saza,8482630280,Indramayu,2025-02-25 02:28:40,2025-02-26 03:28:40,,On Delivery,3
ORD003816,2025-02-12 18:37:12,MDB200,maduboom 200 ml,32000,Mosa Noba Lidi,8243747561,Buleleng,2025-02-12 19:51:12,2025-02-13 02:51:12,,Delivered,2
ORD003817,2025-01-26 23:27:35,MDB120,maduboom 120 ml,23000,Zaza Saba,8967980432,Tabanan,2025-01-27 00:30:35,2025-01-28 16:30:35,,On Delivery,1
ORD003818,2025-01-17 07:49:02,VTM60,vitaman 60 ml,30000,Faza Fano Disa,8232750536,Situbondo,2025-01-17 09:28:02,2025-01-18 21:28:02,,Delivered,3
ORD003819,2025-01-14 23:31:18,JDM,jelly drink madu,20000,Timi Tiri Zajo,8219837070,Ternate,2025-01-15 00:56:18,2025-01-15 16:56:18,,Processed,3
ORD003820,2025-02-18 18:23:26,MDB200,maduboom 200 ml,32000,Nami Bafa,8783735553,Makassar,2025-02-18 20:06:26,2025-02-19 15:06:26,,Delivered,1
ORD003821,2025-02-27 18:49:13,MDB120,maduboom 120 ml,23000,Riza Rika,8959158023,Pasuruan,2025-02-27 19:49:13,2025-02-28 10:49:13,,Delivered,1
ORD003822,2025-01-24 13:05:57,JDM,jelly drink madu,20000,Tijo Zamo Fana,8565284910,Makassar,2025-01-24 15:57:57,2025-01-26 04:57:57,,Delivered,3
ORD003823,2025-02-11 22:00:23,VTMMD60,vitaman madu 60 ml,50000,Jono Liti Riba,8417130587,Makassar,2025-02-11 23:55:23,2025-02-13 14:55:23,,On Delivery,2
ORD003824,2025-01-20 08:17:52,MDB120,maduboom 120 ml,23000,Noka Zajo Bali,8638235118,Sorong,2025-01-20 10:20:52,2025-01-21 10:20:52,,Processed,1
ORD003825,2025-01-27 07:56:24,JDM,jelly drink madu,20000,Fasa Namo,8668129921,Kediri,2025-01-27 10:20:24,2025-01-27 21:20:24,2025-02-01 21:20:24,Returned,2
ORD003826,2025-01-31 06:42:11,JDM,jelly drink madu,20000,Zano Zaba Bali,8304752760,Padang,2025-01-31 07:19:11,2025-01-31 14:19:11,,Delivered,2
ORD003827,2025-01-07 09:44:57,VTM60,vitaman 60 ml,30000,Dimo Saba,8629245310,Lombok Barat,2025-01-07 12:24:57,2025-01-08 21:24:57,,Delivered,2
ORD003828,2025-01-22 14:49:57,JDM,jelly drink madu,20000,Kafa Nora,8203814703,Magelang,2025-01-22 17:01:57,2025-01-23 19:01:57,,Delivered,3
ORD003829,2025-01-06 13:59:20,VTM60,vitaman 60 ml,30000,Dika Fana Rajo,8507849750,Karawang,2025-01-06 15:00:20,2025-01-07 05:00:20,2025-01-12 05:00:20,Returned,2
ORD003830,2025-02-22 04:25:20,JDM,jelly drink madu,20000,Nana Rira,8177574382,Gorontalo,2025-02-22 05:30:20,2025-02-22 14:30:20,,Delivered,2
ORD003831,2025-02-22 15:39:55,MDB120,maduboom 120 ml,23000,Nona Diba Samo,8979424338,Buleleng,2025-02-22 16:51:55,2025-02-24 13:51:55,,On Delivery,2
ORD003832,2025-01-10 14:08:56,VTM60,vitaman 60 ml,30000,Tiba Tiza,8556962561,Sukabumi,2025-01-10 14:47:56,2025-01-11 14:47:56,,Processed,2
ORD003833,2025-02-09 09:42:01,VTMMD60,vitaman madu 60 ml,50000,Liza Moza Najo,8521904880,Pontianak,2025-02-09 11:32:01,2025-02-09 22:32:01,,On Delivery,1
ORD003834,2025-01-20 06:21:07,MDB200,maduboom 200 ml,32000,Miti Mono,8687273144,Kupang,2025-01-20 07:21:07,2025-01-22 07:21:07,,On Delivery,1
ORD003835,2025-02-28 09:52:54,VTMMD60,vitaman madu 60 ml,50000,Mina Noza,8956648862,Sorong,2025-02-28 11:22:54,2025-03-02 00:22:54,,Processed,1
ORD003836,2025-01-31 19:19:37,JDM,jelly drink madu,20000,Sasa Nami,8226942100,Blitar,2025-01-31 21:31:37,2025-02-01 06:31:37,,Processed,1
ORD003837,2025-01-03 12:11:56,MDB120,maduboom 120 ml,23000,Lina Faza Faka,8320521554,Blitar,2025-01-03 12:53:56,2025-01-05 04:53:56,,Delivered,3
ORD003838,2025-01-30 19:37:05,VTMMD60,vitaman madu 60 ml,50000,Kafa Bamo,8645986932,Ngawi,2025-01-30 21:09:05,2025-02-01 21:09:05,2025-02-04 21:09:05,Returned,1
ORD003839,2025-01-14 02:26:15,MDB120,maduboom 120 ml,23000,Nara Fali Zadi,8413008252,Tangerang,2025-01-14 03:38:15,2025-01-15 12:38:15,,Processed,1
ORD003840,2025-01-01 03:27:03,MDB120,maduboom 120 ml,23000,Noza Lira,8311849913,Bengkulu,2025-01-01 06:23:03,2025-01-03 03:23:03,,Delivered,2
ORD003841,2025-01-26 08:54:27,MDB200,maduboom 200 ml,32000,Kari Tifa,8102924607,Klaten,2025-01-26 10:18:27,2025-01-27 14:18:27,,Processed,3
ORD003842,2025-01-12 01:11:09,VTM60,vitaman 60 ml,30000,Rifa Joti Rara,8132107620,Situbondo,2025-01-12 02:23:09,2025-01-13 14:23:09,,Processed,3
ORD003843,2025-01-06 13:12:24,JDM,jelly drink madu,20000,Zana Faba,8160880772,Batu,2025-01-06 14:12:24,2025-01-07 09:12:24,,On Delivery,2
ORD003844,2025-01-22 10:12:07,VTMMD60,vitaman madu 60 ml,50000,Zaka Rina Noka,8465050897,Gianyar,2025-01-22 12:21:07,2025-01-24 00:21:07,,Delivered,2
ORD003845,2025-02-24 23:53:41,VTMMD60,vitaman madu 60 ml,50000,Risa Baza,8920241731,Kendari,2025-02-25 00:58:41,2025-02-25 21:58:41,,On Delivery,3
ORD003846,2025-01-20 17:13:24,JDM,jelly drink madu,20000,Rika Rili,8971204267,Banyuwangi,2025-01-20 19:08:24,2025-01-21 01:08:24,,On Delivery,3
ORD003847,2025-02-03 17:08:57,MDB200,maduboom 200 ml,32000,Zajo Bamo Rati,8142594413,Situbondo,2025-02-03 19:13:57,2025-02-04 08:13:57,2025-02-07 08:13:57,Returned,3
ORD003848,2025-01-14 21:30:16,MDB120,maduboom 120 ml,23000,Tika Naba Jofa,8465507032,Magelang,2025-01-15 00:17:16,2025-01-17 00:17:16,2025-01-24 00:17:16,Returned,2
ORD003849,2025-01-08 10:07:31,MDB120,maduboom 120 ml,23000,Nati Bara,8470769306,Ambon,2025-01-08 10:45:31,2025-01-09 23:45:31,,Processed,3
ORD003850,2025-01-07 19:51:37,VTM60,vitaman 60 ml,30000,Joza Sajo Timi,8304005282,Padang,2025-01-07 22:41:37,2025-01-09 00:41:37,,Delivered,1
ORD003851,2025-02-16 23:14:36,VTMMD60,vitaman madu 60 ml,50000,Lifa Bajo Bati,8669325789,Lombok Timur,2025-02-17 00:21:36,2025-02-18 15:21:36,,On Delivery,1
ORD003852,2025-01-26 12:32:15,JDM,jelly drink madu,20000,Nati Tijo Bano,8554117601,Ponorogo,2025-01-26 13:08:15,2025-01-27 00:08:15,,Processed,1
ORD003853,2025-01-12 07:37:40,VTM60,vitaman 60 ml,30000,Tiza Rati Limo,8320718813,Jambi,2025-01-12 09:30:40,2025-01-13 06:30:40,,Delivered,1
ORD003854,2025-02-11 16:07:57,JDM,jelly drink madu,20000,Sara Zaka Rami,8906715383,Gorontalo,2025-02-11 16:51:57,2025-02-12 21:51:57,,Processed,1
ORD003855,2025-01-22 02:03:27,VTMMD60,vitaman madu 60 ml,50000,Noli Tino Miti,8638186466,Palu,2025-01-22 02:33:27,2025-01-22 15:33:27,,Delivered,1
ORD003856,2025-01-13 14:36:46,JDM,jelly drink madu,20000,Dina Modi,8415937492,Samarinda,2025-01-13 15:24:46,2025-01-14 14:24:46,,Processed,2
ORD003857,2025-01-29 19:54:11,JDM,jelly drink madu,20000,Moli Jofa Kadi,8602017339,Cianjur,2025-01-29 22:30:11,2025-01-30 23:30:11,,Delivered,2
ORD003858,2025-01-10 03:35:48,VTM60,vitaman 60 ml,30000,Tiza Rasa,8257405209,Subang,2025-01-10 04:15:48,2025-01-11 11:15:48,,Processed,2
ORD003859,2025-01-10 08:08:53,MDB120,maduboom 120 ml,23000,Lili Mofa Zano,8466362820,Tabanan,2025-01-10 09:05:53,2025-01-11 09:05:53,,Processed,1
ORD003860,2025-02-08 17:36:22,MDB120,maduboom 120 ml,23000,Titi Naba,8433706872,Ternate,2025-02-08 19:07:22,2025-02-09 22:07:22,,Processed,3
ORD003861,2025-01-16 15:26:42,VTM60,vitaman 60 ml,30000,Zami Kana,8753990961,Magelang,2025-01-16 16:09:42,2025-01-17 01:09:42,2025-01-21 01:09:42,Returned,2
ORD003862,2025-01-12 01:30:41,VTMMD60,vitaman madu 60 ml,50000,Dijo Zaza,8278785460,Makassar,2025-01-12 03:37:41,2025-01-12 23:37:41,2025-01-18 23:37:41,Returned,3
ORD003863,2025-02-24 15:14:30,MDB200,maduboom 200 ml,32000,Moli Nora Zara,8334658147,Pontianak,2025-02-24 17:59:30,2025-02-26 03:59:30,,Delivered,1
ORD003864,2025-01-02 06:11:57,JDM,jelly drink madu,20000,Liza Mino,8745466420,Kediri,2025-01-02 07:12:57,2025-01-03 00:12:57,,On Delivery,2
ORD003865,2025-01-20 19:01:38,VTMMD60,vitaman madu 60 ml,50000,Noka Timo,8352673247,Sidoarjo,2025-01-20 20:20:38,2025-01-22 16:20:38,,Processed,1
ORD003866,2025-02-12 20:43:01,VTM60,vitaman 60 ml,30000,Miti Moka Saka,8870308163,Badung,2025-02-12 23:28:01,2025-02-13 23:28:01,2025-02-19 23:28:01,Returned,2
ORD003867,2025-01-18 10:32:33,VTM60,vitaman 60 ml,30000,Lira Moti,8565908379,Pontianak,2025-01-18 13:24:33,2025-01-19 05:24:33,,On Delivery,1
ORD003868,2025-02-14 20:46:03,MDB120,maduboom 120 ml,23000,Zara Bano,8603838603,Maumere,2025-02-14 21:43:03,2025-02-15 20:43:03,,Processed,3
ORD003869,2025-02-26 03:05:28,MDB200,maduboom 200 ml,32000,Nadi Najo Kaza,8450096256,Lombok Barat,2025-02-26 05:50:28,2025-02-27 18:50:28,,Processed,3
ORD003870,2025-02-25 00:54:21,MDB200,maduboom 200 ml,32000,Kafa Tifa,8510784727,Bogor,2025-02-25 02:06:21,2025-02-26 23:06:21,,Processed,2
ORD003871,2025-02-22 08:21:09,MDB120,maduboom 120 ml,23000,Moti Mori,8751137901,Magelang,2025-02-22 10:58:09,2025-02-23 15:58:09,,Delivered,3
ORD003872,2025-01-12 16:16:22,VTM60,vitaman 60 ml,30000,Nora Tika Bati,8728518167,Bojonegoro,2025-01-12 17:57:22,2025-01-13 03:57:22,,Processed,3
ORD003873,2025-01-16 23:48:57,MDB200,maduboom 200 ml,32000,Jori Rati,8107164675,Padang,2025-01-17 02:09:57,2025-01-17 07:09:57,,Delivered,3
ORD003874,2025-02-18 15:33:01,JDM,jelly drink madu,20000,Jomi Kaba,8614008711,Kendari,2025-02-18 16:03:01,2025-02-20 11:03:01,2025-02-23 11:03:01,Returned,3
ORD003875,2025-02-15 07:49:16,VTM60,vitaman 60 ml,30000,Lidi Joka,8289575093,Ngawi,2025-02-15 08:50:16,2025-02-16 16:50:16,,Processed,3
ORD003876,2025-01-18 21:55:17,MDB200,maduboom 200 ml,32000,Fara Mimi,8185152809,Madiun,2025-01-19 00:53:17,2025-01-20 17:53:17,,Delivered,1
ORD003877,2025-02-01 11:24:04,VTM60,vitaman 60 ml,30000,Raka Zati Fasa,8631723727,Kupang,2025-02-01 14:07:04,2025-02-02 05:07:04,,Delivered,1
ORD003878,2025-01-16 18:15:23,JDM,jelly drink madu,20000,Kaba Bajo,8648552070,Magelang,2025-01-16 19:27:23,2025-01-17 02:27:23,,Delivered,2
ORD003879,2025-02-25 06:29:22,MDB120,maduboom 120 ml,23000,Samo Joza,8270723016,Maumere,2025-02-25 08:32:22,2025-02-25 15:32:22,,Processed,3
ORD003880,2025-02-08 16:17:18,JDM,jelly drink madu,20000,Tili Fadi Zati,8858698706,Lombok Timur,2025-02-08 17:15:18,2025-02-10 00:15:18,,Processed,3
ORD003881,2025-01-28 20:46:05,MDB200,maduboom 200 ml,32000,Saka Jora,8812088159,Probolinggo,2025-01-28 22:46:05,2025-01-29 20:46:05,,On Delivery,2
ORD003882,2025-01-22 17:41:26,MDB120,maduboom 120 ml,23000,Sadi Joka Limi,8109819804,Purwokerto,2025-01-22 18:34:26,2025-01-24 10:34:26,,On Delivery,1
ORD003883,2025-02-10 07:15:18,JDM,jelly drink madu,20000,Fafa Rano Sati,8553901076,Bengkulu,2025-02-10 09:33:18,2025-02-11 21:33:18,,Processed,1
ORD003884,2025-01-17 20:25:20,MDB120,maduboom 120 ml,23000,Najo Rati,8435919849,Situbondo,2025-01-17 22:36:20,2025-01-19 08:36:20,,Delivered,3
ORD003885,2025-01-09 07:53:25,VTMMD60,vitaman madu 60 ml,50000,Lidi Jofa,8783047493,Ternate,2025-01-09 09:05:25,2025-01-11 03:05:25,,Delivered,3
ORD003886,2025-01-06 15:21:24,VTMMD60,vitaman madu 60 ml,50000,Mifa Jono Moli,8931308540,Serang,2025-01-06 17:38:24,2025-01-07 18:38:24,,On Delivery,2
ORD003887,2025-01-19 10:11:01,MDB120,maduboom 120 ml,23000,Kana Moti,8307639634,Kediri,2025-01-19 12:30:01,2025-01-21 06:30:01,,Processed,2
ORD003888,2025-01-21 19:07:33,VTMMD60,vitaman madu 60 ml,50000,Raba Timo,8660384877,Badung,2025-01-21 20:19:33,2025-01-23 16:19:33,,On Delivery,3
ORD003889,2025-02-05 06:52:03,VTM60,vitaman 60 ml,30000,Badi Nana,8461015040,Banyuwangi,2025-02-05 08:58:03,2025-02-05 23:58:03,2025-02-09 23:58:03,Returned,2
ORD003890,2025-02-25 17:05:22,JDM,jelly drink madu,20000,Risa Baka,8284791863,Palu,2025-02-25 19:58:22,2025-02-26 12:58:22,,On Delivery,2
ORD003891,2025-02-18 12:27:54,MDB200,maduboom 200 ml,32000,Raza Zami Saza,8569116490,Tasikmalaya,2025-02-18 15:23:54,2025-02-19 07:23:54,,Processed,2
ORD003892,2025-02-16 17:45:36,MDB200,maduboom 200 ml,32000,Dina Dimi Lifa,8713516792,Singaraja,2025-02-16 18:24:36,2025-02-18 14:24:36,,Delivered,1
ORD003893,2025-02-20 01:05:27,VTMMD60,vitaman madu 60 ml,50000,Tidi Bati,8276265473,Bandar Lampung,2025-02-20 03:24:27,2025-02-22 02:24:27,2025-02-26 02:24:27,Returned,3
ORD003894,2025-02-17 02:40:17,VTM60,vitaman 60 ml,30000,Tifa Jona,8782731363,Ponorogo,2025-02-17 03:41:17,2025-02-18 22:41:17,2025-02-25 22:41:17,Returned,2
ORD003895,2025-02-06 17:08:30,VTM60,vitaman 60 ml,30000,Kami Nati Fasa,8759987216,Kupang,2025-02-06 18:59:30,2025-02-08 03:59:30,,Delivered,2
ORD003896,2025-01-29 18:10:21,VTM60,vitaman 60 ml,30000,Zajo Fafa,8178647597,Jombang,2025-01-29 19:46:21,2025-01-31 00:46:21,,Delivered,1
ORD003897,2025-02-10 03:05:20,JDM,jelly drink madu,20000,Kami Rati,8953197365,Situbondo,2025-02-10 04:32:20,2025-02-12 02:32:20,,On Delivery,1
ORD003898,2025-02-02 14:42:49,MDB200,maduboom 200 ml,32000,Nara Lisa Naza,8528291874,Ponorogo,2025-02-02 17:36:49,2025-02-04 12:36:49,,Delivered,1
ORD003899,2025-01-27 15:40:38,MDB200,maduboom 200 ml,32000,Miba Sami,8969588245,Sidoarjo,2025-01-27 17:11:38,2025-01-29 08:11:38,,On Delivery,1
ORD003900,2025-01-12 21:17:12,MDB120,maduboom 120 ml,23000,Samo Rino,8552191817,Klaten,2025-01-12 23:39:12,2025-01-14 02:39:12,,Delivered,3
ORD003901,2025-02-07 10:25:52,VTMMD60,vitaman madu 60 ml,50000,Tisa Faka Lili,8333077282,Maumere,2025-02-07 12:21:52,2025-02-08 23:21:52,,On Delivery,2
ORD003902,2025-01-27 20:49:24,MDB200,maduboom 200 ml,32000,Zadi Kali,8254537421,Ende,2025-01-27 21:43:24,2025-01-29 17:43:24,,Processed,1
ORD003903,2025-02-08 19:05:33,VTMMD60,vitaman madu 60 ml,50000,Moza Tiza,8611070236,Cirebon,2025-02-08 19:49:33,2025-02-10 11:49:33,,On Delivery,2
ORD003904,2025-01-04 14:24:05,MDB200,maduboom 200 ml,32000,Tijo Tifa Nara,8833166357,Balikpapan,2025-01-04 16:37:05,2025-01-06 10:37:05,2025-01-10 10:37:05,Returned,3
ORD003905,2025-01-24 13:26:34,MDB120,maduboom 120 ml,23000,Nara Rari,8296871916,Samarinda,2025-01-24 14:28:34,2025-01-26 02:28:34,,Processed,3
ORD003906,2025-02-01 07:50:04,JDM,jelly drink madu,20000,Joka Mika,8937084213,Jambi,2025-02-01 10:17:04,2025-02-02 14:17:04,,Delivered,1
ORD003907,2025-02-19 18:33:34,MDB200,maduboom 200 ml,32000,Rasa Nomo,8372547548,Surabaya,2025-02-19 21:11:34,2025-02-20 13:11:34,2025-02-25 13:11:34,Returned,1
ORD003908,2025-01-07 19:23:19,JDM,jelly drink madu,20000,Zasa Josa,8914842063,Tangerang,2025-01-07 21:10:19,2025-01-08 11:10:19,,Processed,1
ORD003909,2025-02-27 11:55:17,JDM,jelly drink madu,20000,Zano Zami Rifa,8731466936,Kudus,2025-02-27 14:49:17,2025-03-01 08:49:17,,On Delivery,3
ORD003910,2025-02-19 06:37:13,MDB200,maduboom 200 ml,32000,Risa Rasa,8753264235,Garut,2025-02-19 08:49:13,2025-02-19 21:49:13,,Delivered,3
ORD003911,2025-01-28 08:24:05,VTMMD60,vitaman madu 60 ml,50000,Rasa Fari,8228812235,Sukabumi,2025-01-28 10:02:05,2025-01-28 18:02:05,,Delivered,2
ORD003912,2025-01-15 02:07:24,MDB200,maduboom 200 ml,32000,Rimo Nari,8220144977,Tuban,2025-01-15 03:15:24,2025-01-16 15:15:24,,Processed,2
ORD003913,2025-01-22 12:57:48,MDB120,maduboom 120 ml,23000,Fasa Bari Sami,8786092910,Singkawang,2025-01-22 15:01:48,2025-01-22 23:01:48,,Delivered,2
ORD003914,2025-02-09 13:31:40,VTMMD60,vitaman madu 60 ml,50000,Tidi Moli Famo,8530539245,Ambon,2025-02-09 15:08:40,2025-02-11 09:08:40,,On Delivery,3
ORD003915,2025-01-22 00:37:56,MDB200,maduboom 200 ml,32000,Nasa Mika Josa,8152758220,Garut,2025-01-22 01:39:56,2025-01-22 10:39:56,,Delivered,2
ORD003916,2025-02-08 05:26:04,JDM,jelly drink madu,20000,Rari Midi Raba,8801882270,Banyuwangi,2025-02-08 07:59:04,2025-02-09 17:59:04,,Delivered,1
ORD003917,2025-01-23 05:32:49,VTM60,vitaman 60 ml,30000,Rari Moti Miri,8147116908,Sidoarjo,2025-01-23 08:14:49,2025-01-24 18:14:49,,On Delivery,2
ORD003918,2025-01-09 18:44:56,MDB200,maduboom 200 ml,32000,Nora Zaka,8223480146,Lombok Timur,2025-01-09 20:49:56,2025-01-10 03:49:56,,On Delivery,1
ORD003919,2025-01-22 02:56:31,MDB120,maduboom 120 ml,23000,Lifa Mora Nona,8433776587,Gresik,2025-01-22 03:34:31,2025-01-22 08:34:31,,On Delivery,1
ORD003920,2025-02-25 19:38:09,MDB200,maduboom 200 ml,32000,Tili Safa Liza,8362342090,Indramayu,2025-02-25 21:55:09,2025-02-27 01:55:09,,Delivered,1
ORD003921,2025-02-23 08:13:34,MDB120,maduboom 120 ml,23000,Limo Moka,8756838405,Kediri,2025-02-23 08:58:34,2025-02-23 23:58:34,,Processed,2
ORD003922,2025-02-12 18:59:06,VTM60,vitaman 60 ml,30000,Famo Baza,8523374912,Subang,2025-02-12 21:46:06,2025-02-13 11:46:06,,On Delivery,3
ORD003923,2025-01-23 18:46:36,MDB200,maduboom 200 ml,32000,Jojo Momo,8401097363,Purwokerto,2025-01-23 19:58:36,2025-01-25 16:58:36,,Processed,1
ORD003924,2025-02-22 09:47:07,VTM60,vitaman 60 ml,30000,Baba Kana,8809990873,Lamongan,2025-02-22 11:23:07,2025-02-23 07:23:07,,On Delivery,2
ORD003925,2025-02-11 08:11:42,VTM60,vitaman 60 ml,30000,Nomi Badi,8658115709,Denpasar,2025-02-11 09:05:42,2025-02-12 11:05:42,,Delivered,1
ORD003926,2025-01-09 03:28:39,MDB200,maduboom 200 ml,32000,Zaka Mijo Joli,8609410164,Pekanbaru,2025-01-09 03:59:39,2025-01-10 04:59:39,,Processed,3
ORD003927,2025-02-03 19:19:42,JDM,jelly drink madu,20000,Zati Tifa Nara,8241842620,Jembrana,2025-02-03 20:27:42,2025-02-05 05:27:42,,Delivered,2
ORD003928,2025-02-22 06:48:34,JDM,jelly drink madu,20000,Noba Zati,8805516593,Singaraja,2025-02-22 07:38:34,2025-02-23 08:38:34,,On Delivery,3
ORD003929,2025-02-18 12:38:00,JDM,jelly drink madu,20000,Tika Sasa Tili,8650348977,Maumere,2025-02-18 14:21:00,2025-02-20 01:21:00,,On Delivery,3
ORD003930,2025-02-19 17:11:30,MDB120,maduboom 120 ml,23000,Dino Lika,8683579734,Tabanan,2025-02-19 19:02:30,2025-02-21 02:02:30,,Delivered,3
ORD003931,2025-02-02 10:32:37,VTMMD60,vitaman madu 60 ml,50000,Nano Zaba Namo,8186321112,Semarang,2025-02-02 11:36:37,2025-02-03 17:36:37,,Delivered,2
ORD003932,2025-01-19 02:57:27,JDM,jelly drink madu,20000,Zadi Zaza Mojo,8433127576,Maumere,2025-01-19 04:05:27,2025-01-20 12:05:27,,Delivered,2
ORD003933,2025-01-09 02:29:56,MDB120,maduboom 120 ml,23000,Bajo Kadi Lifa,8515832024,Boyolali,2025-01-09 03:59:56,2025-01-09 23:59:56,2025-01-13 23:59:56,Returned,3
ORD003934,2025-02-23 12:28:41,VTM60,vitaman 60 ml,30000,Mika Kajo Nojo,8165285515,Depok,2025-02-23 14:10:41,2025-02-24 16:10:41,,Processed,2
ORD003935,2025-01-12 13:49:33,VTMMD60,vitaman madu 60 ml,50000,Tili Jono,8374474795,Bandung,2025-01-12 16:38:33,2025-01-14 07:38:33,,Delivered,1
ORD003936,2025-02-10 19:02:11,JDM,jelly drink madu,20000,Kamo Zafa,8864626761,Palembang,2025-02-10 20:51:11,2025-02-11 06:51:11,2025-02-18 06:51:11,Returned,1
ORD003937,2025-02-02 21:14:50,MDB120,maduboom 120 ml,23000,Joti Zajo Miti,8874939338,Lombok Barat,2025-02-03 00:00:50,2025-02-04 16:00:50,,Processed,2
ORD003938,2025-01-13 17:50:48,JDM,jelly drink madu,20000,Bali Famo Joti,8233873528,Samarinda,2025-01-13 19:38:48,2025-01-15 08:38:48,,Delivered,3
ORD003939,2025-02-03 23:12:25,VTM60,vitaman 60 ml,30000,Jomo Noba Tina,8878044387,Manado,2025-02-03 23:47:25,2025-02-04 17:47:25,,Delivered,3
ORD003940,2025-02-01 18:41:46,VTMMD60,vitaman madu 60 ml,50000,Faba Kari Mora,8941554353,Ngawi,2025-02-01 21:05:46,2025-02-03 19:05:46,,Processed,1
ORD003941,2025-02-22 14:13:42,VTM60,vitaman 60 ml,30000,Saka Nafa,8326638300,Buleleng,2025-02-22 16:52:42,2025-02-23 03:52:42,2025-03-02 03:52:42,Returned,2
ORD003942,2025-02-11 02:34:31,VTM60,vitaman 60 ml,30000,Ridi Rami,8133926341,Magelang,2025-02-11 04:36:31,2025-02-12 16:36:31,,On Delivery,3
ORD003943,2025-02-24 11:15:57,MDB120,maduboom 120 ml,23000,Dili Naka,8652294246,Situbondo,2025-02-24 12:13:57,2025-02-25 04:13:57,,Delivered,1
ORD003944,2025-01-13 02:04:01,MDB200,maduboom 200 ml,32000,Raza Naza,8823961790,Cirebon,2025-01-13 03:54:01,2025-01-13 16:54:01,,Delivered,2
ORD003945,2025-01-09 21:05:39,VTMMD60,vitaman madu 60 ml,50000,Sano Liba Raba,8257127505,Serang,2025-01-09 23:18:39,2025-01-11 17:18:39,,Processed,3
ORD003946,2025-01-16 21:58:27,MDB200,maduboom 200 ml,32000,Riri Nara Mina,8587141931,Karawang,2025-01-17 00:28:27,2025-01-17 19:28:27,,Processed,2
ORD003947,2025-01-09 13:51:01,JDM,jelly drink madu,20000,Mika Lijo,8281504543,Banyuwangi,2025-01-09 14:31:01,2025-01-09 23:31:01,,Delivered,1
ORD003948,2025-01-21 10:43:23,VTM60,vitaman 60 ml,30000,Kaka Nali,8766630448,Cianjur,2025-01-21 11:29:23,2025-01-22 13:29:23,,On Delivery,3
ORD003949,2025-02-19 16:43:06,JDM,jelly drink madu,20000,Bana Dijo,8160766765,Situbondo,2025-02-19 18:08:06,2025-02-21 13:08:06,2025-02-26 13:08:06,Returned,3
ORD003950,2025-01-25 14:59:57,MDB120,maduboom 120 ml,23000,Tino Dimi Dimi,8298787954,Batam,2025-01-25 16:22:57,2025-01-27 16:22:57,,Delivered,2
ORD003951,2025-01-31 15:23:24,JDM,jelly drink madu,20000,Faza Jora Fati,8824746893,Tuban,2025-01-31 16:52:24,2025-02-01 17:52:24,,Processed,2
ORD003952,2025-01-01 09:20:45,VTMMD60,vitaman madu 60 ml,50000,Badi Sara,8194920665,Karawang,2025-01-01 12:16:45,2025-01-02 13:16:45,,Processed,2
ORD003953,2025-01-03 02:46:53,VTM60,vitaman 60 ml,30000,Fari Timi Modi,8873607986,Bogor,2025-01-03 04:04:53,2025-01-03 20:04:53,,Processed,1
ORD003954,2025-02-13 23:11:40,JDM,jelly drink madu,20000,Midi Sami Fasa,8603819111,Gresik,2025-02-14 01:21:40,2025-02-15 16:21:40,,On Delivery,1
ORD003955,2025-02-27 01:46:42,VTM60,vitaman 60 ml,30000,Zami Moli Rari,8332496122,Makassar,2025-02-27 04:12:42,2025-02-27 20:12:42,,Delivered,2
ORD003956,2025-01-19 04:47:07,MDB120,maduboom 120 ml,23000,Lisa Bano Sajo,8245268923,Gianyar,2025-01-19 06:29:07,2025-01-20 10:29:07,,On Delivery,1
ORD003957,2025-01-02 00:33:59,VTMMD60,vitaman madu 60 ml,50000,Joka Diba,8478165279,Bojonegoro,2025-01-02 02:31:59,2025-01-02 11:31:59,,Processed,2
ORD003958,2025-02-18 18:05:19,VTM60,vitaman 60 ml,30000,Jono Sadi,8545790123,Jambi,2025-02-18 19:35:19,2025-02-19 12:35:19,,Delivered,3
ORD003959,2025-01-12 09:12:35,MDB200,maduboom 200 ml,32000,Modi Dika Midi,8646345347,Klaten,2025-01-12 11:23:35,2025-01-13 02:23:35,,On Delivery,1
ORD003960,2025-02-23 11:45:34,MDB120,maduboom 120 ml,23000,Riza Tiri,8444622368,Magelang,2025-02-23 13:49:34,2025-02-24 13:49:34,,Processed,2
ORD003961,2025-02-28 23:24:18,VTMMD60,vitaman madu 60 ml,50000,Faka Rika,8572232236,Tangerang,2025-03-01 02:24:18,2025-03-02 11:24:18,,Delivered,3
ORD003962,2025-02-20 14:49:12,VTM60,vitaman 60 ml,30000,Kasa Dika Sara,8850959773,Tuban,2025-02-20 15:28:12,2025-02-21 13:28:12,2025-02-23 13:28:12,Returned,3
ORD003963,2025-01-11 13:48:33,JDM,jelly drink madu,20000,Jori Nori Liri,8656482305,Malang,2025-01-11 16:08:33,2025-01-12 23:08:33,2025-01-15 23:08:33,Returned,1
ORD003964,2025-01-10 09:30:10,MDB120,maduboom 120 ml,23000,Kadi Zaka Basa,8416508248,Tabanan,2025-01-10 10:45:10,2025-01-12 08:45:10,,On Delivery,1
ORD003965,2025-01-01 05:55:49,VTM60,vitaman 60 ml,30000,Miba Tiri,8988160791,Ponorogo,2025-01-01 07:34:49,2025-01-02 04:34:49,,On Delivery,2
ORD003966,2025-01-29 00:06:29,MDB120,maduboom 120 ml,23000,Mori Radi,8270308534,Sidoarjo,2025-01-29 02:08:29,2025-01-29 23:08:29,,Delivered,2
ORD003967,2025-02-24 05:25:43,MDB200,maduboom 200 ml,32000,Dira Rina,8227388576,Balikpapan,2025-02-24 06:06:43,2025-02-24 19:06:43,,Processed,1
ORD003968,2025-02-16 09:13:51,VTMMD60,vitaman madu 60 ml,50000,Moli Rati Timo,8250709692,Bengkulu,2025-02-16 11:49:51,2025-02-17 14:49:51,,Processed,3
ORD003969,2025-02-18 02:48:05,MDB120,maduboom 120 ml,23000,Didi Rira Mimi,8771854684,Makassar,2025-02-18 03:32:05,2025-02-18 12:32:05,,Processed,2
ORD003970,2025-02-15 13:13:25,MDB120,maduboom 120 ml,23000,Nadi Zami,8805750426,Garut,2025-02-15 14:13:25,2025-02-17 06:13:25,,Processed,1
ORD003971,2025-02-14 05:51:29,JDM,jelly drink madu,20000,Zati Faza,8697749937,Badung,2025-02-14 07:19:29,2025-02-15 07:19:29,,On Delivery,2
ORD003972,2025-01-09 04:01:48,JDM,jelly drink madu,20000,Kafa Miba Kadi,8914435413,Singkawang,2025-01-09 06:02:48,2025-01-09 12:02:48,,Processed,3
ORD003973,2025-02-21 23:34:33,JDM,jelly drink madu,20000,Miti Lifa,8910741471,Bandung,2025-02-22 00:25:33,2025-02-22 18:25:33,,Processed,2
ORD003974,2025-02-26 05:10:41,VTM60,vitaman 60 ml,30000,Rika Diza Nafa,8799741323,Purwakarta,2025-02-26 07:10:41,2025-02-27 04:10:41,,On Delivery,1
ORD003975,2025-02-27 09:33:07,VTM60,vitaman 60 ml,30000,Kafa Zaza Diti,8457438300,Larantuka,2025-02-27 12:13:07,2025-02-28 00:13:07,,Delivered,1
ORD003976,2025-01-08 10:40:13,VTMMD60,vitaman madu 60 ml,50000,Josa Zasa Kano,8188391867,Mataram,2025-01-08 11:11:13,2025-01-10 07:11:13,,Processed,2
ORD003977,2025-02-08 18:43:24,MDB120,maduboom 120 ml,23000,Mimi Fadi,8592274047,Kudus,2025-02-08 21:29:24,2025-02-10 17:29:24,,Delivered,1
ORD003978,2025-02-02 12:59:33,MDB200,maduboom 200 ml,32000,Mora Kano Lika,8205653519,Bangli,2025-02-02 14:50:33,2025-02-04 08:50:33,2025-02-11 08:50:33,Returned,2
ORD003979,2025-01-15 09:12:14,JDM,jelly drink madu,20000,Bana Naka,8928008500,Kediri,2025-01-15 11:39:14,2025-01-16 16:39:14,2025-01-23 16:39:14,Returned,2
ORD003980,2025-02-09 02:46:30,JDM,jelly drink madu,20000,Noba Kadi Mika,8812601375,Palembang,2025-02-09 03:30:30,2025-02-10 10:30:30,,Processed,3
ORD003981,2025-02-04 13:34:07,MDB120,maduboom 120 ml,23000,Noti Diti,8621017294,Tegal,2025-02-04 16:22:07,2025-02-05 00:22:07,,On Delivery,3
ORD003982,2025-02-03 08:11:26,MDB120,maduboom 120 ml,23000,Diba Radi,8928148672,Bojonegoro,2025-02-03 08:52:26,2025-02-04 00:52:26,,Delivered,1
ORD003983,2025-01-06 04:42:26,VTM60,vitaman 60 ml,30000,Nadi Jojo Zaba,8539295029,Banjarmasin,2025-01-06 05:20:26,2025-01-07 22:20:26,,Processed,1
ORD003984,2025-02-17 02:29:29,VTMMD60,vitaman madu 60 ml,50000,Riza Baza,8862627769,Malang,2025-02-17 04:41:29,2025-02-17 10:41:29,,Processed,2
ORD003985,2025-02-02 18:01:08,VTM60,vitaman 60 ml,30000,Jori Noba,8594083346,Ngawi,2025-02-02 20:31:08,2025-02-04 05:31:08,2025-02-10 05:31:08,Returned,3
ORD003986,2025-01-06 17:15:30,VTMMD60,vitaman madu 60 ml,50000,Tino Bali Zaka,8535582501,Padang,2025-01-06 18:19:30,2025-01-08 00:19:30,,On Delivery,2
ORD003987,2025-01-11 09:06:43,MDB200,maduboom 200 ml,32000,Moti Jomo Dijo,8298534090,Probolinggo,2025-01-11 11:23:43,2025-01-13 09:23:43,,Processed,3
ORD003988,2025-02-15 17:08:51,MDB120,maduboom 120 ml,23000,Rimi Nasa Noti,8127899709,Yogyakarta,2025-02-15 19:04:51,2025-02-17 04:04:51,,On Delivery,1
ORD003989,2025-02-11 23:02:52,MDB200,maduboom 200 ml,32000,Dino Diri,8256190684,Ponorogo,2025-02-12 00:47:52,2025-02-13 02:47:52,,Delivered,2
ORD003990,2025-02-22 22:38:09,MDB120,maduboom 120 ml,23000,Kati Rina,8933766662,Magelang,2025-02-22 23:27:09,2025-02-24 12:27:09,,Delivered,1
ORD003991,2025-02-10 15:11:15,MDB200,maduboom 200 ml,32000,Samo Faba,8887646924,Bogor,2025-02-10 16:08:15,2025-02-11 08:08:15,,Delivered,2
ORD003992,2025-02-24 10:35:39,VTMMD60,vitaman madu 60 ml,50000,Zafa Nofa Timo,8214347382,Singkawang,2025-02-24 12:38:39,2025-02-25 04:38:39,,On Delivery,2
ORD003993,2025-01-09 16:11:50,VTMMD60,vitaman madu 60 ml,50000,Safa Kajo,8554957325,Kudus,2025-01-09 19:11:50,2025-01-10 13:11:50,,Processed,1
ORD003994,2025-02-13 12:16:49,MDB200,maduboom 200 ml,32000,Limi Nomi,8271853216,Batu,2025-02-13 14:42:49,2025-02-14 21:42:49,,Processed,3
ORD003995,2025-01-02 05:29:29,MDB200,maduboom 200 ml,32000,Sano Baka,8432276388,Ende,2025-01-02 08:01:29,2025-01-03 06:01:29,,Delivered,1
ORD003996,2025-02-23 15:01:10,VTMMD60,vitaman madu 60 ml,50000,Nana Zadi,8659261099,Jembrana,2025-02-23 16:40:10,2025-02-25 04:40:10,,Delivered,1
ORD003997,2025-02-12 15:33:51,VTMMD60,vitaman madu 60 ml,50000,Kaka Lifa,8525021981,Tasikmalaya,2025-02-12 17:00:51,2025-02-13 08:00:51,,Delivered,1
ORD003998,2025-01-14 09:53:07,VTMMD60,vitaman madu 60 ml,50000,Dili Rili Jofa,8466918521,Lamongan,2025-01-14 12:08:07,2025-01-14 20:08:07,,Processed,3
ORD003999,2025-01-22 13:17:15,VTM60,vitaman 60 ml,30000,Dira Lili,8148158805,Bengkulu,2025-01-22 15:23:15,2025-01-24 07:23:15,,Delivered,3
ORD004000,2025-02-08 15:19:42,MDB200,maduboom 200 ml,32000,Zati Zara,8260637791,Banjarmasin,2025-02-08 17:15:42,2025-02-10 07:15:42,,On Delivery,2
ORD004001,2025-01-27 19:44:34,MDB120,maduboom 120 ml,23000,Momo Baba Rana,8691033998,Denpasar,2025-01-27 22:03:34,2025-01-29 19:03:34,,Delivered,2
ORD004002,2025-02-11 17:47:29,JDM,jelly drink madu,20000,Rika Bana,8201213936,Manado,2025-02-11 20:35:29,2025-02-13 09:35:29,,Delivered,2
ORD004003,2025-01-02 22:40:10,VTMMD60,vitaman madu 60 ml,50000,Bafa Noti,8529135420,Badung,2025-01-02 23:16:10,2025-01-03 22:16:10,,On Delivery,1
ORD004004,2025-02-22 00:51:34,JDM,jelly drink madu,20000,Sara Zajo,8935843314,Magelang,2025-02-22 01:38:34,2025-02-23 21:38:34,,Processed,1
ORD004005,2025-01-14 07:12:35,JDM,jelly drink madu,20000,Rajo Diri,8471426412,Palu,2025-01-14 10:04:35,2025-01-15 15:04:35,,Processed,3
ORD004006,2025-01-27 16:30:35,VTM60,vitaman 60 ml,30000,Fano Sari Fajo,8192717479,Palangkaraya,2025-01-27 18:46:35,2025-01-29 02:46:35,,Delivered,2
ORD004007,2025-01-05 05:06:36,MDB200,maduboom 200 ml,32000,Kati Noli Liri,8574102498,Gorontalo,2025-01-05 05:48:36,2025-01-06 13:48:36,,On Delivery,1
ORD004008,2025-02-06 23:24:42,VTMMD60,vitaman madu 60 ml,50000,Rano Tiba Sana,8346916446,Malang,2025-02-07 00:15:42,2025-02-07 09:15:42,,Processed,3
ORD004009,2025-01-02 04:56:42,JDM,jelly drink madu,20000,Disa Sana,8229047072,Probolinggo,2025-01-02 06:42:42,2025-01-02 15:42:42,,On Delivery,1
ORD004010,2025-01-10 09:38:09,VTMMD60,vitaman madu 60 ml,50000,Dika Mono Jomi,8484592596,Gianyar,2025-01-10 12:10:09,2025-01-10 17:10:09,,Delivered,3
ORD004011,2025-02-25 17:39:30,JDM,jelly drink madu,20000,Bati Zadi,8751478110,Ende,2025-02-25 18:25:30,2025-02-26 13:25:30,2025-03-03 13:25:30,Returned,1
ORD004012,2025-01-31 08:41:17,MDB200,maduboom 200 ml,32000,Zadi Jono Miza,8513911013,Banjarbaru,2025-01-31 11:33:17,2025-02-02 08:33:17,,Delivered,3
ORD004013,2025-01-01 00:15:42,MDB120,maduboom 120 ml,23000,Noba Nora Mono,8115566518,Medan,2025-01-01 01:27:42,2025-01-02 10:27:42,,On Delivery,2
ORD004014,2025-01-11 18:45:04,VTMMD60,vitaman madu 60 ml,50000,Famo Liza,8122663129,Kupang,2025-01-11 20:50:04,2025-01-13 10:50:04,,Delivered,3
ORD004015,2025-01-25 00:00:56,MDB200,maduboom 200 ml,32000,Mofa Jomo,8180356182,Pekanbaru,2025-01-25 01:39:56,2025-01-25 16:39:56,,On Delivery,3
ORD004016,2025-02-06 12:04:03,MDB120,maduboom 120 ml,23000,Rano Nono Kajo,8975681759,Jakarta,2025-02-06 13:42:03,2025-02-07 16:42:03,,Delivered,3
ORD004017,2025-01-21 11:14:55,JDM,jelly drink madu,20000,Momi Naza,8317573704,Tasikmalaya,2025-01-21 12:31:55,2025-01-23 06:31:55,,Delivered,2
ORD004018,2025-01-22 11:56:18,VTM60,vitaman 60 ml,30000,Basa Mona Fano,8724293802,Karawang,2025-01-22 12:45:18,2025-01-22 22:45:18,2025-01-29 22:45:18,Returned,2
ORD004019,2025-02-07 04:51:56,JDM,jelly drink madu,20000,Dili Namo Moli,8121844082,Bekasi,2025-02-07 06:45:56,2025-02-07 13:45:56,,Processed,1
ORD004020,2025-02-11 14:26:11,JDM,jelly drink madu,20000,Tina Didi Zaza,8289052693,Jayapura,2025-02-11 16:37:11,2025-02-13 07:37:11,,Processed,1
ORD004021,2025-02-07 10:52:35,MDB200,maduboom 200 ml,32000,Naba Rami Miti,8531505053,Surabaya,2025-02-07 12:37:35,2025-02-09 03:37:35,2025-02-13 03:37:35,Returned,3
ORD004022,2025-01-17 11:47:29,JDM,jelly drink madu,20000,Kajo Mojo,8829869321,Ngawi,2025-01-17 13:44:29,2025-01-18 18:44:29,,Processed,1
ORD004023,2025-01-09 00:01:21,JDM,jelly drink madu,20000,Dika Dira,8961069173,Semarang,2025-01-09 01:35:21,2025-01-09 23:35:21,,On Delivery,1
ORD004024,2025-02-15 16:06:22,MDB120,maduboom 120 ml,23000,Rami Bali,8897152156,Yogyakarta,2025-02-15 17:47:22,2025-02-16 19:47:22,,Processed,1
ORD004025,2025-02-02 21:41:14,JDM,jelly drink madu,20000,Najo Mina,8844017571,Pekanbaru,2025-02-02 22:20:14,2025-02-04 14:20:14,,On Delivery,3
ORD004026,2025-02-27 23:27:07,VTM60,vitaman 60 ml,30000,Tiza Moka Liri,8211905394,Jayapura,2025-02-28 01:16:07,2025-02-28 16:16:07,,Delivered,1
ORD004027,2025-02-28 22:45:44,VTMMD60,vitaman madu 60 ml,50000,Tidi Fami,8889385613,Pasuruan,2025-03-01 00:15:44,2025-03-02 16:15:44,2025-03-08 16:15:44,Returned,2
ORD004028,2025-01-12 22:46:35,JDM,jelly drink madu,20000,Faba Fano,8367150165,Cirebon,2025-01-13 00:01:35,2025-01-14 22:01:35,,Processed,1
ORD004029,2025-01-05 09:40:29,MDB120,maduboom 120 ml,23000,Kaka Nasa Zano,8262540463,Karawang,2025-01-05 10:33:29,2025-01-06 03:33:29,2025-01-12 03:33:29,Returned,3
ORD004030,2025-01-25 07:44:26,MDB120,maduboom 120 ml,23000,Kali Mojo Timi,8733761245,Maumere,2025-01-25 09:14:26,2025-01-27 05:14:26,,Delivered,2
ORD004031,2025-02-11 15:09:51,MDB200,maduboom 200 ml,32000,Fafa Fasa Faza,8630377461,Medan,2025-02-11 17:13:51,2025-02-12 00:13:51,,Processed,1
ORD004032,2025-02-05 18:16:33,MDB120,maduboom 120 ml,23000,Kafa Mosa,8213943985,Ambon,2025-02-05 19:15:33,2025-02-06 14:15:33,,On Delivery,1
ORD004033,2025-01-14 06:30:22,JDM,jelly drink madu,20000,Joka Disa,8536765496,Palu,2025-01-14 07:50:22,2025-01-15 04:50:22,,On Delivery,1
ORD004034,2025-02-13 22:23:13,MDB120,maduboom 120 ml,23000,Baka Moka Jono,8610812823,Ambon,2025-02-14 00:11:13,2025-02-14 11:11:13,,On Delivery,2
ORD004035,2025-01-25 23:26:45,JDM,jelly drink madu,20000,Zaza Nora Dili,8147935193,Ngawi,2025-01-26 00:07:45,2025-01-26 10:07:45,,On Delivery,3
ORD004036,2025-02-17 07:59:34,VTM60,vitaman 60 ml,30000,Safa Mili,8355053861,Tabanan,2025-02-17 09:37:34,2025-02-18 16:37:34,2025-02-21 16:37:34,Returned,3
ORD004037,2025-02-21 10:41:20,VTM60,vitaman 60 ml,30000,Liri Noba Naza,8145518947,Batam,2025-02-21 11:36:20,2025-02-22 05:36:20,,Delivered,2
ORD004038,2025-01-08 11:12:13,VTM60,vitaman 60 ml,30000,Saka Riti Rara,8834463097,Serang,2025-01-08 11:47:13,2025-01-10 04:47:13,2025-01-12 04:47:13,Returned,1
ORD004039,2025-02-22 00:50:33,MDB120,maduboom 120 ml,23000,Fafa Joli Lifa,8794022046,Kupang,2025-02-22 01:37:33,2025-02-22 09:37:33,,On Delivery,1
ORD004040,2025-02-23 13:14:34,MDB120,maduboom 120 ml,23000,Timi Safa Naba,8528452400,Tegal,2025-02-23 14:37:34,2025-02-25 06:37:34,2025-03-01 06:37:34,Returned,1
ORD004041,2025-01-01 13:57:33,JDM,jelly drink madu,20000,Rara Tiza Dino,8770693913,Palu,2025-01-01 15:12:33,2025-01-03 14:12:33,,Processed,3
ORD004042,2025-01-15 00:08:16,MDB120,maduboom 120 ml,23000,Titi Disa,8843699075,Singaraja,2025-01-15 00:44:16,2025-01-16 21:44:16,,Processed,3
ORD004043,2025-01-16 22:27:29,MDB200,maduboom 200 ml,32000,Sana Saba Mojo,8185181460,Situbondo,2025-01-17 01:00:29,2025-01-18 23:00:29,,On Delivery,3
ORD004044,2025-02-26 15:24:53,MDB200,maduboom 200 ml,32000,Kadi Rati Sadi,8803441538,Situbondo,2025-02-26 16:33:53,2025-02-28 08:33:53,,Processed,3
ORD004045,2025-02-27 08:06:29,VTM60,vitaman 60 ml,30000,Saka Zami,8111123966,Makassar,2025-02-27 09:17:29,2025-02-28 14:17:29,,On Delivery,3
ORD004046,2025-02-03 22:47:36,VTM60,vitaman 60 ml,30000,Rino Zati,8579246890,Manado,2025-02-03 23:44:36,2025-02-04 23:44:36,,Processed,2
ORD004047,2025-01-16 01:10:39,MDB200,maduboom 200 ml,32000,Tino Nana,8370401979,Purwokerto,2025-01-16 02:57:39,2025-01-16 16:57:39,,Processed,3
ORD004048,2025-01-03 23:30:13,JDM,jelly drink madu,20000,Samo Mimi Lika,8977569268,Garut,2025-01-04 02:29:13,2025-01-04 09:29:13,,On Delivery,2
ORD004049,2025-01-12 11:58:19,JDM,jelly drink madu,20000,Fati Sana,8198123266,Batu,2025-01-12 14:58:19,2025-01-12 21:58:19,,Delivered,1
ORD004050,2025-02-25 00:25:33,VTM60,vitaman 60 ml,30000,Mori Tifa Bami,8681119738,Buleleng,2025-02-25 01:24:33,2025-02-25 22:24:33,,Delivered,3
ORD004051,2025-02-13 12:02:33,MDB200,maduboom 200 ml,32000,Kasa Zaza Nojo,8568571568,Banyuwangi,2025-02-13 14:30:33,2025-02-14 18:30:33,,On Delivery,3
ORD004052,2025-02-11 17:04:46,MDB120,maduboom 120 ml,23000,Nojo Nojo,8503920784,Ponorogo,2025-02-11 19:15:46,2025-02-12 05:15:46,,Delivered,3
ORD004053,2025-02-06 00:48:38,JDM,jelly drink madu,20000,Namo Kari Kajo,8926983018,Gresik,2025-02-06 02:36:38,2025-02-08 01:36:38,,Delivered,1
ORD004054,2025-02-05 00:44:41,MDB120,maduboom 120 ml,23000,Nono Mina Zano,8516443509,Palu,2025-02-05 02:25:41,2025-02-06 06:25:41,,Processed,3
ORD004055,2025-01-01 06:37:42,JDM,jelly drink madu,20000,Modi Saba Rami,8345726749,Ende,2025-01-01 09:32:42,2025-01-03 09:32:42,,On Delivery,3
ORD004056,2025-01-25 20:23:48,VTMMD60,vitaman madu 60 ml,50000,Mosa Saka Nali,8264476515,Lombok Timur,2025-01-25 21:29:48,2025-01-26 14:29:48,,Processed,2
ORD004057,2025-02-20 05:48:23,VTMMD60,vitaman madu 60 ml,50000,Zami Sara Lika,8686879849,Subang,2025-02-20 07:23:23,2025-02-21 15:23:23,,Delivered,2
ORD004058,2025-02-27 10:40:38,JDM,jelly drink madu,20000,Mina Mona Joza,8960549664,Jambi,2025-02-27 12:42:38,2025-03-01 12:42:38,,Processed,1
ORD004059,2025-01-04 02:38:44,JDM,jelly drink madu,20000,Didi Liba Badi,8698210551,Yogyakarta,2025-01-04 04:49:44,2025-01-05 10:49:44,,Processed,3
ORD004060,2025-02-02 03:45:08,MDB200,maduboom 200 ml,32000,Nosa Dira Nami,8119765507,Tasikmalaya,2025-02-02 06:21:08,2025-02-03 03:21:08,,Processed,2
ORD004061,2025-02-09 21:43:34,MDB200,maduboom 200 ml,32000,Diba Kara,8358621641,Madiun,2025-02-10 00:06:34,2025-02-10 05:06:34,,Processed,1
ORD004062,2025-02-04 06:16:31,MDB200,maduboom 200 ml,32000,Sali Nono Zasa,8787573856,Semarang,2025-02-04 07:57:31,2025-02-05 14:57:31,,Delivered,1
ORD004063,2025-01-27 19:27:28,MDB120,maduboom 120 ml,23000,Kali Sari Tidi,8712449205,Bandung,2025-01-27 21:43:28,2025-01-28 18:43:28,,Delivered,2
ORD004064,2025-02-27 12:51:06,MDB200,maduboom 200 ml,32000,Diba Nono,8966199564,Gianyar,2025-02-27 13:48:06,2025-02-28 18:48:06,,Delivered,1
ORD004065,2025-02-26 06:39:08,MDB200,maduboom 200 ml,32000,Fali Fali,8584118632,Jembrana,2025-02-26 08:35:08,2025-02-28 00:35:08,,Delivered,3
ORD004066,2025-02-17 18:13:09,JDM,jelly drink madu,20000,Miza Joza Kara,8201922424,Garut,2025-02-17 19:10:09,2025-02-18 19:10:09,,Processed,2
ORD004067,2025-01-31 00:16:39,JDM,jelly drink madu,20000,Dina Jona,8330551390,Jakarta,2025-01-31 00:52:39,2025-02-01 22:52:39,,On Delivery,2
ORD004068,2025-02-17 06:50:36,MDB200,maduboom 200 ml,32000,Miba Riza,8497153291,Bekasi,2025-02-17 08:05:36,2025-02-18 19:05:36,,On Delivery,3
ORD004069,2025-02-12 05:26:42,VTMMD60,vitaman madu 60 ml,50000,Nori Limi,8367640201,Bandar Lampung,2025-02-12 07:06:42,2025-02-13 17:06:42,,Processed,2
ORD004070,2025-01-19 10:03:31,VTM60,vitaman 60 ml,30000,Miti Fari Noba,8418441234,Bojonegoro,2025-01-19 12:59:31,2025-01-19 17:59:31,,On Delivery,2
ORD004071,2025-01-06 09:41:53,VTMMD60,vitaman madu 60 ml,50000,Misa Liza Noli,8912220297,Ende,2025-01-06 12:04:53,2025-01-07 21:04:53,,Delivered,1
ORD004072,2025-01-25 01:15:28,VTMMD60,vitaman madu 60 ml,50000,Lidi Tidi,8735503035,Depok,2025-01-25 01:51:28,2025-01-26 10:51:28,,Delivered,3
ORD004073,2025-02-11 03:43:02,JDM,jelly drink madu,20000,Zali Nona Bari,8242080676,Palangkaraya,2025-02-11 05:44:02,2025-02-12 21:44:02,,On Delivery,3
ORD004074,2025-01-11 08:24:35,MDB200,maduboom 200 ml,32000,Bari Lisa,8404990886,Medan,2025-01-11 08:54:35,2025-01-12 17:54:35,,On Delivery,2
ORD004075,2025-01-30 08:44:19,MDB200,maduboom 200 ml,32000,Nati Sano,8940655410,Tangerang,2025-01-30 11:02:19,2025-01-31 23:02:19,,Processed,2
ORD004076,2025-02-24 04:48:13,MDB200,maduboom 200 ml,32000,Faza Kamo,8741361648,Serang,2025-02-24 07:00:13,2025-02-25 19:00:13,,Delivered,2
ORD004077,2025-01-16 17:46:53,JDM,jelly drink madu,20000,Fadi Kati Rino,8516124721,Pontianak,2025-01-16 19:23:53,2025-01-17 21:23:53,,On Delivery,1
ORD004078,2025-02-14 10:42:00,VTMMD60,vitaman madu 60 ml,50000,Mifa Bano,8704368912,Tasikmalaya,2025-02-14 11:28:00,2025-02-16 11:28:00,,On Delivery,1
ORD004079,2025-02-26 16:04:11,VTMMD60,vitaman madu 60 ml,50000,Nami Kasa Kami,8531494759,Ambon,2025-02-26 17:37:11,2025-02-28 12:37:11,,Delivered,2
ORD004080,2025-02-26 22:13:29,MDB200,maduboom 200 ml,32000,Rana Jono,8693552908,Singaraja,2025-02-27 01:10:29,2025-02-27 09:10:29,,Processed,1
ORD004081,2025-02-26 11:08:03,VTM60,vitaman 60 ml,30000,Nora Nosa Jora,8141513000,Semarang,2025-02-26 12:38:03,2025-02-27 06:38:03,,On Delivery,3
ORD004082,2025-01-18 01:00:07,MDB200,maduboom 200 ml,32000,Liri Nofa Samo,8899766064,Gresik,2025-01-18 02:21:07,2025-01-18 22:21:07,2025-01-25 22:21:07,Returned,2
ORD004083,2025-02-17 05:26:33,JDM,jelly drink madu,20000,Rika Lifa Sali,8730528516,Maumere,2025-02-17 07:07:33,2025-02-18 19:07:33,,On Delivery,2
ORD004084,2025-01-28 19:20:49,JDM,jelly drink madu,20000,Zano Saka Liba,8886085150,Bogor,2025-01-28 21:45:49,2025-01-30 05:45:49,,Processed,1
ORD004085,2025-01-25 22:11:42,MDB120,maduboom 120 ml,23000,Lino Bana Sajo,8742257592,Bandung,2025-01-25 23:37:42,2025-01-26 22:37:42,,Delivered,2
ORD004086,2025-01-27 19:07:17,VTMMD60,vitaman madu 60 ml,50000,Fasa Fano Zafa,8481298681,Tabanan,2025-01-27 19:43:17,2025-01-29 14:43:17,2025-02-03 14:43:17,Returned,2
ORD004087,2025-01-07 14:52:54,MDB120,maduboom 120 ml,23000,Jona Nana Joti,8318176487,Makassar,2025-01-07 16:39:54,2025-01-08 07:39:54,,Delivered,1
ORD004088,2025-01-12 02:45:26,MDB200,maduboom 200 ml,32000,Noba Noka,8559874901,Banjarmasin,2025-01-12 04:01:26,2025-01-13 09:01:26,,Delivered,2
ORD004089,2025-02-09 06:46:06,JDM,jelly drink madu,20000,Tisa Misa,8425237653,Bekasi,2025-02-09 09:29:06,2025-02-10 09:29:06,,On Delivery,3
ORD004090,2025-02-18 07:29:18,VTMMD60,vitaman madu 60 ml,50000,Dino Bajo,8497534193,Jakarta,2025-02-18 09:03:18,2025-02-19 21:03:18,,Delivered,3
ORD004091,2025-02-02 21:02:05,MDB120,maduboom 120 ml,23000,Rifa Joza Jomi,8302705548,Garut,2025-02-02 22:08:05,2025-02-04 00:08:05,,Processed,1
ORD004092,2025-01-08 22:52:42,JDM,jelly drink madu,20000,Tino Mofa,8876708774,Pekanbaru,2025-01-08 23:44:42,2025-01-09 05:44:42,,Processed,2
ORD004093,2025-02-14 07:38:15,VTM60,vitaman 60 ml,30000,Diti Kara Joba,8838771028,Jepara,2025-02-14 09:09:15,2025-02-14 22:09:15,,Delivered,2
ORD004094,2025-01-21 06:52:14,VTMMD60,vitaman madu 60 ml,50000,Zaba Rajo,8987844812,Sukabumi,2025-01-21 08:21:14,2025-01-22 14:21:14,,On Delivery,3
ORD004095,2025-01-10 14:53:30,VTMMD60,vitaman madu 60 ml,50000,Mili Mori,8201805677,Kudus,2025-01-10 15:53:30,2025-01-11 05:53:30,,Delivered,2
ORD004096,2025-01-15 03:13:42,VTM60,vitaman 60 ml,30000,Rafa Dira,8796150076,Palangkaraya,2025-01-15 03:53:42,2025-01-17 02:53:42,,Delivered,1
ORD004097,2025-02-03 12:32:11,JDM,jelly drink madu,20000,Moba Kano Mimi,8172788427,Maumere,2025-02-03 14:59:11,2025-02-05 02:59:11,,Delivered,3
ORD004098,2025-02-26 21:12:19,MDB120,maduboom 120 ml,23000,Nara Sasa,8254193817,Larantuka,2025-02-26 23:58:19,2025-02-28 17:58:19,,Delivered,3
ORD004099,2025-02-09 22:02:31,VTMMD60,vitaman madu 60 ml,50000,Nali Nora Kari,8187192497,Lamongan,2025-02-10 00:26:31,2025-02-10 07:26:31,,Processed,1
ORD004100,2025-02-22 09:00:37,JDM,jelly drink madu,20000,Bafa Joti,8173063163,Palu,2025-02-22 10:20:37,2025-02-23 10:20:37,,Delivered,2
ORD004101,2025-02-02 14:43:36,JDM,jelly drink madu,20000,Nana Bara Ridi,8419097522,Gresik,2025-02-02 15:23:36,2025-02-03 04:23:36,,Delivered,2
ORD004102,2025-02-10 03:33:01,VTMMD60,vitaman madu 60 ml,50000,Diti Limo,8830631797,Jambi,2025-02-10 05:01:01,2025-02-11 15:01:01,,Delivered,1
ORD004103,2025-01-12 20:03:17,MDB200,maduboom 200 ml,32000,Tidi Lina Tika,8225378986,Jombang,2025-01-12 20:44:17,2025-01-14 06:44:17,,Processed,1
ORD004104,2025-02-15 14:42:14,JDM,jelly drink madu,20000,Diri Tifa Lina,8548589304,Boyolali,2025-02-15 16:01:14,2025-02-16 12:01:14,,On Delivery,2
ORD004105,2025-02-26 00:54:06,JDM,jelly drink madu,20000,Zami Rajo,8220739319,Banjarmasin,2025-02-26 03:54:06,2025-02-27 16:54:06,,Delivered,3
ORD004106,2025-01-09 16:31:54,VTMMD60,vitaman madu 60 ml,50000,Momi Bali,8294155570,Samarinda,2025-01-09 18:49:54,2025-01-11 02:49:54,,Delivered,1
ORD004107,2025-02-10 23:26:05,JDM,jelly drink madu,20000,Sali Rino,8508414439,Sukabumi,2025-02-11 01:02:05,2025-02-11 15:02:05,,Processed,3
ORD004108,2025-01-05 18:50:18,VTM60,vitaman 60 ml,30000,Moti Fano,8890245262,Mataram,2025-01-05 21:23:18,2025-01-06 22:23:18,,Processed,2
ORD004109,2025-02-21 08:44:08,VTM60,vitaman 60 ml,30000,Rajo Fati,8309092485,Surabaya,2025-02-21 10:54:08,2025-02-22 23:54:08,,Processed,1
ORD004110,2025-02-19 12:43:52,VTMMD60,vitaman madu 60 ml,50000,Noka Sasa,8991987613,Magelang,2025-02-19 15:13:52,2025-02-20 14:13:52,,Processed,2
ORD004111,2025-02-06 04:58:47,MDB120,maduboom 120 ml,23000,Tifa Rari Bafa,8477427131,Cianjur,2025-02-06 06:27:47,2025-02-07 02:27:47,,On Delivery,2
ORD004112,2025-01-17 02:04:07,MDB200,maduboom 200 ml,32000,Rafa Sana,8814452686,Bengkulu,2025-01-17 04:32:07,2025-01-18 00:32:07,,Processed,1
ORD004113,2025-01-01 13:28:00,MDB200,maduboom 200 ml,32000,Liri Sasa,8440942343,Tasikmalaya,2025-01-01 15:12:00,2025-01-03 11:12:00,,On Delivery,3
ORD004114,2025-01-16 00:34:27,VTM60,vitaman 60 ml,30000,Liti Timi,8328292570,Padang,2025-01-16 03:12:27,2025-01-17 00:12:27,,On Delivery,1
ORD004115,2025-01-17 00:46:58,VTMMD60,vitaman madu 60 ml,50000,Miza Nomo Zaba,8471097937,Bangli,2025-01-17 03:16:58,2025-01-18 00:16:58,,On Delivery,2
ORD004116,2025-01-11 12:48:00,VTM60,vitaman 60 ml,30000,Fali Bami,8732099412,Larantuka,2025-01-11 15:04:00,2025-01-12 04:04:00,,Delivered,3
ORD004117,2025-01-31 17:05:17,VTM60,vitaman 60 ml,30000,Rimo Mosa,8613214619,Bangli,2025-01-31 18:43:17,2025-02-02 12:43:17,,Delivered,3
ORD004118,2025-01-04 03:41:45,VTMMD60,vitaman madu 60 ml,50000,Mijo Rano Sana,8631564240,Jombang,2025-01-04 04:27:45,2025-01-06 04:27:45,,Delivered,2
ORD004119,2025-02-16 22:07:20,MDB200,maduboom 200 ml,32000,Tidi Zami Raba,8968746889,Kudus,2025-02-17 00:02:20,2025-02-17 08:02:20,,Delivered,2
ORD004120,2025-02-11 09:37:45,JDM,jelly drink madu,20000,Moli Nofa,8263563844,Gorontalo,2025-02-11 12:06:45,2025-02-11 22:06:45,,Processed,2
ORD004121,2025-02-16 14:32:38,VTM60,vitaman 60 ml,30000,Zaka Kadi Joti,8497541269,Bandung,2025-02-16 15:49:38,2025-02-17 16:49:38,,On Delivery,3
ORD004122,2025-01-19 21:13:39,JDM,jelly drink madu,20000,Baza Liba Nora,8973821438,Denpasar,2025-01-19 23:25:39,2025-01-21 10:25:39,,Delivered,3
ORD004123,2025-02-09 18:59:45,MDB200,maduboom 200 ml,32000,Ridi Rino,8739439019,Bandung,2025-02-09 20:10:45,2025-02-10 19:10:45,,Delivered,3
ORD004124,2025-01-13 01:18:05,VTM60,vitaman 60 ml,30000,Nami Naba,8110752507,Batam,2025-01-13 02:56:05,2025-01-13 23:56:05,,Processed,2
ORD004125,2025-01-03 09:39:16,VTM60,vitaman 60 ml,30000,Tira Sati Lira,8490637857,Banjarbaru,2025-01-03 12:11:16,2025-01-04 12:11:16,,Processed,2
ORD004126,2025-01-08 15:13:29,MDB200,maduboom 200 ml,32000,Fadi Kami,8425985827,Palu,2025-01-08 16:12:29,2025-01-09 00:12:29,,Delivered,1
ORD004127,2025-02-10 05:19:05,VTM60,vitaman 60 ml,30000,Raka Kaka,8691785522,Garut,2025-02-10 05:50:05,2025-02-10 12:50:05,,Delivered,2
ORD004128,2025-02-21 17:38:17,VTM60,vitaman 60 ml,30000,Ramo Samo Zami,8401088736,Bogor,2025-02-21 20:20:17,2025-02-22 09:20:17,,Delivered,1
ORD004129,2025-02-15 18:00:57,MDB120,maduboom 120 ml,23000,Liti Mono,8265723668,Larantuka,2025-02-15 20:45:57,2025-02-17 06:45:57,,Delivered,3
ORD004130,2025-01-04 04:40:08,VTMMD60,vitaman madu 60 ml,50000,Lili Moka Naka,8311962003,Blitar,2025-01-04 07:22:08,2025-01-04 14:22:08,,Delivered,1
ORD004131,2025-02-04 05:37:52,VTMMD60,vitaman madu 60 ml,50000,Nosa Fami Baza,8757560076,Jepara,2025-02-04 06:41:52,2025-02-04 13:41:52,,On Delivery,3
ORD004132,2025-01-05 02:54:19,JDM,jelly drink madu,20000,Sano Liri,8980429941,Jambi,2025-01-05 03:24:19,2025-01-05 08:24:19,,Processed,2
ORD004133,2025-02-04 00:30:32,MDB200,maduboom 200 ml,32000,Nafa Rika Lili,8261587115,Semarang,2025-02-04 02:50:32,2025-02-06 01:50:32,,On Delivery,3
ORD004134,2025-01-02 16:17:54,JDM,jelly drink madu,20000,Rati Disa Miti,8826432791,Bandar Lampung,2025-01-02 17:10:54,2025-01-04 12:10:54,,Delivered,3
ORD004135,2025-02-12 09:45:51,VTM60,vitaman 60 ml,30000,Jono Dino,8617157976,Ambon,2025-02-12 12:06:51,2025-02-13 19:06:51,,Processed,3
ORD004136,2025-02-03 21:43:00,JDM,jelly drink madu,20000,Najo Safa Raza,8107996155,Subang,2025-02-03 22:26:00,2025-02-05 11:26:00,,Delivered,1
ORD004137,2025-02-28 14:48:31,VTMMD60,vitaman madu 60 ml,50000,Ridi Ramo Liti,8391938986,Batam,2025-02-28 17:23:31,2025-03-01 13:23:31,,Processed,1
ORD004138,2025-02-14 13:52:34,MDB200,maduboom 200 ml,32000,Famo Faka,8824130447,Cikarang,2025-02-14 16:44:34,2025-02-16 00:44:34,2025-02-21 00:44:34,Returned,2
ORD004139,2025-02-13 06:30:57,JDM,jelly drink madu,20000,Rano Sami,8242882697,Bekasi,2025-02-13 08:25:57,2025-02-15 00:25:57,,Delivered,1
ORD004140,2025-02-10 18:29:57,VTMMD60,vitaman madu 60 ml,50000,Nono Kati,8390437954,Cianjur,2025-02-10 20:44:57,2025-02-11 16:44:57,,Processed,3
ORD004141,2025-02-06 21:04:20,VTM60,vitaman 60 ml,30000,Fasa Midi,8181000317,Surabaya,2025-02-06 23:06:20,2025-02-08 09:06:20,,Processed,2
ORD004142,2025-02-07 15:18:48,VTM60,vitaman 60 ml,30000,Kari Rili,8734477626,Samarinda,2025-02-07 18:16:48,2025-02-09 16:16:48,,Processed,2
ORD004143,2025-01-23 11:07:37,VTM60,vitaman 60 ml,30000,Bali Mika Tidi,8315611186,Bekasi,2025-01-23 13:42:37,2025-01-24 08:42:37,,Processed,2
ORD004144,2025-02-09 10:28:09,MDB200,maduboom 200 ml,32000,Badi Mori,8749399740,Ngawi,2025-02-09 11:20:09,2025-02-09 16:20:09,,Delivered,1
ORD004145,2025-02-06 23:33:16,VTM60,vitaman 60 ml,30000,Zaza Kami Rira,8519938168,Buleleng,2025-02-07 01:09:16,2025-02-07 22:09:16,,Delivered,3
ORD004146,2025-01-14 00:16:01,VTM60,vitaman 60 ml,30000,Zaza Riti,8110719560,Purwakarta,2025-01-14 01:06:01,2025-01-15 03:06:01,,Processed,3
ORD004147,2025-02-26 00:34:16,VTM60,vitaman 60 ml,30000,Zafa Jora,8883878077,Maumere,2025-02-26 03:21:16,2025-02-27 01:21:16,,Delivered,1
ORD004148,2025-02-21 01:37:12,VTM60,vitaman 60 ml,30000,Rana Nami,8366157849,Kediri,2025-02-21 02:23:12,2025-02-22 18:23:12,,On Delivery,2
ORD004149,2025-02-02 05:49:41,JDM,jelly drink madu,20000,Zara Lino,8152431936,Ende,2025-02-02 07:30:41,2025-02-02 15:30:41,,On Delivery,3
ORD004150,2025-01-24 10:07:00,VTM60,vitaman 60 ml,30000,Moti Dimi,8394970835,Jakarta,2025-01-24 12:09:00,2025-01-25 11:09:00,,Delivered,2
ORD004151,2025-02-03 22:02:23,MDB200,maduboom 200 ml,32000,Zana Modi,8667002598,Karawang,2025-02-03 23:00:23,2025-02-05 03:00:23,,Delivered,2
ORD004152,2025-02-26 13:34:02,JDM,jelly drink madu,20000,Mimo Dijo,8467162358,Ngawi,2025-02-26 14:15:02,2025-02-27 17:15:02,2025-03-04 17:15:02,Returned,1
ORD004153,2025-02-02 16:01:04,VTMMD60,vitaman madu 60 ml,50000,Zadi Nojo Nofa,8946736535,Bangli,2025-02-02 17:35:04,2025-02-04 10:35:04,,Processed,2
ORD004154,2025-01-22 02:12:09,JDM,jelly drink madu,20000,Modi Tira Bamo,8246728076,Singkawang,2025-01-22 03:38:09,2025-01-23 20:38:09,,Delivered,3
ORD004155,2025-01-14 02:15:47,VTMMD60,vitaman madu 60 ml,50000,Nori Joba,8557638670,Padang,2025-01-14 04:13:47,2025-01-15 08:13:47,,Processed,3
ORD004156,2025-02-11 06:49:15,JDM,jelly drink madu,20000,Kaza Zajo Kano,8878255766,Lombok Barat,2025-02-11 08:01:15,2025-02-11 20:01:15,,On Delivery,2
ORD004157,2025-01-27 04:17:57,JDM,jelly drink madu,20000,Miti Momo,8843829974,Jembrana,2025-01-27 04:47:57,2025-01-28 22:47:57,,Processed,2
ORD004158,2025-01-07 07:26:26,MDB120,maduboom 120 ml,23000,Titi Zaka,8320810557,Banjarbaru,2025-01-07 09:43:26,2025-01-08 16:43:26,,On Delivery,3
ORD004159,2025-01-11 03:43:05,MDB120,maduboom 120 ml,23000,Tiri Sali Jori,8367489036,Tangerang,2025-01-11 04:25:05,2025-01-12 04:25:05,,Processed,3
ORD004160,2025-01-12 02:56:59,MDB200,maduboom 200 ml,32000,Kaka Nali,8790028608,Jombang,2025-01-12 04:18:59,2025-01-12 10:18:59,,Delivered,1
ORD004161,2025-01-04 03:37:54,VTMMD60,vitaman madu 60 ml,50000,Fadi Nofa,8874087620,Samarinda,2025-01-04 05:33:54,2025-01-04 22:33:54,,Processed,2
ORD004162,2025-01-27 22:26:56,MDB200,maduboom 200 ml,32000,Noza Radi Disa,8647641506,Kendari,2025-01-28 00:59:56,2025-01-29 16:59:56,,Processed,3
ORD004163,2025-01-16 19:20:11,VTMMD60,vitaman madu 60 ml,50000,Liba Rili Modi,8974326584,Sumedang,2025-01-16 21:49:11,2025-01-17 08:49:11,,On Delivery,3
ORD004164,2025-01-28 16:04:10,MDB120,maduboom 120 ml,23000,Nano Bali Noba,8675784464,Tuban,2025-01-28 16:52:10,2025-01-29 01:52:10,2025-02-01 01:52:10,Returned,1
ORD004165,2025-02-05 07:11:40,VTM60,vitaman 60 ml,30000,Moba Kaba,8847815643,Jembrana,2025-02-05 09:47:40,2025-02-06 21:47:40,,Processed,3
ORD004166,2025-02-11 01:13:06,JDM,jelly drink madu,20000,Nafa Momi,8392994275,Purwokerto,2025-02-11 02:46:06,2025-02-11 20:46:06,,Processed,3
ORD004167,2025-01-29 06:47:10,JDM,jelly drink madu,20000,Diza Noka Fano,8177035643,Palembang,2025-01-29 09:25:10,2025-01-30 21:25:10,,Processed,3
ORD004168,2025-01-06 09:00:10,VTMMD60,vitaman madu 60 ml,50000,Naka Raka Baka,8919673840,Pasuruan,2025-01-06 11:08:10,2025-01-08 00:08:10,,Processed,1
ORD004169,2025-02-25 03:14:34,MDB120,maduboom 120 ml,23000,Kali Baba Bafa,8761153444,Tuban,2025-02-25 04:25:34,2025-02-25 14:25:34,,Processed,2
ORD004170,2025-01-11 15:49:46,VTMMD60,vitaman madu 60 ml,50000,Noli Lili Diri,8174141184,Batam,2025-01-11 16:22:46,2025-01-12 17:22:46,,Processed,1
ORD004171,2025-01-28 17:41:28,VTM60,vitaman 60 ml,30000,Lisa Diri Tiza,8706126537,Bojonegoro,2025-01-28 18:41:28,2025-01-29 09:41:28,,On Delivery,2
ORD004172,2025-01-04 04:33:43,VTMMD60,vitaman madu 60 ml,50000,Zati Tiba Zara,8734385433,Gresik,2025-01-04 07:09:43,2025-01-04 16:09:43,,Processed,1
ORD004173,2025-02-24 08:09:43,JDM,jelly drink madu,20000,Riri Saba Fana,8422701013,Karawang,2025-02-24 11:05:43,2025-02-25 18:05:43,,Processed,1
ORD004174,2025-02-15 16:53:00,VTM60,vitaman 60 ml,30000,Raza Sano,8584487231,Bekasi,2025-02-15 19:52:00,2025-02-16 23:52:00,,On Delivery,2
ORD004175,2025-02-21 21:33:40,VTMMD60,vitaman madu 60 ml,50000,Sami Rano,8884866810,Mataram,2025-02-21 23:36:40,2025-02-22 18:36:40,,On Delivery,3
ORD004176,2025-01-06 22:35:06,MDB120,maduboom 120 ml,23000,Zami Rafa Mono,8705877329,Ternate,2025-01-07 00:51:06,2025-01-08 10:51:06,,Delivered,2
ORD004177,2025-02-03 14:45:27,VTMMD60,vitaman madu 60 ml,50000,Jofa Difa Moka,8844518624,Tasikmalaya,2025-02-03 17:06:27,2025-02-04 19:06:27,,Processed,3
ORD004178,2025-02-21 23:44:56,VTMMD60,vitaman madu 60 ml,50000,Kaka Zaka,8145914849,Kendari,2025-02-22 01:41:56,2025-02-22 12:41:56,,On Delivery,1
ORD004179,2025-01-10 07:45:31,MDB120,maduboom 120 ml,23000,Zadi Dijo,8550643643,Malang,2025-01-10 10:03:31,2025-01-11 01:03:31,,Delivered,3
ORD004180,2025-01-11 09:27:19,VTM60,vitaman 60 ml,30000,Bajo Ramo Nofa,8948445741,Situbondo,2025-01-11 11:54:19,2025-01-12 04:54:19,,Processed,1
ORD004181,2025-01-05 10:41:39,VTM60,vitaman 60 ml,30000,Nali Momo Kafa,8217792252,Situbondo,2025-01-05 11:25:39,2025-01-06 10:25:39,,On Delivery,3
ORD004182,2025-02-26 04:08:27,JDM,jelly drink madu,20000,Nojo Jora,8378781459,Pontianak,2025-02-26 05:40:27,2025-02-27 22:40:27,,Delivered,1
ORD004183,2025-02-18 05:38:16,VTM60,vitaman 60 ml,30000,Zamo Ridi Liza,8388791063,Maumere,2025-02-18 08:02:16,2025-02-20 02:02:16,,Processed,3
ORD004184,2025-02-12 02:09:11,MDB200,maduboom 200 ml,32000,Sana Mimo Nafa,8632364978,Samarinda,2025-02-12 04:05:11,2025-02-13 22:05:11,,Delivered,1
ORD004185,2025-02-26 14:40:44,VTMMD60,vitaman madu 60 ml,50000,Bali Nofa,8189057987,Blitar,2025-02-26 17:28:44,2025-02-27 21:28:44,2025-03-02 21:28:44,Returned,2
ORD004186,2025-02-28 20:09:15,VTM60,vitaman 60 ml,30000,Jomo Jona,8178337168,Larantuka,2025-02-28 21:19:15,2025-03-01 06:19:15,,Processed,1
ORD004187,2025-02-03 15:57:55,VTM60,vitaman 60 ml,30000,Fana Moba Timi,8175453993,Palangkaraya,2025-02-03 16:50:55,2025-02-04 03:50:55,,Delivered,1
ORD004188,2025-01-13 23:42:00,JDM,jelly drink madu,20000,Moka Sari Kami,8848695758,Jambi,2025-01-14 00:39:00,2025-01-14 22:39:00,,Processed,3
ORD004189,2025-01-24 15:06:58,VTMMD60,vitaman madu 60 ml,50000,Nari Mosa Kaba,8666602456,Batu,2025-01-24 17:56:58,2025-01-25 14:56:58,,On Delivery,3
ORD004190,2025-02-22 04:57:54,VTMMD60,vitaman madu 60 ml,50000,Fafa Lili Rimi,8168420559,Tabanan,2025-02-22 06:10:54,2025-02-23 05:10:54,,Processed,3
ORD004191,2025-02-12 03:33:15,JDM,jelly drink madu,20000,Limi Jojo,8550964996,Blitar,2025-02-12 06:17:15,2025-02-13 03:17:15,,On Delivery,2
ORD004192,2025-02-19 17:35:56,MDB120,maduboom 120 ml,23000,Zaza Nojo Zasa,8859774124,Bojonegoro,2025-02-19 20:04:56,2025-02-21 20:04:56,,On Delivery,2
ORD004193,2025-02-09 11:37:59,JDM,jelly drink madu,20000,Diti Sami Fajo,8318688368,Banyuwangi,2025-02-09 12:11:59,2025-02-10 22:11:59,,Delivered,3
ORD004194,2025-01-16 11:49:43,MDB120,maduboom 120 ml,23000,Moka Mono Zano,8240814588,Sidoarjo,2025-01-16 13:04:43,2025-01-17 20:04:43,,On Delivery,2
ORD004195,2025-01-28 20:36:30,VTM60,vitaman 60 ml,30000,Saka Mofa Lisa,8318581559,Kendari,2025-01-28 21:31:30,2025-01-30 11:31:30,,On Delivery,3
ORD004196,2025-02-05 03:22:12,VTMMD60,vitaman madu 60 ml,50000,Tina Rifa,8370811065,Pekanbaru,2025-02-05 05:29:12,2025-02-06 06:29:12,,Processed,3
ORD004197,2025-01-19 11:14:06,VTMMD60,vitaman madu 60 ml,50000,Momi Mono,8162129918,Jembrana,2025-01-19 12:37:06,2025-01-19 19:37:06,,On Delivery,3
ORD004198,2025-02-08 12:38:43,JDM,jelly drink madu,20000,Diti Moba,8108987275,Semarang,2025-02-08 13:35:43,2025-02-10 08:35:43,,On Delivery,3
ORD004199,2025-01-13 15:22:24,JDM,jelly drink madu,20000,Zadi Zati,8892452130,Samarinda,2025-01-13 17:45:24,2025-01-14 11:45:24,,Delivered,3
ORD004200,2025-01-17 22:50:54,VTM60,vitaman 60 ml,30000,Kaba Rili,8220609032,Bandung,2025-01-18 01:40:54,2025-01-18 22:40:54,,Processed,1
ORD004201,2025-01-02 11:34:28,MDB120,maduboom 120 ml,23000,Tika Rili Sari,8893199980,Medan,2025-01-02 12:33:28,2025-01-03 18:33:28,,Delivered,3
ORD004202,2025-02-17 14:38:39,VTM60,vitaman 60 ml,30000,Bajo Tiza,8874107558,Purwakarta,2025-02-17 16:19:39,2025-02-19 11:19:39,,On Delivery,3
ORD004203,2025-01-21 19:40:18,VTMMD60,vitaman madu 60 ml,50000,Rafa Dimi,8449619845,Maumere,2025-01-21 20:19:18,2025-01-23 00:19:18,,Delivered,3
ORD004204,2025-01-17 13:55:16,VTM60,vitaman 60 ml,30000,Fami Rajo,8315899329,Padang,2025-01-17 14:38:16,2025-01-19 02:38:16,,On Delivery,3
ORD004205,2025-02-26 00:39:56,VTMMD60,vitaman madu 60 ml,50000,Rimi Momo Nana,8751953355,Tegal,2025-02-26 01:29:56,2025-02-27 17:29:56,,Processed,1
ORD004206,2025-01-08 00:39:59,MDB120,maduboom 120 ml,23000,Namo Riza Baka,8440340223,Medan,2025-01-08 03:11:59,2025-01-10 02:11:59,,Delivered,2
ORD004207,2025-02-19 16:13:55,JDM,jelly drink madu,20000,Jora Miba,8193697188,Cianjur,2025-02-19 16:59:55,2025-02-19 22:59:55,,On Delivery,3
ORD004208,2025-01-29 21:42:16,JDM,jelly drink madu,20000,Moza Lika,8663752730,Ngawi,2025-01-29 23:29:16,2025-01-30 22:29:16,2025-02-05 22:29:16,Returned,3
ORD004209,2025-02-26 09:27:24,VTM60,vitaman 60 ml,30000,Bami Mino,8220274448,Purwokerto,2025-02-26 12:20:24,2025-02-27 14:20:24,,On Delivery,2
ORD004210,2025-01-22 03:31:26,MDB200,maduboom 200 ml,32000,Riza Safa,8315620675,Serang,2025-01-22 04:11:26,2025-01-22 14:11:26,,Delivered,2
ORD004211,2025-01-22 01:50:25,JDM,jelly drink madu,20000,Saba Rana,8532279251,Bandung,2025-01-22 03:13:25,2025-01-23 12:13:25,,On Delivery,2
ORD004212,2025-01-15 08:32:03,JDM,jelly drink madu,20000,Dina Bano,8631470730,Surabaya,2025-01-15 10:03:03,2025-01-17 00:03:03,,Delivered,2
ORD004213,2025-02-18 10:59:48,VTM60,vitaman 60 ml,30000,Bano Mina Rifa,8375410422,Lamongan,2025-02-18 13:10:48,2025-02-19 05:10:48,,Delivered,1
ORD004214,2025-02-16 06:08:10,VTM60,vitaman 60 ml,30000,Dili Rafa Bafa,8578243952,Gianyar,2025-02-16 07:31:10,2025-02-17 06:31:10,,Processed,2
ORD004215,2025-02-26 06:53:24,MDB120,maduboom 120 ml,23000,Moba Najo,8589425372,Purwokerto,2025-02-26 08:48:24,2025-02-27 14:48:24,,Processed,2
ORD004216,2025-01-29 21:29:29,MDB120,maduboom 120 ml,23000,Mika Tiza Faba,8150968489,Manado,2025-01-29 23:35:29,2025-01-31 20:35:29,,On Delivery,3
ORD004217,2025-02-24 22:17:20,MDB120,maduboom 120 ml,23000,Miti Lisa Miri,8197843408,Padang,2025-02-25 01:09:20,2025-02-26 19:09:20,,Processed,1
ORD004218,2025-02-11 18:10:02,MDB200,maduboom 200 ml,32000,Tira Difa,8337887426,Indramayu,2025-02-11 20:44:02,2025-02-13 05:44:02,2025-02-17 05:44:02,Returned,3
ORD004219,2025-02-14 03:58:01,JDM,jelly drink madu,20000,Diri Nano,8297181379,Jombang,2025-02-14 05:52:01,2025-02-15 20:52:01,,On Delivery,1
ORD004220,2025-01-06 08:28:47,MDB120,maduboom 120 ml,23000,Rijo Rasa Lira,8200951028,Ngawi,2025-01-06 09:40:47,2025-01-08 04:40:47,,Processed,2
ORD004221,2025-01-25 12:31:23,JDM,jelly drink madu,20000,Sami Kaka,8449957698,Ende,2025-01-25 13:36:23,2025-01-26 09:36:23,,Processed,1
ORD004222,2025-01-11 02:17:38,MDB120,maduboom 120 ml,23000,Samo Nodi Bamo,8254396526,Bengkulu,2025-01-11 04:21:38,2025-01-12 20:21:38,,On Delivery,1
ORD004223,2025-02-06 08:53:36,JDM,jelly drink madu,20000,Fati Risa Mijo,8585060200,Cirebon,2025-02-06 11:27:36,2025-02-07 11:27:36,,Delivered,3
ORD004224,2025-02-20 14:55:15,JDM,jelly drink madu,20000,Diti Bajo Jomo,8494764217,Jambi,2025-02-20 17:30:15,2025-02-22 11:30:15,,Delivered,1
ORD004225,2025-01-18 23:02:20,MDB120,maduboom 120 ml,23000,Zali Limo,8204389659,Ngawi,2025-01-19 00:30:20,2025-01-19 12:30:20,,Delivered,3
ORD004226,2025-02-02 06:33:26,VTMMD60,vitaman madu 60 ml,50000,Samo Rali Lifa,8247746070,Gresik,2025-02-02 07:24:26,2025-02-02 20:24:26,,On Delivery,1
ORD004227,2025-02-17 04:40:45,MDB200,maduboom 200 ml,32000,Limi Rajo Joba,8545615959,Blitar,2025-02-17 06:13:45,2025-02-18 10:13:45,,On Delivery,2
ORD004228,2025-01-09 17:22:50,VTM60,vitaman 60 ml,30000,Noka Bati,8378652206,Pontianak,2025-01-09 19:11:50,2025-01-10 11:11:50,,Processed,2
ORD004229,2025-02-15 00:45:47,MDB120,maduboom 120 ml,23000,Tiri Sati,8157094568,Bojonegoro,2025-02-15 03:09:47,2025-02-16 00:09:47,,On Delivery,1
ORD004230,2025-01-13 09:34:41,MDB200,maduboom 200 ml,32000,Lino Riba Baza,8231141107,Banjarbaru,2025-01-13 11:38:41,2025-01-15 10:38:41,,On Delivery,2
ORD004231,2025-01-11 14:43:08,MDB200,maduboom 200 ml,32000,Dino Nosa,8563164571,Makassar,2025-01-11 17:21:08,2025-01-11 23:21:08,,Delivered,3
ORD004232,2025-01-27 23:19:57,VTM60,vitaman 60 ml,30000,Fano Bari Kali,8743271966,Tabanan,2025-01-28 01:27:57,2025-01-30 01:27:57,,Delivered,3
ORD004233,2025-02-01 12:17:49,VTMMD60,vitaman madu 60 ml,50000,Liza Tira Nati,8196192648,Tangerang,2025-02-01 13:44:49,2025-02-03 09:44:49,,Delivered,2
ORD004234,2025-01-10 21:55:04,MDB200,maduboom 200 ml,32000,Limo Liti,8205195093,Bekasi,2025-01-10 23:41:04,2025-01-12 08:41:04,,Delivered,1
ORD004235,2025-01-18 18:35:01,JDM,jelly drink madu,20000,Risa Saka Titi,8331700416,Purwokerto,2025-01-18 19:05:01,2025-01-19 14:05:01,,On Delivery,1
ORD004236,2025-02-12 21:00:34,MDB120,maduboom 120 ml,23000,Diza Tino Rina,8144491237,Garut,2025-02-12 22:35:34,2025-02-13 08:35:34,,On Delivery,2
ORD004237,2025-01-24 22:01:57,MDB120,maduboom 120 ml,23000,Josa Faka,8425448439,Lombok Timur,2025-01-24 23:26:57,2025-01-26 07:26:57,,On Delivery,1
ORD004238,2025-02-26 23:09:06,VTMMD60,vitaman madu 60 ml,50000,Bali Nana,8443405059,Gresik,2025-02-27 00:02:06,2025-02-27 08:02:06,,On Delivery,1
ORD004239,2025-01-28 01:09:01,VTMMD60,vitaman madu 60 ml,50000,Fano Nofa Rami,8925907200,Medan,2025-01-28 01:49:01,2025-01-29 06:49:01,,Delivered,1
ORD004240,2025-01-17 17:08:30,JDM,jelly drink madu,20000,Tidi Nona,8745873880,Bandar Lampung,2025-01-17 18:51:30,2025-01-19 04:51:30,,On Delivery,1
ORD004241,2025-02-21 05:52:55,MDB200,maduboom 200 ml,32000,Lili Dino Zaba,8118486727,Bogor,2025-02-21 08:24:55,2025-02-21 22:24:55,,On Delivery,1
ORD004242,2025-01-19 03:23:57,VTM60,vitaman 60 ml,30000,Namo Kaza Faba,8755953683,Banyuwangi,2025-01-19 06:17:57,2025-01-20 10:17:57,,On Delivery,3
ORD004243,2025-01-15 09:13:39,JDM,jelly drink madu,20000,Rano Faba,8467960779,Probolinggo,2025-01-15 10:27:39,2025-01-16 07:27:39,,Delivered,3
ORD004244,2025-01-06 06:34:22,MDB200,maduboom 200 ml,32000,Nodi Jomo,8906307034,Balikpapan,2025-01-06 08:54:22,2025-01-06 22:54:22,,Processed,3
ORD004245,2025-01-18 12:47:04,VTMMD60,vitaman madu 60 ml,50000,Mika Sara,8474451592,Cikarang,2025-01-18 13:38:04,2025-01-18 21:38:04,,On Delivery,1
ORD004246,2025-02-15 17:56:31,VTM60,vitaman 60 ml,30000,Joba Zamo Tina,8333583401,Tangerang,2025-02-15 20:11:31,2025-02-17 15:11:31,,Processed,2
ORD004247,2025-02-24 14:06:15,VTM60,vitaman 60 ml,30000,Kari Zamo Lika,8461058426,Surabaya,2025-02-24 16:33:15,2025-02-25 21:33:15,,On Delivery,3
ORD004248,2025-02-04 07:21:06,JDM,jelly drink madu,20000,Bamo Rara Diri,8216799606,Lombok Barat,2025-02-04 09:18:06,2025-02-04 16:18:06,,Processed,3
ORD004249,2025-02-24 15:40:40,VTMMD60,vitaman madu 60 ml,50000,Nora Titi,8725393763,Bangli,2025-02-24 18:16:40,2025-02-26 01:16:40,,On Delivery,1
ORD004250,2025-01-11 18:15:53,JDM,jelly drink madu,20000,Dira Sati,8903543113,Jembrana,2025-01-11 20:50:53,2025-01-13 02:50:53,2025-01-18 02:50:53,Returned,2
ORD004251,2025-01-12 07:58:10,VTMMD60,vitaman madu 60 ml,50000,Dijo Jora Bamo,8418018697,Cianjur,2025-01-12 10:44:10,2025-01-13 16:44:10,,Processed,3
ORD004252,2025-02-11 22:22:18,MDB120,maduboom 120 ml,23000,Bali Nora,8811657479,Purwokerto,2025-02-12 00:22:18,2025-02-12 09:22:18,,Delivered,2
ORD004253,2025-02-07 02:22:08,MDB120,maduboom 120 ml,23000,Jomi Liri Fari,8129179340,Situbondo,2025-02-07 03:36:08,2025-02-08 14:36:08,,On Delivery,3
ORD004254,2025-01-17 07:43:12,JDM,jelly drink madu,20000,Moli Tiba,8296845896,Kendari,2025-01-17 08:59:12,2025-01-19 01:59:12,,Delivered,2
ORD004255,2025-01-06 15:03:47,JDM,jelly drink madu,20000,Sasa Radi,8555117962,Lombok Timur,2025-01-06 17:08:47,2025-01-08 03:08:47,,On Delivery,2
ORD004256,2025-02-11 05:10:31,MDB120,maduboom 120 ml,23000,Joba Radi,8591687262,Jambi,2025-02-11 07:16:31,2025-02-11 18:16:31,,Processed,2
ORD004257,2025-01-02 16:52:04,MDB120,maduboom 120 ml,23000,Rafa Sali,8961961752,Ngawi,2025-01-02 17:50:04,2025-01-04 01:50:04,,Delivered,1
ORD004258,2025-01-15 13:59:01,VTMMD60,vitaman madu 60 ml,50000,Fafa Mofa Kana,8201065203,Palembang,2025-01-15 15:32:01,2025-01-16 05:32:01,,Delivered,1
ORD004259,2025-02-05 20:32:57,VTM60,vitaman 60 ml,30000,Nadi Nomo,8659063511,Klaten,2025-02-05 22:45:57,2025-02-06 22:45:57,,Processed,3
ORD004260,2025-01-10 21:29:27,VTM60,vitaman 60 ml,30000,Rafa Rajo,8331292958,Boyolali,2025-01-10 23:26:27,2025-01-12 07:26:27,,Processed,3
ORD004261,2025-01-11 01:19:21,VTM60,vitaman 60 ml,30000,Nari Riba,8479382234,Jepara,2025-01-11 01:58:21,2025-01-11 08:58:21,,Delivered,2
ORD004262,2025-01-07 12:11:53,VTM60,vitaman 60 ml,30000,Limo Lili Misa,8913002484,Sidoarjo,2025-01-07 14:06:53,2025-01-08 09:06:53,,Delivered,3
ORD004263,2025-02-02 02:18:15,JDM,jelly drink madu,20000,Fano Mimi Josa,8796484486,Gianyar,2025-02-02 03:14:15,2025-02-04 03:14:15,,On Delivery,3
ORD004264,2025-01-31 14:32:05,VTMMD60,vitaman madu 60 ml,50000,Sari Tili,8702601386,Maumere,2025-01-31 16:16:05,2025-02-01 21:16:05,,Processed,2
ORD004265,2025-01-01 04:23:51,MDB120,maduboom 120 ml,23000,Kaba Nodi,8227943871,Boyolali,2025-01-01 06:39:51,2025-01-01 19:39:51,,Processed,1
ORD004266,2025-01-27 17:55:15,VTM60,vitaman 60 ml,30000,Mono Zami Nara,8379339852,Kudus,2025-01-27 18:50:15,2025-01-29 02:50:15,,On Delivery,3
ORD004267,2025-02-21 17:43:02,VTM60,vitaman 60 ml,30000,Liba Zaza Diri,8814210255,Balikpapan,2025-02-21 20:01:02,2025-02-23 02:01:02,,Processed,3
ORD004268,2025-01-08 03:57:45,MDB200,maduboom 200 ml,32000,Zara Jomi,8887499242,Semarang,2025-01-08 05:27:45,2025-01-08 16:27:45,,Delivered,2
ORD004269,2025-01-16 23:52:17,JDM,jelly drink madu,20000,Saza Limi,8972961776,Gresik,2025-01-17 00:45:17,2025-01-18 09:45:17,,On Delivery,1
ORD004270,2025-01-29 22:34:59,MDB200,maduboom 200 ml,32000,Liri Kali Rijo,8166652096,Tangerang,2025-01-30 00:25:59,2025-01-31 01:25:59,,Delivered,2
ORD004271,2025-01-16 13:09:39,MDB200,maduboom 200 ml,32000,Zana Riri,8313334159,Kupang,2025-01-16 14:07:39,2025-01-17 10:07:39,,On Delivery,2
ORD004272,2025-02-05 16:17:44,VTM60,vitaman 60 ml,30000,Basa Jojo,8165523374,Karangasem,2025-02-05 19:16:44,2025-02-07 17:16:44,,Processed,2
ORD004273,2025-01-23 17:25:49,MDB120,maduboom 120 ml,23000,Noka Tina,8678184615,Palu,2025-01-23 20:11:49,2025-01-24 11:11:49,,On Delivery,1
ORD004274,2025-02-07 04:48:14,VTM60,vitaman 60 ml,30000,Rami Mono,8159958369,Gresik,2025-02-07 07:36:14,2025-02-07 15:36:14,,On Delivery,2
ORD004275,2025-02-27 09:46:32,MDB200,maduboom 200 ml,32000,Moli Mojo,8961814459,Manado,2025-02-27 10:37:32,2025-02-28 18:37:32,,Processed,2
ORD004276,2025-02-10 20:49:30,MDB120,maduboom 120 ml,23000,Rili Noli Rana,8970621575,Kediri,2025-02-10 22:15:30,2025-02-12 07:15:30,,On Delivery,3
ORD004277,2025-01-22 10:00:42,VTMMD60,vitaman madu 60 ml,50000,Tiza Rifa Riti,8120632163,Kupang,2025-01-22 12:54:42,2025-01-24 11:54:42,,On Delivery,1
ORD004278,2025-01-17 20:58:15,VTM60,vitaman 60 ml,30000,Kajo Mifa,8752064385,Lombok Timur,2025-01-17 21:56:15,2025-01-19 01:56:15,,On Delivery,3
ORD004279,2025-01-02 05:07:52,MDB200,maduboom 200 ml,32000,Mosa Badi Nali,8528740764,Kupang,2025-01-02 05:57:52,2025-01-03 07:57:52,,Processed,3
ORD004280,2025-01-14 13:29:03,MDB120,maduboom 120 ml,23000,Fadi Momi,8130853363,Tangerang,2025-01-14 15:30:03,2025-01-16 15:30:03,,On Delivery,3
ORD004281,2025-02-13 01:09:57,MDB120,maduboom 120 ml,23000,Rika Momi,8604765364,Bogor,2025-02-13 03:13:57,2025-02-14 22:13:57,,Delivered,2
ORD004282,2025-02-17 01:44:35,VTMMD60,vitaman madu 60 ml,50000,Miti Nana Kana,8744310330,Banyuwangi,2025-02-17 04:42:35,2025-02-18 01:42:35,,On Delivery,2
ORD004283,2025-01-25 16:40:57,MDB200,maduboom 200 ml,32000,Kadi Mimi,8256869219,Madiun,2025-01-25 19:03:57,2025-01-26 22:03:57,,On Delivery,1
ORD004284,2025-02-19 13:36:34,VTMMD60,vitaman madu 60 ml,50000,Mimo Zajo,8159051311,Tasikmalaya,2025-02-19 15:58:34,2025-02-21 09:58:34,,Processed,3
ORD004285,2025-02-05 19:06:58,JDM,jelly drink madu,20000,Ramo Sana,8128781622,Makassar,2025-02-05 19:57:58,2025-02-06 11:57:58,2025-02-08 11:57:58,Returned,2
ORD004286,2025-01-03 16:34:26,MDB120,maduboom 120 ml,23000,Mina Famo,8618260370,Jayapura,2025-01-03 19:08:26,2025-01-05 16:08:26,,Delivered,2
ORD004287,2025-02-16 11:50:39,VTM60,vitaman 60 ml,30000,Misa Limi,8101988086,Ende,2025-02-16 13:46:39,2025-02-18 13:46:39,,Processed,1
ORD004288,2025-02-27 08:15:51,MDB120,maduboom 120 ml,23000,Kamo Momi Moti,8805124800,Kendari,2025-02-27 11:03:51,2025-03-01 00:03:51,,Delivered,2
ORD004289,2025-02-18 13:59:30,VTMMD60,vitaman madu 60 ml,50000,Fara Kamo Jodi,8118166429,Sumedang,2025-02-18 15:48:30,2025-02-19 02:48:30,,Processed,1
ORD004290,2025-02-12 23:38:33,MDB120,maduboom 120 ml,23000,Rifa Sami,8496807074,Karawang,2025-02-13 01:14:33,2025-02-14 22:14:33,,On Delivery,1
ORD004291,2025-01-16 18:18:29,VTM60,vitaman 60 ml,30000,Didi Nori,8286275858,Malang,2025-01-16 21:13:29,2025-01-17 23:13:29,,Processed,2
ORD004292,2025-01-19 06:32:17,VTM60,vitaman 60 ml,30000,Lidi Joli Fajo,8892810888,Bengkulu,2025-01-19 08:46:17,2025-01-20 09:46:17,,On Delivery,2
ORD004293,2025-02-14 16:24:20,JDM,jelly drink madu,20000,Mosa Zami,8713782076,Kendari,2025-02-14 18:36:20,2025-02-15 05:36:20,,On Delivery,1
ORD004294,2025-02-16 18:57:31,MDB200,maduboom 200 ml,32000,Safa Rino Sati,8808044026,Kudus,2025-02-16 20:38:31,2025-02-17 14:38:31,,On Delivery,1
ORD004295,2025-02-25 04:48:43,MDB200,maduboom 200 ml,32000,Disa Zali,8980034419,Jepara,2025-02-25 06:45:43,2025-02-27 05:45:43,,On Delivery,2
ORD004296,2025-02-23 20:54:56,MDB120,maduboom 120 ml,23000,Kafa Najo Kajo,8421651425,Tegal,2025-02-23 23:25:56,2025-02-24 07:25:56,,Delivered,1
ORD004297,2025-02-09 16:05:34,MDB200,maduboom 200 ml,32000,Nojo Nojo Zaza,8272233345,Palembang,2025-02-09 17:06:34,2025-02-11 02:06:34,,On Delivery,1
ORD004298,2025-01-03 09:13:48,MDB120,maduboom 120 ml,23000,Rira Ramo,8320155779,Banjarbaru,2025-01-03 09:49:48,2025-01-04 14:49:48,2025-01-10 14:49:48,Returned,3
ORD004299,2025-02-20 16:58:29,VTMMD60,vitaman madu 60 ml,50000,Saza Rafa,8190928932,Depok,2025-02-20 18:16:29,2025-02-22 03:16:29,,Delivered,3
ORD004300,2025-01-16 06:19:02,VTM60,vitaman 60 ml,30000,Zasa Dino Zajo,8841427321,Kendari,2025-01-16 08:49:02,2025-01-16 15:49:02,,Processed,3
ORD004301,2025-01-21 02:55:18,MDB120,maduboom 120 ml,23000,Rana Diba Nano,8241683781,Jepara,2025-01-21 03:38:18,2025-01-22 02:38:18,,On Delivery,1
ORD004302,2025-02-11 00:40:40,MDB200,maduboom 200 ml,32000,Riba Sasa Rijo,8793018515,Banjarbaru,2025-02-11 03:36:40,2025-02-12 15:36:40,,Processed,2
ORD004303,2025-01-01 01:41:28,JDM,jelly drink madu,20000,Mosa Saba Mijo,8315388299,Jembrana,2025-01-01 04:19:28,2025-01-02 10:19:28,,On Delivery,2
ORD004304,2025-02-20 11:46:35,JDM,jelly drink madu,20000,Tika Fara Badi,8584518194,Sorong,2025-02-20 13:56:35,2025-02-21 08:56:35,,On Delivery,1
ORD004305,2025-01-11 06:04:39,VTMMD60,vitaman madu 60 ml,50000,Zaka Mili,8329933381,Jombang,2025-01-11 07:45:39,2025-01-12 06:45:39,2025-01-18 06:45:39,Returned,1
ORD004306,2025-01-05 19:07:36,JDM,jelly drink madu,20000,Mifa Mono,8154825449,Bandung,2025-01-05 21:58:36,2025-01-07 01:58:36,,On Delivery,1
ORD004307,2025-01-16 22:41:45,MDB120,maduboom 120 ml,23000,Dina Sano Rijo,8524068024,Serang,2025-01-16 23:40:45,2025-01-17 16:40:45,,On Delivery,1
ORD004308,2025-01-09 10:02:53,MDB200,maduboom 200 ml,32000,Zadi Zaba,8360580724,Gresik,2025-01-09 11:39:53,2025-01-09 17:39:53,,Delivered,3
ORD004309,2025-01-17 03:15:09,JDM,jelly drink madu,20000,Difa Lifa,8380390381,Banyuwangi,2025-01-17 04:33:09,2025-01-18 16:33:09,,Processed,1
ORD004310,2025-01-29 17:22:03,MDB200,maduboom 200 ml,32000,Rifa Rasa,8465836763,Semarang,2025-01-29 19:41:03,2025-01-30 12:41:03,,Delivered,2
ORD004311,2025-02-27 20:33:01,MDB200,maduboom 200 ml,32000,Bami Nafa Saza,8332969727,Purwakarta,2025-02-27 22:12:01,2025-02-28 15:12:01,,Processed,3
ORD004312,2025-01-16 16:26:40,MDB120,maduboom 120 ml,23000,Tira Saka,8872962549,Jayapura,2025-01-16 17:07:40,2025-01-17 03:07:40,,On Delivery,3
ORD004313,2025-02-13 05:14:29,VTM60,vitaman 60 ml,30000,Noba Raka Noza,8722557048,Magelang,2025-02-13 05:52:29,2025-02-14 19:52:29,2025-02-21 19:52:29,Returned,3
ORD004314,2025-01-26 21:10:10,MDB120,maduboom 120 ml,23000,Nono Tiri,8559098871,Banjarbaru,2025-01-26 22:27:10,2025-01-27 13:27:10,,Processed,1
ORD004315,2025-02-11 08:05:05,MDB120,maduboom 120 ml,23000,Kafa Zaza Kasa,8119886739,Bandung,2025-02-11 10:17:05,2025-02-12 13:17:05,,On Delivery,2
ORD004316,2025-01-28 19:31:32,VTM60,vitaman 60 ml,30000,Fana Nami,8758965715,Tabanan,2025-01-28 20:05:32,2025-01-30 10:05:32,,Delivered,2
ORD004317,2025-02-16 03:16:29,JDM,jelly drink madu,20000,Nadi Jomo Noka,8386750633,Madiun,2025-02-16 03:49:29,2025-02-17 05:49:29,,Delivered,3
ORD004318,2025-02-28 03:50:47,JDM,jelly drink madu,20000,Lifa Diba,8922800914,Jepara,2025-02-28 04:26:47,2025-03-01 23:26:47,,On Delivery,2
ORD004319,2025-02-15 08:43:25,VTMMD60,vitaman madu 60 ml,50000,Rari Nara,8416229458,Tuban,2025-02-15 10:17:25,2025-02-17 02:17:25,,Delivered,1
ORD004320,2025-01-31 20:04:22,VTMMD60,vitaman madu 60 ml,50000,Nami Naba Bara,8109165142,Cianjur,2025-01-31 21:23:22,2025-02-01 20:23:22,,Processed,2
ORD004321,2025-02-12 08:41:11,MDB200,maduboom 200 ml,32000,Mojo Josa,8709318667,Purwakarta,2025-02-12 11:13:11,2025-02-14 03:13:11,,On Delivery,3
ORD004322,2025-01-20 23:28:52,JDM,jelly drink madu,20000,Bali Jomo Kari,8226317572,Gresik,2025-01-21 02:21:52,2025-01-22 12:21:52,,On Delivery,2
ORD004323,2025-01-17 03:49:40,VTMMD60,vitaman madu 60 ml,50000,Timo Ridi Miri,8977634436,Bogor,2025-01-17 04:20:40,2025-01-19 02:20:40,2025-01-24 02:20:40,Returned,2
ORD004324,2025-02-20 22:35:44,JDM,jelly drink madu,20000,Miri Mori Tiri,8526706843,Sorong,2025-02-20 23:38:44,2025-02-21 20:38:44,,On Delivery,3
ORD004325,2025-01-22 23:47:43,VTMMD60,vitaman madu 60 ml,50000,Jofa Zajo Radi,8219196892,Medan,2025-01-23 00:47:43,2025-01-24 20:47:43,,Delivered,2
ORD004326,2025-01-12 20:01:15,MDB120,maduboom 120 ml,23000,Rati Moba,8813997919,Situbondo,2025-01-12 22:15:15,2025-01-13 15:15:15,,Processed,2
ORD004327,2025-02-10 03:05:54,JDM,jelly drink madu,20000,Nali Nasa Jofa,8208974767,Samarinda,2025-02-10 05:04:54,2025-02-11 04:04:54,,Delivered,1
ORD004328,2025-02-14 16:58:02,MDB200,maduboom 200 ml,32000,Safa Mina,8477720074,Maumere,2025-02-14 19:23:02,2025-02-16 13:23:02,2025-02-19 13:23:02,Returned,2
ORD004329,2025-02-24 06:13:37,MDB120,maduboom 120 ml,23000,Dili Zasa Riti,8839751854,Bojonegoro,2025-02-24 08:21:37,2025-02-25 13:21:37,,Delivered,2
ORD004330,2025-01-09 22:48:02,JDM,jelly drink madu,20000,Mimi Moba,8465313971,Ambon,2025-01-10 01:20:02,2025-01-11 02:20:02,,Delivered,3
ORD004331,2025-02-05 07:53:25,MDB200,maduboom 200 ml,32000,Misa Kaka,8384486623,Banjarbaru,2025-02-05 09:08:25,2025-02-07 06:08:25,,On Delivery,2
ORD004332,2025-01-05 12:36:45,JDM,jelly drink madu,20000,Kaza Momi,8295361074,Depok,2025-01-05 14:33:45,2025-01-07 13:33:45,,Processed,1
ORD004333,2025-02-15 01:11:22,MDB200,maduboom 200 ml,32000,Sami Limo Joti,8185718936,Samarinda,2025-02-15 01:43:22,2025-02-17 00:43:22,2025-02-24 00:43:22,Returned,1
ORD004334,2025-01-31 16:08:49,JDM,jelly drink madu,20000,Mosa Jori Liba,8749586733,Lamongan,2025-01-31 16:57:49,2025-02-02 07:57:49,,Delivered,3
ORD004335,2025-02-19 19:08:01,MDB200,maduboom 200 ml,32000,Mimi Lijo Nara,8266741570,Buleleng,2025-02-19 19:45:01,2025-02-21 08:45:01,,Delivered,2
ORD004336,2025-01-30 06:55:34,VTMMD60,vitaman madu 60 ml,50000,Jodi Faba Baza,8214718911,Pontianak,2025-01-30 09:27:34,2025-01-31 07:27:34,,Delivered,1
ORD004337,2025-02-08 03:53:27,MDB200,maduboom 200 ml,32000,Safa Zami Joza,8980122356,Kupang,2025-02-08 06:43:27,2025-02-09 13:43:27,,Processed,2
ORD004338,2025-01-14 00:14:05,VTM60,vitaman 60 ml,30000,Tino Riza Jojo,8612969570,Mataram,2025-01-14 02:56:05,2025-01-15 17:56:05,,Processed,3
ORD004339,2025-01-28 15:50:44,JDM,jelly drink madu,20000,Miti Bana Misa,8289473729,Yogyakarta,2025-01-28 17:10:44,2025-01-30 16:10:44,,Delivered,1
ORD004340,2025-02-17 02:58:17,VTMMD60,vitaman madu 60 ml,50000,Rana Rasa Mika,8531896603,Jombang,2025-02-17 04:31:17,2025-02-18 22:31:17,,Processed,2
ORD004341,2025-01-12 04:55:26,MDB120,maduboom 120 ml,23000,Limo Noli,8286336414,Yogyakarta,2025-01-12 06:41:26,2025-01-13 20:41:26,,On Delivery,3
ORD004342,2025-02-01 11:32:25,JDM,jelly drink madu,20000,Joka Tina Tiza,8683872635,Kendari,2025-02-01 14:05:25,2025-02-02 07:05:25,,Processed,3
ORD004343,2025-02-14 03:54:53,MDB200,maduboom 200 ml,32000,Tika Rali Lijo,8241733753,Jombang,2025-02-14 06:42:53,2025-02-15 08:42:53,,Delivered,1
ORD004344,2025-02-04 15:10:13,VTMMD60,vitaman madu 60 ml,50000,Raza Rati Kadi,8599634840,Bojonegoro,2025-02-04 16:10:13,2025-02-06 04:10:13,2025-02-13 04:10:13,Returned,3
ORD004345,2025-02-14 02:17:42,MDB200,maduboom 200 ml,32000,Kali Lijo Nofa,8923999317,Makassar,2025-02-14 02:56:42,2025-02-15 00:56:42,,Delivered,2
ORD004346,2025-01-28 01:59:27,MDB200,maduboom 200 ml,32000,Nori Dira,8409168917,Padang,2025-01-28 04:11:27,2025-01-28 09:11:27,,Delivered,1
ORD004347,2025-01-12 23:42:08,VTM60,vitaman 60 ml,30000,Joli Bari Ramo,8939179744,Lombok Barat,2025-01-13 01:50:08,2025-01-14 01:50:08,,Delivered,2
ORD004348,2025-01-03 11:13:29,VTMMD60,vitaman madu 60 ml,50000,Misa Safa,8777004497,Palembang,2025-01-03 14:05:29,2025-01-05 03:05:29,,Processed,3
ORD004349,2025-01-02 06:57:18,MDB120,maduboom 120 ml,23000,Mika Mojo,8524863843,Depok,2025-01-02 07:54:18,2025-01-03 11:54:18,2025-01-09 11:54:18,Returned,1
ORD004350,2025-01-02 23:25:47,MDB120,maduboom 120 ml,23000,Noka Lisa Faba,8313919435,Mataram,2025-01-03 01:07:47,2025-01-04 04:07:47,,On Delivery,3
ORD004351,2025-01-24 05:11:02,JDM,jelly drink madu,20000,Fana Saka,8666270591,Yogyakarta,2025-01-24 07:30:02,2025-01-25 09:30:02,,Delivered,1
ORD004352,2025-01-06 17:26:48,VTM60,vitaman 60 ml,30000,Jomi Nali Faka,8151365257,Tuban,2025-01-06 19:36:48,2025-01-08 16:36:48,,On Delivery,3
ORD004353,2025-01-21 13:19:51,MDB200,maduboom 200 ml,32000,Rifa Miti,8790747395,Makassar,2025-01-21 14:21:51,2025-01-22 15:21:51,,Delivered,3
ORD004354,2025-02-21 03:35:06,VTMMD60,vitaman madu 60 ml,50000,Fajo Mosa Tika,8710072043,Jepara,2025-02-21 05:40:06,2025-02-23 03:40:06,,Processed,2
ORD004355,2025-01-16 15:15:15,MDB120,maduboom 120 ml,23000,Dijo Kati,8977496210,Bandung,2025-01-16 17:01:15,2025-01-18 11:01:15,,On Delivery,1
ORD004356,2025-02-12 08:36:11,MDB120,maduboom 120 ml,23000,Lifa Nono,8635423101,Situbondo,2025-02-12 09:07:11,2025-02-14 09:07:11,,Processed,2
ORD004357,2025-01-21 18:17:35,MDB200,maduboom 200 ml,32000,Zadi Naka Rara,8101274801,Sukabumi,2025-01-21 19:41:35,2025-01-22 07:41:35,,Delivered,2
ORD004358,2025-02-23 15:59:34,MDB120,maduboom 120 ml,23000,Jori Sana,8591930842,Purwokerto,2025-02-23 17:09:34,2025-02-25 07:09:34,,Processed,1
ORD004359,2025-01-05 13:11:32,VTM60,vitaman 60 ml,30000,Tisa Noli,8915248123,Lamongan,2025-01-05 15:54:32,2025-01-07 07:54:32,,Delivered,1
ORD004360,2025-02-10 08:37:39,MDB200,maduboom 200 ml,32000,Lino Mimi Bati,8656886237,Denpasar,2025-02-10 10:42:39,2025-02-11 16:42:39,2025-02-17 16:42:39,Returned,1
ORD004361,2025-02-27 07:31:45,MDB200,maduboom 200 ml,32000,Fajo Momo Kasa,8555425831,Banyuwangi,2025-02-27 09:54:45,2025-02-28 21:54:45,,Processed,1
ORD004362,2025-01-23 15:54:27,JDM,jelly drink madu,20000,Moti Fana,8632365294,Malang,2025-01-23 18:39:27,2025-01-24 06:39:27,,Processed,2
ORD004363,2025-01-08 22:39:34,VTM60,vitaman 60 ml,30000,Bafa Bano Midi,8972602339,Surabaya,2025-01-09 01:14:34,2025-01-09 22:14:34,,On Delivery,3
ORD004364,2025-01-12 17:24:34,MDB120,maduboom 120 ml,23000,Didi Rajo,8145987513,Banjarbaru,2025-01-12 18:33:34,2025-01-13 17:33:34,,Processed,3
ORD004365,2025-01-03 16:44:11,MDB120,maduboom 120 ml,23000,Nara Mona Sajo,8549261021,Madiun,2025-01-03 18:16:11,2025-01-04 11:16:11,,Delivered,3
ORD004366,2025-02-10 20:37:37,VTM60,vitaman 60 ml,30000,Kami Ramo,8480570619,Maumere,2025-02-10 22:24:37,2025-02-12 22:24:37,,On Delivery,1
ORD004367,2025-02-23 08:52:35,VTM60,vitaman 60 ml,30000,Rino Sami Kadi,8487077810,Palu,2025-02-23 09:45:35,2025-02-25 00:45:35,,Delivered,3
ORD004368,2025-01-18 10:24:21,JDM,jelly drink madu,20000,Lijo Mofa Zaba,8852622267,Jambi,2025-01-18 12:33:21,2025-01-19 06:33:21,,Delivered,2
ORD004369,2025-01-12 03:50:17,VTMMD60,vitaman madu 60 ml,50000,Saka Lijo,8155781820,Larantuka,2025-01-12 05:10:17,2025-01-14 03:10:17,,Delivered,3
ORD004370,2025-02-17 21:47:55,MDB200,maduboom 200 ml,32000,Moba Nofa,8375441748,Cirebon,2025-02-17 23:37:55,2025-02-18 07:37:55,,On Delivery,2
ORD004371,2025-01-12 00:40:06,VTMMD60,vitaman madu 60 ml,50000,Lino Namo,8300748581,Probolinggo,2025-01-12 01:28:06,2025-01-13 08:28:06,,On Delivery,2
ORD004372,2025-02-16 02:39:26,VTM60,vitaman 60 ml,30000,Nano Fadi,8243155344,Bengkulu,2025-02-16 03:55:26,2025-02-17 01:55:26,,Delivered,1
ORD004373,2025-01-14 00:08:02,VTM60,vitaman 60 ml,30000,Jora Rali,8730568843,Purwakarta,2025-01-14 02:40:02,2025-01-15 06:40:02,,On Delivery,1
ORD004374,2025-02-03 15:21:42,MDB200,maduboom 200 ml,32000,Riri Joka Mifa,8887198935,Subang,2025-02-03 17:42:42,2025-02-05 12:42:42,,On Delivery,2
ORD004375,2025-01-25 11:25:41,MDB200,maduboom 200 ml,32000,Lino Kasa Naka,8475289898,Bengkulu,2025-01-25 12:35:41,2025-01-26 21:35:41,,Processed,3
ORD004376,2025-01-19 02:10:11,VTM60,vitaman 60 ml,30000,Rimi Fara Nana,8360136242,Probolinggo,2025-01-19 04:07:11,2025-01-20 22:07:11,,On Delivery,3
ORD004377,2025-01-05 05:59:37,MDB200,maduboom 200 ml,32000,Joza Miti,8486849809,Buleleng,2025-01-05 06:42:37,2025-01-06 10:42:37,,Delivered,1
ORD004378,2025-01-09 18:08:05,VTM60,vitaman 60 ml,30000,Faka Rimo,8111488068,Tasikmalaya,2025-01-09 18:50:05,2025-01-11 05:50:05,,Processed,3
ORD004379,2025-01-19 18:59:07,JDM,jelly drink madu,20000,Moba Dijo,8274571183,Makassar,2025-01-19 21:11:07,2025-01-21 09:11:07,,On Delivery,3
ORD004380,2025-01-28 11:20:19,VTM60,vitaman 60 ml,30000,Fana Mira,8751455032,Cianjur,2025-01-28 13:57:19,2025-01-29 08:57:19,,Processed,1
ORD004381,2025-01-10 22:13:07,VTMMD60,vitaman madu 60 ml,50000,Joli Tijo,8433505333,Mataram,2025-01-11 00:46:07,2025-01-12 02:46:07,,Delivered,1
ORD004382,2025-02-11 05:06:06,JDM,jelly drink madu,20000,Fafa Mifa Dira,8434457062,Palembang,2025-02-11 07:55:06,2025-02-11 13:55:06,,Processed,3
ORD004383,2025-01-08 03:06:01,JDM,jelly drink madu,20000,Didi Nano Noka,8349936417,Purwakarta,2025-01-08 04:22:01,2025-01-09 13:22:01,,Processed,1
ORD004384,2025-01-11 16:00:42,JDM,jelly drink madu,20000,Timi Kaba Rasa,8822588914,Situbondo,2025-01-11 17:30:42,2025-01-13 03:30:42,2025-01-18 03:30:42,Returned,2
ORD004385,2025-02-22 08:46:05,VTMMD60,vitaman madu 60 ml,50000,Nadi Rika Bati,8438926438,Bekasi,2025-02-22 10:22:05,2025-02-22 19:22:05,,On Delivery,2
ORD004386,2025-02-02 16:38:02,MDB200,maduboom 200 ml,32000,Timo Kari Mina,8986504132,Cikarang,2025-02-02 19:27:02,2025-02-03 21:27:02,2025-02-08 21:27:02,Returned,3
ORD004387,2025-01-14 22:48:01,MDB200,maduboom 200 ml,32000,Midi Rina,8965054169,Kupang,2025-01-15 00:16:01,2025-01-16 02:16:01,,Delivered,2
ORD004388,2025-01-14 01:51:17,JDM,jelly drink madu,20000,Tiba Nara Momi,8635836531,Cikarang,2025-01-14 04:11:17,2025-01-14 22:11:17,2025-01-21 22:11:17,Returned,2
ORD004389,2025-01-28 07:56:56,MDB200,maduboom 200 ml,32000,Joka Noka,8841927791,Lombok Barat,2025-01-28 08:32:56,2025-01-30 04:32:56,,Delivered,3
ORD004390,2025-02-15 01:35:45,VTMMD60,vitaman madu 60 ml,50000,Faba Kasa,8640017629,Gresik,2025-02-15 03:38:45,2025-02-16 20:38:45,,Delivered,2
ORD004391,2025-01-24 21:17:47,MDB200,maduboom 200 ml,32000,Basa Kati Mira,8582230743,Lamongan,2025-01-24 22:39:47,2025-01-26 07:39:47,,Delivered,3
ORD004392,2025-01-26 21:04:28,MDB200,maduboom 200 ml,32000,Dili Noli,8950783649,Sumedang,2025-01-26 22:13:28,2025-01-28 02:13:28,,Processed,3
ORD004393,2025-01-22 01:10:10,VTMMD60,vitaman madu 60 ml,50000,Tidi Nomo Naza,8321142461,Palangkaraya,2025-01-22 04:01:10,2025-01-23 22:01:10,,Processed,2
ORD004394,2025-02-28 05:32:04,VTMMD60,vitaman madu 60 ml,50000,Kali Mino,8140080631,Klaten,2025-02-28 07:05:04,2025-03-01 18:05:04,,Processed,2
ORD004395,2025-02-03 15:25:30,MDB200,maduboom 200 ml,32000,Sadi Rimi,8137320320,Surabaya,2025-02-03 17:51:30,2025-02-04 16:51:30,,Processed,2
ORD004396,2025-02-07 15:03:41,JDM,jelly drink madu,20000,Misa Dimo Fami,8476244218,Kupang,2025-02-07 17:34:41,2025-02-08 15:34:41,,On Delivery,2
ORD004397,2025-01-27 04:03:16,JDM,jelly drink madu,20000,Zasa Mori,8343351944,Jakarta,2025-01-27 05:58:16,2025-01-27 17:58:16,,On Delivery,2
ORD004398,2025-02-13 04:09:44,JDM,jelly drink madu,20000,Tino Moli,8541046957,Lombok Barat,2025-02-13 05:25:44,2025-02-14 23:25:44,,On Delivery,2
ORD004399,2025-02-20 14:33:55,MDB120,maduboom 120 ml,23000,Jodi Bano Saka,8176108242,Jombang,2025-02-20 17:13:55,2025-02-22 12:13:55,,Processed,2
ORD004400,2025-02-07 05:02:03,VTM60,vitaman 60 ml,30000,Tiri Moba Tina,8922336544,Bogor,2025-02-07 05:34:03,2025-02-07 18:34:03,,Delivered,2
ORD004401,2025-01-23 13:37:50,MDB120,maduboom 120 ml,23000,Moli Bali,8518165040,Ponorogo,2025-01-23 15:22:50,2025-01-25 02:22:50,,Processed,2
ORD004402,2025-01-26 14:52:36,VTMMD60,vitaman madu 60 ml,50000,Bara Sasa Bara,8555763091,Ende,2025-01-26 16:32:36,2025-01-28 09:32:36,,Processed,1
ORD004403,2025-01-07 12:21:14,VTMMD60,vitaman madu 60 ml,50000,Nosa Nara,8917844005,Purwakarta,2025-01-07 14:13:14,2025-01-08 17:13:14,,On Delivery,1
ORD004404,2025-02-18 23:14:44,JDM,jelly drink madu,20000,Rajo Bati,8870115156,Surabaya,2025-02-19 01:46:44,2025-02-19 23:46:44,2025-02-21 23:46:44,Returned,2
ORD004405,2025-02-19 05:16:16,JDM,jelly drink madu,20000,Mojo Saba,8212286830,Bangli,2025-02-19 06:08:16,2025-02-21 06:08:16,,Processed,2
ORD004406,2025-02-01 10:50:11,MDB200,maduboom 200 ml,32000,Bafa Baka,8240019855,Cikarang,2025-02-01 12:49:11,2025-02-02 21:49:11,,On Delivery,2
ORD004407,2025-01-16 06:31:30,VTMMD60,vitaman madu 60 ml,50000,Mofa Baka,8559144875,Karawang,2025-01-16 07:13:30,2025-01-17 18:13:30,,Delivered,3
ORD004408,2025-01-25 01:29:26,JDM,jelly drink madu,20000,Rafa Tino,8759320827,Bengkulu,2025-01-25 02:56:26,2025-01-25 12:56:26,,Processed,2
ORD004409,2025-01-06 14:04:25,MDB120,maduboom 120 ml,23000,Tiza Mojo Zari,8961486789,Bandung,2025-01-06 14:53:25,2025-01-08 05:53:25,,Delivered,3
ORD004410,2025-01-16 07:21:22,MDB200,maduboom 200 ml,32000,Zano Bati Diri,8365190810,Bengkulu,2025-01-16 08:21:22,2025-01-16 22:21:22,,On Delivery,1
ORD004411,2025-01-07 00:24:49,VTMMD60,vitaman madu 60 ml,50000,Fari Rano Bari,8689812261,Situbondo,2025-01-07 01:36:49,2025-01-08 05:36:49,,Processed,2
ORD004412,2025-01-09 13:30:50,MDB200,maduboom 200 ml,32000,Tira Fari Zajo,8755616157,Sorong,2025-01-09 16:27:50,2025-01-11 08:27:50,,On Delivery,2
ORD004413,2025-01-07 14:41:32,MDB200,maduboom 200 ml,32000,Nono Bano,8161391431,Bogor,2025-01-07 17:07:32,2025-01-09 06:07:32,2025-01-11 06:07:32,Returned,1
ORD004414,2025-01-03 22:06:37,MDB120,maduboom 120 ml,23000,Bafa Baba Mona,8580322483,Jayapura,2025-01-03 22:39:37,2025-01-04 12:39:37,,On Delivery,2
ORD004415,2025-01-16 09:32:27,VTM60,vitaman 60 ml,30000,Diza Misa Rati,8415788477,Klaten,2025-01-16 10:12:27,2025-01-17 02:12:27,,On Delivery,1
ORD004416,2025-01-28 20:25:16,JDM,jelly drink madu,20000,Joli Bari Rili,8557615944,Yogyakarta,2025-01-28 21:04:16,2025-01-30 17:04:16,2025-02-01 17:04:16,Returned,1
ORD004417,2025-01-07 05:54:36,JDM,jelly drink madu,20000,Diba Nara Mino,8558403644,Blitar,2025-01-07 07:27:36,2025-01-09 03:27:36,,Processed,1
ORD004418,2025-01-08 21:33:45,MDB200,maduboom 200 ml,32000,Riri Misa Lisa,8704803488,Gresik,2025-01-08 22:52:45,2025-01-09 04:52:45,,Delivered,1
ORD004419,2025-01-08 13:28:05,MDB120,maduboom 120 ml,23000,Dimi Noba Fajo,8458409029,Manado,2025-01-08 15:16:05,2025-01-10 08:16:05,,Processed,1
ORD004420,2025-02-16 19:43:15,JDM,jelly drink madu,20000,Fasa Baba Dijo,8348411155,Serang,2025-02-16 21:51:15,2025-02-17 09:51:15,,Delivered,3
ORD004421,2025-02-06 09:28:02,VTM60,vitaman 60 ml,30000,Nana Lira Lika,8127243306,Probolinggo,2025-02-06 12:02:02,2025-02-08 09:02:02,,Processed,2
ORD004422,2025-02-22 19:06:26,JDM,jelly drink madu,20000,Mosa Miti Dili,8109859540,Bengkulu,2025-02-22 19:56:26,2025-02-23 03:56:26,2025-03-01 03:56:26,Returned,3
ORD004423,2025-02-15 06:43:33,MDB120,maduboom 120 ml,23000,Noti Mimi,8440983020,Madiun,2025-02-15 08:38:33,2025-02-16 07:38:33,,On Delivery,2
ORD004424,2025-02-12 02:20:17,MDB200,maduboom 200 ml,32000,Mili Kafa,8778676483,Magelang,2025-02-12 04:54:17,2025-02-12 12:54:17,,Delivered,2
ORD004425,2025-02-14 10:56:16,MDB200,maduboom 200 ml,32000,Kara Modi,8633919854,Kudus,2025-02-14 13:52:16,2025-02-15 20:52:16,,On Delivery,1
ORD004426,2025-01-03 19:55:48,MDB200,maduboom 200 ml,32000,Risa Nami Rili,8727542367,Blitar,2025-01-03 20:58:48,2025-01-05 15:58:48,,On Delivery,2
ORD004427,2025-01-15 15:40:17,VTMMD60,vitaman madu 60 ml,50000,Nori Didi,8163199551,Singaraja,2025-01-15 16:21:17,2025-01-16 23:21:17,,Processed,3
ORD004428,2025-01-30 12:13:45,VTMMD60,vitaman madu 60 ml,50000,Momi Sajo Lira,8132736982,Cirebon,2025-01-30 13:29:45,2025-01-31 23:29:45,,Processed,1
ORD004429,2025-02-08 08:06:22,MDB200,maduboom 200 ml,32000,Lifa Fadi Fano,8392448994,Ngawi,2025-02-08 11:04:22,2025-02-08 20:04:22,,Processed,3
ORD004430,2025-01-18 10:46:37,JDM,jelly drink madu,20000,Tira Kano Limo,8205294464,Lombok Timur,2025-01-18 11:52:37,2025-01-19 03:52:37,,Delivered,3
ORD004431,2025-01-31 19:31:09,JDM,jelly drink madu,20000,Jofa Miti Zana,8701143186,Banjarbaru,2025-01-31 22:02:09,2025-02-02 18:02:09,,On Delivery,2
ORD004432,2025-01-23 12:55:25,JDM,jelly drink madu,20000,Dino Jojo,8822458138,Banyuwangi,2025-01-23 15:25:25,2025-01-24 09:25:25,2025-01-27 09:25:25,Returned,2
ORD004433,2025-02-16 06:11:26,JDM,jelly drink madu,20000,Sati Faka Dijo,8670578801,Indramayu,2025-02-16 06:46:26,2025-02-17 09:46:26,,Processed,2
ORD004434,2025-02-16 03:11:49,MDB120,maduboom 120 ml,23000,Mina Zadi,8151796864,Buleleng,2025-02-16 05:00:49,2025-02-18 05:00:49,2025-02-24 05:00:49,Returned,3
ORD004435,2025-02-19 02:27:16,MDB120,maduboom 120 ml,23000,Rami Kano,8655572242,Indramayu,2025-02-19 03:00:16,2025-02-19 20:00:16,,Processed,2
ORD004436,2025-02-09 01:20:56,MDB120,maduboom 120 ml,23000,Moka Dili,8483152888,Tasikmalaya,2025-02-09 01:51:56,2025-02-09 17:51:56,,Processed,2
ORD004437,2025-02-14 09:23:26,MDB120,maduboom 120 ml,23000,Kaza Joba Faba,8619248221,Magelang,2025-02-14 11:03:26,2025-02-14 21:03:26,,Processed,3
ORD004438,2025-01-30 15:37:02,VTM60,vitaman 60 ml,30000,Nari Zafa,8872251865,Semarang,2025-01-30 17:05:02,2025-02-01 15:05:02,,On Delivery,3
ORD004439,2025-02-10 08:51:24,MDB200,maduboom 200 ml,32000,Bana Samo,8709171061,Tabanan,2025-02-10 10:42:24,2025-02-12 04:42:24,2025-02-15 04:42:24,Returned,1
ORD004440,2025-02-05 08:58:27,MDB120,maduboom 120 ml,23000,Joka Jojo,8207188836,Palu,2025-02-05 10:53:27,2025-02-06 01:53:27,,Processed,3
ORD004441,2025-01-20 08:00:04,MDB120,maduboom 120 ml,23000,Nami Naka Zaka,8465613161,Pekanbaru,2025-01-20 09:07:04,2025-01-21 19:07:04,,On Delivery,3
ORD004442,2025-02-11 13:36:33,MDB200,maduboom 200 ml,32000,Mora Nosa Diba,8157746010,Bandar Lampung,2025-02-11 14:26:33,2025-02-12 09:26:33,,On Delivery,2
ORD004443,2025-01-26 01:14:23,JDM,jelly drink madu,20000,Zaka Naba Joli,8901166162,Medan,2025-01-26 02:34:23,2025-01-27 15:34:23,,Delivered,3
ORD004444,2025-02-02 18:11:13,VTMMD60,vitaman madu 60 ml,50000,Rili Noti,8994332315,Maumere,2025-02-02 20:20:13,2025-02-04 03:20:13,,Delivered,3
ORD004445,2025-01-21 06:43:00,VTM60,vitaman 60 ml,30000,Moza Miza,8417957759,Makassar,2025-01-21 08:02:00,2025-01-22 04:02:00,,Delivered,3
ORD004446,2025-01-26 17:30:29,JDM,jelly drink madu,20000,Bamo Bano Jomo,8940016941,Ende,2025-01-26 18:27:29,2025-01-28 12:27:29,,Processed,1
ORD004447,2025-02-25 08:06:53,JDM,jelly drink madu,20000,Sajo Najo Moka,8307970720,Lombok Barat,2025-02-25 09:38:53,2025-02-26 08:38:53,,Processed,2
ORD004448,2025-02-05 03:50:44,MDB120,maduboom 120 ml,23000,Rami Jora Jora,8467752815,Sorong,2025-02-05 06:15:44,2025-02-05 14:15:44,2025-02-10 14:15:44,Returned,2
ORD004449,2025-02-03 23:24:34,MDB200,maduboom 200 ml,32000,Tira Nana,8389751218,Medan,2025-02-04 01:28:34,2025-02-05 05:28:34,,Processed,3
ORD004450,2025-01-06 14:08:11,MDB200,maduboom 200 ml,32000,Badi Saka Sati,8396677069,Karawang,2025-01-06 17:01:11,2025-01-07 06:01:11,,On Delivery,2
ORD004451,2025-01-20 04:08:59,VTMMD60,vitaman madu 60 ml,50000,Lifa Rijo,8599963717,Bengkulu,2025-01-20 06:20:59,2025-01-20 14:20:59,,Processed,1
ORD004452,2025-02-15 03:57:47,JDM,jelly drink madu,20000,Misa Nara Dino,8359075667,Samarinda,2025-02-15 04:31:47,2025-02-15 12:31:47,,Processed,2
ORD004453,2025-02-17 09:20:14,JDM,jelly drink madu,20000,Noka Bamo Saba,8376511966,Lamongan,2025-02-17 10:17:14,2025-02-17 17:17:14,,Delivered,2
ORD004454,2025-02-26 08:07:16,VTM60,vitaman 60 ml,30000,Najo Bali,8158324644,Jayapura,2025-02-26 09:22:16,2025-02-27 00:22:16,,Delivered,1
ORD004455,2025-02-28 18:11:32,MDB200,maduboom 200 ml,32000,Nojo Saba,8676044190,Larantuka,2025-02-28 20:06:32,2025-03-01 21:06:32,,Delivered,2
ORD004456,2025-02-06 21:47:27,JDM,jelly drink madu,20000,Lisa Zana Tika,8461901007,Purwokerto,2025-02-06 22:22:27,2025-02-08 21:22:27,,Delivered,2
ORD004457,2025-02-25 23:21:07,MDB200,maduboom 200 ml,32000,Sano Fano,8702829049,Cianjur,2025-02-26 01:59:07,2025-02-27 06:59:07,,On Delivery,2
ORD004458,2025-02-21 20:37:40,MDB200,maduboom 200 ml,32000,Lisa Lisa Nadi,8595678152,Jambi,2025-02-21 21:50:40,2025-02-22 06:50:40,,Processed,1
ORD004459,2025-01-03 06:13:20,MDB200,maduboom 200 ml,32000,Samo Nali Nami,8633932664,Tangerang,2025-01-03 09:04:20,2025-01-05 02:04:20,,Processed,1
ORD004460,2025-02-07 18:02:29,MDB200,maduboom 200 ml,32000,Rali Limo Sami,8217331633,Singkawang,2025-02-07 18:39:29,2025-02-08 20:39:29,2025-02-11 20:39:29,Returned,3
ORD004461,2025-02-10 17:18:54,MDB120,maduboom 120 ml,23000,Jora Jono Samo,8181065383,Kendari,2025-02-10 19:19:54,2025-02-11 06:19:54,,On Delivery,2
ORD004462,2025-01-11 19:13:15,VTM60,vitaman 60 ml,30000,Najo Risa Riza,8967062828,Karangasem,2025-01-11 21:33:15,2025-01-12 16:33:15,,Processed,1
ORD004463,2025-02-17 00:29:05,JDM,jelly drink madu,20000,Mira Mili,8867110196,Badung,2025-02-17 01:59:05,2025-02-18 22:59:05,2025-02-20 22:59:05,Returned,3
ORD004464,2025-02-10 07:11:56,MDB120,maduboom 120 ml,23000,Mofa Noli Kali,8232258669,Indramayu,2025-02-10 09:49:56,2025-02-10 15:49:56,,On Delivery,3
ORD004465,2025-01-22 07:38:28,MDB120,maduboom 120 ml,23000,Difa Dino,8732709016,Bandar Lampung,2025-01-22 08:18:28,2025-01-24 00:18:28,2025-01-27 00:18:28,Returned,1
ORD004466,2025-01-28 11:20:32,JDM,jelly drink madu,20000,Moza Sana Riba,8545907693,Pontianak,2025-01-28 12:56:32,2025-01-29 23:56:32,,On Delivery,3
ORD004467,2025-02-05 13:21:40,JDM,jelly drink madu,20000,Rajo Noza,8268652940,Serang,2025-02-05 14:48:40,2025-02-05 20:48:40,,Delivered,1
ORD004468,2025-01-11 20:12:01,MDB120,maduboom 120 ml,23000,Lifa Rijo Sati,8541226543,Padang,2025-01-11 21:03:01,2025-01-12 19:03:01,,Processed,2
ORD004469,2025-02-25 18:01:51,VTM60,vitaman 60 ml,30000,Tiba Rino,8581366642,Pekanbaru,2025-02-25 18:58:51,2025-02-26 06:58:51,,Delivered,1
ORD004470,2025-01-10 20:12:35,VTMMD60,vitaman madu 60 ml,50000,Fali Diti,8456913938,Singaraja,2025-01-10 22:51:35,2025-01-11 08:51:35,,On Delivery,1
ORD004471,2025-02-04 09:12:03,JDM,jelly drink madu,20000,Kali Moti Zari,8303875397,Situbondo,2025-02-04 11:42:03,2025-02-06 00:42:03,,On Delivery,3
ORD004472,2025-01-17 19:48:09,VTMMD60,vitaman madu 60 ml,50000,Moza Zari,8782659564,Samarinda,2025-01-17 21:38:09,2025-01-19 16:38:09,,Delivered,2
ORD004473,2025-01-21 17:45:26,MDB120,maduboom 120 ml,23000,Dijo Miza Rasa,8817177504,Purwakarta,2025-01-21 19:20:26,2025-01-22 10:20:26,,Delivered,2
ORD004474,2025-01-29 00:16:20,MDB120,maduboom 120 ml,23000,Faka Rijo Fafa,8307632029,Kudus,2025-01-29 03:10:20,2025-01-29 20:10:20,,On Delivery,2
ORD004475,2025-01-02 14:10:19,MDB200,maduboom 200 ml,32000,Rano Tili,8167326324,Palembang,2025-01-02 15:33:19,2025-01-03 06:33:19,,Delivered,1
ORD004476,2025-02-08 00:12:56,MDB200,maduboom 200 ml,32000,Rari Sara Kaba,8920355188,Purwakarta,2025-02-08 02:57:56,2025-02-08 19:57:56,,On Delivery,2
ORD004477,2025-01-20 08:13:17,VTMMD60,vitaman madu 60 ml,50000,Fasa Mora,8202664286,Bengkulu,2025-01-20 09:49:17,2025-01-21 10:49:17,,On Delivery,2
ORD004478,2025-02-13 07:30:49,MDB200,maduboom 200 ml,32000,Sano Moza Nafa,8719178672,Jombang,2025-02-13 09:42:49,2025-02-15 03:42:49,,Processed,3
ORD004479,2025-02-13 04:30:10,MDB200,maduboom 200 ml,32000,Zafa Diti,8892305625,Gorontalo,2025-02-13 05:52:10,2025-02-15 01:52:10,,Delivered,1
ORD004480,2025-01-19 16:23:10,MDB120,maduboom 120 ml,23000,Mina Faba,8961588941,Makassar,2025-01-19 16:59:10,2025-01-20 23:59:10,,Processed,2
ORD004481,2025-02-28 22:06:59,VTM60,vitaman 60 ml,30000,Misa Nojo Miri,8188130588,Bandar Lampung,2025-02-28 22:45:59,2025-03-02 07:45:59,2025-03-04 07:45:59,Returned,1
ORD004482,2025-01-29 15:52:41,VTM60,vitaman 60 ml,30000,Jofa Kari Nofa,8123880702,Karangasem,2025-01-29 17:05:41,2025-01-30 11:05:41,,Processed,2
ORD004483,2025-01-15 12:43:44,MDB120,maduboom 120 ml,23000,Jori Moza Tijo,8757303197,Kendari,2025-01-15 14:05:44,2025-01-16 04:05:44,2025-01-22 04:05:44,Returned,1
ORD004484,2025-02-02 00:02:03,MDB120,maduboom 120 ml,23000,Sari Nari,8769833892,Jayapura,2025-02-02 02:40:03,2025-02-02 09:40:03,,Delivered,3
ORD004485,2025-01-18 18:48:40,MDB120,maduboom 120 ml,23000,Misa Joza,8372850765,Singkawang,2025-01-18 19:26:40,2025-01-19 13:26:40,,Delivered,2
ORD004486,2025-01-17 00:23:26,JDM,jelly drink madu,20000,Zari Naba Jomi,8365997056,Singkawang,2025-01-17 00:58:26,2025-01-18 01:58:26,,Delivered,2
ORD004487,2025-02-27 06:20:01,VTMMD60,vitaman madu 60 ml,50000,Kafa Jodi,8827248499,Purwakarta,2025-02-27 07:35:01,2025-02-27 13:35:01,,Delivered,3
ORD004488,2025-01-05 00:24:29,JDM,jelly drink madu,20000,Rimo Naka Nami,8427617050,Jepara,2025-01-05 02:16:29,2025-01-06 23:16:29,,On Delivery,2
ORD004489,2025-01-27 20:06:12,VTMMD60,vitaman madu 60 ml,50000,Mofa Titi,8865331007,Sumedang,2025-01-27 22:12:12,2025-01-28 20:12:12,,On Delivery,3
ORD004490,2025-02-17 13:38:30,MDB120,maduboom 120 ml,23000,Rami Jofa,8562467335,Banyuwangi,2025-02-17 15:35:30,2025-02-18 20:35:30,,Delivered,2
ORD004491,2025-01-07 03:23:26,VTMMD60,vitaman madu 60 ml,50000,Momo Liti,8392071821,Karangasem,2025-01-07 04:04:26,2025-01-08 03:04:26,,Processed,1
ORD004492,2025-01-26 01:22:10,MDB120,maduboom 120 ml,23000,Dimi Sano Baka,8961153741,Tabanan,2025-01-26 02:49:10,2025-01-26 18:49:10,2025-01-28 18:49:10,Returned,1
ORD004493,2025-01-24 04:32:56,MDB120,maduboom 120 ml,23000,Saza Difa,8410958305,Larantuka,2025-01-24 06:50:56,2025-01-25 03:50:56,,On Delivery,2
ORD004494,2025-01-18 07:49:42,VTMMD60,vitaman madu 60 ml,50000,Rili Bara,8877927836,Tangerang,2025-01-18 10:19:42,2025-01-18 20:19:42,,On Delivery,2
ORD004495,2025-01-18 16:10:28,JDM,jelly drink madu,20000,Bati Fari Jofa,8235724221,Kudus,2025-01-18 17:26:28,2025-01-20 03:26:28,,Delivered,3
ORD004496,2025-02-04 22:28:21,VTMMD60,vitaman madu 60 ml,50000,Fano Bali,8152163759,Batu,2025-02-04 23:17:21,2025-02-06 04:17:21,,On Delivery,3
ORD004497,2025-02-23 00:53:11,VTM60,vitaman 60 ml,30000,Liti Rijo,8580273818,Garut,2025-02-23 01:53:11,2025-02-23 11:53:11,,On Delivery,3
ORD004498,2025-02-08 01:17:16,VTMMD60,vitaman madu 60 ml,50000,Rari Jofa Tino,8714844409,Ambon,2025-02-08 03:44:16,2025-02-08 10:44:16,,Delivered,3
ORD004499,2025-02-27 10:05:50,VTMMD60,vitaman madu 60 ml,50000,Liza Sati Lina,8622825685,Medan,2025-02-27 12:29:50,2025-02-28 06:29:50,,On Delivery,1
ORD004500,2025-01-15 04:03:40,JDM,jelly drink madu,20000,Zadi Rimo Mili,8249627880,Jombang,2025-01-15 05:09:40,2025-01-16 00:09:40,,Delivered,1
ORD004501,2025-01-01 20:10:33,VTM60,vitaman 60 ml,30000,Nora Dika,8931389803,Subang,2025-01-01 23:04:33,2025-01-03 05:04:33,,Processed,1
ORD004502,2025-01-01 01:08:03,JDM,jelly drink madu,20000,Diba Basa,8239413989,Badung,2025-01-01 04:08:03,2025-01-02 23:08:03,,Delivered,1
ORD004503,2025-01-15 18:49:09,JDM,jelly drink madu,20000,Rajo Rina Jori,8966170349,Badung,2025-01-15 20:42:09,2025-01-17 15:42:09,,Delivered,2
ORD004504,2025-01-10 20:06:39,JDM,jelly drink madu,20000,Jona Fana Lika,8794062421,Makassar,2025-01-10 22:11:39,2025-01-12 08:11:39,2025-01-17 08:11:39,Returned,3
ORD004505,2025-01-21 01:19:44,VTMMD60,vitaman madu 60 ml,50000,Tili Moka Miza,8284658153,Tasikmalaya,2025-01-21 03:18:44,2025-01-21 15:18:44,,On Delivery,2
ORD004506,2025-01-27 10:41:22,MDB200,maduboom 200 ml,32000,Rino Liti Kafa,8450915147,Mataram,2025-01-27 11:39:22,2025-01-28 05:39:22,,On Delivery,1
ORD004507,2025-01-06 14:52:45,MDB200,maduboom 200 ml,32000,Mono Bamo,8838708208,Buleleng,2025-01-06 16:43:45,2025-01-07 14:43:45,2025-01-13 14:43:45,Returned,2
ORD004508,2025-01-04 05:40:47,VTM60,vitaman 60 ml,30000,Joli Nana Joba,8112576605,Garut,2025-01-04 08:35:47,2025-01-04 22:35:47,,Delivered,2
ORD004509,2025-01-12 08:59:53,VTMMD60,vitaman madu 60 ml,50000,Fano Mira,8927543766,Banjarbaru,2025-01-12 11:43:53,2025-01-13 11:43:53,2025-01-19 11:43:53,Returned,1
ORD004510,2025-01-03 09:41:34,MDB200,maduboom 200 ml,32000,Rino Kari,8497332981,Boyolali,2025-01-03 10:35:34,2025-01-04 22:35:34,,On Delivery,2
ORD004511,2025-02-23 04:10:17,VTM60,vitaman 60 ml,30000,Famo Jojo,8964434459,Boyolali,2025-02-23 06:24:17,2025-02-24 14:24:17,,Delivered,2
ORD004512,2025-01-21 06:59:40,JDM,jelly drink madu,20000,Kati Bari Diti,8318026656,Ngawi,2025-01-21 09:39:40,2025-01-22 15:39:40,,Delivered,2
ORD004513,2025-02-22 16:19:37,VTM60,vitaman 60 ml,30000,Tidi Liti,8180302992,Lombok Timur,2025-02-22 19:07:37,2025-02-24 00:07:37,,On Delivery,3
ORD004514,2025-01-03 22:48:28,VTMMD60,vitaman madu 60 ml,50000,Rina Dina Tidi,8447506169,Bojonegoro,2025-01-04 00:19:28,2025-01-04 20:19:28,,On Delivery,3
ORD004515,2025-02-06 07:55:10,MDB200,maduboom 200 ml,32000,Jona Nasa,8505843975,Lamongan,2025-02-06 08:49:10,2025-02-07 10:49:10,,Processed,2
ORD004516,2025-02-11 12:42:56,MDB120,maduboom 120 ml,23000,Moka Nami Dili,8625262837,Karawang,2025-02-11 14:48:56,2025-02-13 06:48:56,,On Delivery,1
ORD004517,2025-01-04 12:17:27,VTM60,vitaman 60 ml,30000,Kaza Kaza Samo,8289820445,Cikarang,2025-01-04 15:08:27,2025-01-05 03:08:27,,On Delivery,2
ORD004518,2025-02-18 21:52:16,JDM,jelly drink madu,20000,Kaza Noti,8331170684,Jombang,2025-02-18 22:41:16,2025-02-19 05:41:16,,On Delivery,1
ORD004519,2025-01-21 17:21:52,MDB200,maduboom 200 ml,32000,Midi Badi Nora,8242030772,Bekasi,2025-01-21 20:13:52,2025-01-22 15:13:52,,On Delivery,2
ORD004520,2025-01-02 16:55:33,VTM60,vitaman 60 ml,30000,Riri Mono Nojo,8504802432,Sidoarjo,2025-01-02 18:09:33,2025-01-03 00:09:33,,Processed,3
ORD004521,2025-01-21 12:37:02,VTMMD60,vitaman madu 60 ml,50000,Dili Fadi Difa,8933716885,Situbondo,2025-01-21 14:30:02,2025-01-22 16:30:02,,On Delivery,2
ORD004522,2025-01-31 16:04:01,MDB120,maduboom 120 ml,23000,Jomo Kaka Josa,8583552715,Singkawang,2025-01-31 18:10:01,2025-02-02 11:10:01,,On Delivery,3
ORD004523,2025-02-08 01:19:32,MDB120,maduboom 120 ml,23000,Joli Nori,8538190758,Magelang,2025-02-08 03:44:32,2025-02-10 01:44:32,,Delivered,2
ORD004524,2025-02-08 19:48:02,JDM,jelly drink madu,20000,Noza Nami Sajo,8764149421,Bogor,2025-02-08 21:17:02,2025-02-10 05:17:02,,Delivered,1
ORD004525,2025-02-24 23:38:03,JDM,jelly drink madu,20000,Noba Zamo Nomi,8411872567,Kediri,2025-02-25 01:35:03,2025-02-26 02:35:03,,On Delivery,3
ORD004526,2025-01-03 13:54:03,VTMMD60,vitaman madu 60 ml,50000,Raza Nona,8624674620,Bandung,2025-01-03 14:54:03,2025-01-05 06:54:03,,On Delivery,2
ORD004527,2025-02-18 11:36:08,JDM,jelly drink madu,20000,Kadi Josa Lili,8992923270,Lamongan,2025-02-18 14:03:08,2025-02-19 23:03:08,,Delivered,1
ORD004528,2025-01-01 09:45:09,JDM,jelly drink madu,20000,Bana Nomi Zajo,8927048719,Sumedang,2025-01-01 12:22:09,2025-01-02 13:22:09,,On Delivery,2
ORD004529,2025-02-14 16:30:36,JDM,jelly drink madu,20000,Fadi Naza,8410414803,Jambi,2025-02-14 19:02:36,2025-02-15 13:02:36,,Delivered,3
ORD004530,2025-01-10 16:01:07,JDM,jelly drink madu,20000,Kaba Kaza Fadi,8679546890,Bogor,2025-01-10 17:49:07,2025-01-11 07:49:07,,On Delivery,1
ORD004531,2025-01-14 22:14:30,VTMMD60,vitaman madu 60 ml,50000,Namo Kasa,8512738461,Padang,2025-01-15 01:13:30,2025-01-15 20:13:30,,Delivered,1
ORD004532,2025-01-18 17:16:11,MDB120,maduboom 120 ml,23000,Tisa Joza Zana,8711305287,Probolinggo,2025-01-18 18:05:11,2025-01-19 00:05:11,,On Delivery,3
ORD004533,2025-02-19 12:18:45,VTMMD60,vitaman madu 60 ml,50000,Faba Fali Miti,8799950721,Denpasar,2025-02-19 13:17:45,2025-02-21 02:17:45,,Processed,1
ORD004534,2025-01-27 11:34:16,MDB200,maduboom 200 ml,32000,Noti Nari Fana,8840203220,Semarang,2025-01-27 13:29:16,2025-01-27 23:29:16,,Processed,3
ORD004535,2025-02-13 07:05:01,VTMMD60,vitaman madu 60 ml,50000,Famo Nano Miza,8378973300,Padang,2025-02-13 07:38:01,2025-02-15 06:38:01,,On Delivery,2
ORD004536,2025-01-17 09:36:32,MDB200,maduboom 200 ml,32000,Naka Lira Rimo,8921872966,Probolinggo,2025-01-17 12:14:32,2025-01-17 21:14:32,,Processed,1
ORD004537,2025-02-18 11:55:08,MDB200,maduboom 200 ml,32000,Mojo Rimi,8138410963,Malang,2025-02-18 14:31:08,2025-02-20 08:31:08,,On Delivery,2
ORD004538,2025-02-26 00:36:29,MDB200,maduboom 200 ml,32000,Rami Bajo,8168006133,Kudus,2025-02-26 01:54:29,2025-02-26 12:54:29,,Delivered,1
ORD004539,2025-01-28 15:09:17,VTMMD60,vitaman madu 60 ml,50000,Kati Naza Rino,8315618081,Medan,2025-01-28 15:47:17,2025-01-29 13:47:17,,Processed,1
ORD004540,2025-02-13 08:44:28,JDM,jelly drink madu,20000,Rafa Lidi,8765829886,Buleleng,2025-02-13 09:35:28,2025-02-15 01:35:28,,Processed,1
ORD004541,2025-02-09 00:44:41,VTM60,vitaman 60 ml,30000,Tijo Dili Tisa,8981561659,Ende,2025-02-09 03:35:41,2025-02-10 00:35:41,,On Delivery,3
ORD004542,2025-02-08 22:42:44,MDB200,maduboom 200 ml,32000,Kajo Riba Kafa,8364187780,Tasikmalaya,2025-02-09 00:43:44,2025-02-09 18:43:44,,Delivered,3
ORD004543,2025-02-01 21:18:24,MDB200,maduboom 200 ml,32000,Nano Zati,8674400865,Palangkaraya,2025-02-01 23:28:24,2025-02-02 13:28:24,,Processed,2
ORD004544,2025-01-30 01:13:55,JDM,jelly drink madu,20000,Dira Joka Faza,8220528903,Bengkulu,2025-01-30 02:51:55,2025-01-30 13:51:55,,Processed,2
ORD004545,2025-02-07 08:46:14,VTMMD60,vitaman madu 60 ml,50000,Lina Baza,8205618653,Jakarta,2025-02-07 11:26:14,2025-02-09 09:26:14,,On Delivery,1
ORD004546,2025-01-06 16:01:18,MDB200,maduboom 200 ml,32000,Bamo Mifa,8687025040,Batam,2025-01-06 17:15:18,2025-01-07 00:15:18,2025-01-09 00:15:18,Returned,3
ORD004547,2025-02-10 23:01:52,VTM60,vitaman 60 ml,30000,Bali Jori,8742267716,Pekanbaru,2025-02-10 23:41:52,2025-02-12 09:41:52,,Processed,2
ORD004548,2025-01-08 00:01:22,MDB120,maduboom 120 ml,23000,Liri Kara,8760266327,Jombang,2025-01-08 01:48:22,2025-01-08 14:48:22,,On Delivery,1
ORD004549,2025-01-18 14:33:26,MDB120,maduboom 120 ml,23000,Joli Riza Fali,8127734142,Bandung,2025-01-18 17:24:26,2025-01-19 21:24:26,,Delivered,2
ORD004550,2025-02-13 15:09:54,MDB120,maduboom 120 ml,23000,Radi Jona Dino,8467234984,Jakarta,2025-02-13 16:42:54,2025-02-15 16:42:54,,Delivered,1
ORD004551,2025-02-17 04:20:53,VTM60,vitaman 60 ml,30000,Faka Bajo,8100511613,Gresik,2025-02-17 05:09:53,2025-02-17 22:09:53,,On Delivery,3
ORD004552,2025-01-02 09:24:06,MDB200,maduboom 200 ml,32000,Mojo Rira,8438053420,Blitar,2025-01-02 11:08:06,2025-01-03 08:08:06,,Processed,1
ORD004553,2025-01-03 19:37:51,VTM60,vitaman 60 ml,30000,Dimi Fano Tiri,8490159427,Ponorogo,2025-01-03 22:32:51,2025-01-04 20:32:51,,On Delivery,2
ORD004554,2025-01-24 12:41:34,MDB120,maduboom 120 ml,23000,Bafa Bari Dijo,8830859809,Tangerang,2025-01-24 14:48:34,2025-01-25 00:48:34,,Delivered,1
ORD004555,2025-02-16 05:24:36,JDM,jelly drink madu,20000,Midi Zali,8711465718,Serang,2025-02-16 07:43:36,2025-02-17 01:43:36,,On Delivery,3
ORD004556,2025-01-21 02:04:46,VTMMD60,vitaman madu 60 ml,50000,Timi Liza Rimi,8780594377,Palu,2025-01-21 04:42:46,2025-01-22 08:42:46,,Processed,1
ORD004557,2025-02-02 00:41:19,VTMMD60,vitaman madu 60 ml,50000,Miba Nori Rara,8960024888,Batam,2025-02-02 03:30:19,2025-02-03 21:30:19,,On Delivery,1
ORD004558,2025-02-13 22:39:14,JDM,jelly drink madu,20000,Lira Dika Mojo,8983850780,Singaraja,2025-02-14 00:49:14,2025-02-14 18:49:14,,On Delivery,1
ORD004559,2025-01-02 11:27:53,MDB120,maduboom 120 ml,23000,Zana Sadi,8842606145,Manado,2025-01-02 12:42:53,2025-01-03 07:42:53,,Processed,2
ORD004560,2025-02-15 15:43:42,VTMMD60,vitaman madu 60 ml,50000,Mimi Diti,8577860583,Gorontalo,2025-02-15 17:18:42,2025-02-16 17:18:42,,Delivered,2
ORD004561,2025-01-26 20:44:47,MDB200,maduboom 200 ml,32000,Moka Sati Tidi,8834806650,Ponorogo,2025-01-26 22:37:47,2025-01-27 06:37:47,,Processed,2
ORD004562,2025-01-04 18:48:56,VTM60,vitaman 60 ml,30000,Nomi Limi Fari,8700988013,Palangkaraya,2025-01-04 20:51:56,2025-01-05 09:51:56,,Delivered,2
ORD004563,2025-02-18 05:11:30,VTM60,vitaman 60 ml,30000,Joli Basa,8544725284,Buleleng,2025-02-18 08:04:30,2025-02-19 21:04:30,,Delivered,3
ORD004564,2025-02-11 02:19:28,JDM,jelly drink madu,20000,Sami Mino Fari,8731661305,Lombok Timur,2025-02-11 03:25:28,2025-02-12 19:25:28,,On Delivery,2
ORD004565,2025-01-08 07:58:11,MDB120,maduboom 120 ml,23000,Sadi Tiba Liri,8189436069,Tangerang,2025-01-08 08:53:11,2025-01-09 03:53:11,,On Delivery,2
ORD004566,2025-02-03 02:28:57,MDB200,maduboom 200 ml,32000,Tino Mino Nafa,8562498653,Banjarmasin,2025-02-03 03:55:57,2025-02-04 22:55:57,,Delivered,1
ORD004567,2025-01-02 09:49:11,VTMMD60,vitaman madu 60 ml,50000,Rana Bajo Kara,8372197190,Bogor,2025-01-02 11:36:11,2025-01-03 08:36:11,,Processed,3
ORD004568,2025-02-09 11:03:38,VTMMD60,vitaman madu 60 ml,50000,Lili Rira,8171774927,Madiun,2025-02-09 13:05:38,2025-02-10 23:05:38,,On Delivery,2
ORD004569,2025-02-03 18:35:06,VTMMD60,vitaman madu 60 ml,50000,Fasa Jona Zano,8815876793,Kediri,2025-02-03 20:41:06,2025-02-05 13:41:06,,Delivered,2
ORD004570,2025-02-19 04:49:22,VTMMD60,vitaman madu 60 ml,50000,Lidi Fajo,8698841994,Palu,2025-02-19 07:38:22,2025-02-21 01:38:22,,Processed,1
ORD004571,2025-01-03 13:29:40,MDB200,maduboom 200 ml,32000,Tika Nono,8961768691,Banjarbaru,2025-01-03 15:46:40,2025-01-05 15:46:40,,On Delivery,3
ORD004572,2025-01-25 14:26:20,VTM60,vitaman 60 ml,30000,Kadi Mojo Rana,8619782256,Probolinggo,2025-01-25 17:14:20,2025-01-26 10:14:20,,Processed,1
ORD004573,2025-02-14 06:10:35,VTM60,vitaman 60 ml,30000,Tiza Diti Naza,8717134823,Ponorogo,2025-02-14 08:38:35,2025-02-15 09:38:35,,Delivered,3
ORD004574,2025-02-23 11:33:46,VTMMD60,vitaman madu 60 ml,50000,Jomi Rasa,8620786676,Kendari,2025-02-23 12:04:46,2025-02-25 10:04:46,,On Delivery,1
ORD004575,2025-02-18 19:17:29,VTM60,vitaman 60 ml,30000,Tika Nati,8335637030,Singkawang,2025-02-18 21:02:29,2025-02-20 08:02:29,,On Delivery,1
ORD004576,2025-01-12 18:47:56,MDB120,maduboom 120 ml,23000,Raka Zajo Jora,8802686966,Maumere,2025-01-12 21:23:56,2025-01-14 09:23:56,,Delivered,1
ORD004577,2025-01-31 11:57:39,VTM60,vitaman 60 ml,30000,Liti Basa,8186048519,Tabanan,2025-01-31 14:12:39,2025-02-01 16:12:39,,Delivered,1
ORD004578,2025-01-12 21:11:29,JDM,jelly drink madu,20000,Jono Zaka Miba,8174859158,Bekasi,2025-01-12 22:35:29,2025-01-14 11:35:29,,On Delivery,3
ORD004579,2025-01-16 23:20:54,MDB200,maduboom 200 ml,32000,Zasa Moba Mono,8266184337,Cianjur,2025-01-17 01:01:54,2025-01-18 18:01:54,,Delivered,2
ORD004580,2025-01-07 20:09:49,JDM,jelly drink madu,20000,Moli Sasa,8604694176,Denpasar,2025-01-07 21:18:49,2025-01-08 18:18:49,2025-01-12 18:18:49,Returned,1
ORD004581,2025-02-16 21:47:26,JDM,jelly drink madu,20000,Tira Kari,8286587063,Tangerang,2025-02-16 23:59:26,2025-02-18 22:59:26,,Processed,1
ORD004582,2025-01-23 14:27:34,VTM60,vitaman 60 ml,30000,Diri Bana Ridi,8881148470,Cikarang,2025-01-23 16:42:34,2025-01-24 23:42:34,,Delivered,3
ORD004583,2025-02-21 00:28:34,MDB200,maduboom 200 ml,32000,Mosa Tisa,8275759967,Serang,2025-02-21 02:53:34,2025-02-22 16:53:34,2025-02-27 16:53:34,Returned,1
ORD004584,2025-02-24 17:05:56,VTM60,vitaman 60 ml,30000,Kaka Nodi,8697655136,Jombang,2025-02-24 19:27:56,2025-02-26 08:27:56,,On Delivery,2
ORD004585,2025-02-06 19:52:12,MDB120,maduboom 120 ml,23000,Nadi Misa Saza,8706699926,Medan,2025-02-06 21:28:12,2025-02-07 11:28:12,,Processed,2
ORD004586,2025-02-09 20:26:52,MDB120,maduboom 120 ml,23000,Naza Tiza,8315828519,Ngawi,2025-02-09 21:30:52,2025-02-10 15:30:52,,Delivered,3
ORD004587,2025-02-05 05:14:43,VTMMD60,vitaman madu 60 ml,50000,Nano Nafa Joba,8100908298,Sumedang,2025-02-05 05:49:43,2025-02-07 04:49:43,,Processed,2
ORD004588,2025-02-02 18:08:40,VTMMD60,vitaman madu 60 ml,50000,Zami Mira Rika,8548259728,Ternate,2025-02-02 20:04:40,2025-02-04 08:04:40,,On Delivery,1
ORD004589,2025-01-31 07:01:05,VTMMD60,vitaman madu 60 ml,50000,Kasa Timi,8510961162,Jayapura,2025-01-31 09:18:05,2025-01-31 17:18:05,,On Delivery,1
ORD004590,2025-02-12 03:49:46,VTM60,vitaman 60 ml,30000,Tino Tiri Bati,8376326671,Boyolali,2025-02-12 04:38:46,2025-02-13 15:38:46,2025-02-15 15:38:46,Returned,3
ORD004591,2025-02-02 04:15:21,MDB120,maduboom 120 ml,23000,Naka Nati,8484668437,Singaraja,2025-02-02 06:38:21,2025-02-03 13:38:21,,Delivered,3
ORD004592,2025-01-31 21:48:54,MDB120,maduboom 120 ml,23000,Fajo Bali,8429855244,Jombang,2025-02-01 00:02:54,2025-02-02 07:02:54,,Delivered,2
ORD004593,2025-02-21 19:32:15,VTMMD60,vitaman madu 60 ml,50000,Rami Saka,8439170489,Garut,2025-02-21 20:14:15,2025-02-22 14:14:15,,Delivered,3
ORD004594,2025-01-19 13:33:37,MDB200,maduboom 200 ml,32000,Fara Rina Lira,8655541181,Banyuwangi,2025-01-19 15:37:37,2025-01-20 00:37:37,,On Delivery,3
ORD004595,2025-01-26 08:49:00,VTMMD60,vitaman madu 60 ml,50000,Sajo Bajo Faka,8914613901,Kendari,2025-01-26 11:48:00,2025-01-26 21:48:00,,Processed,2
ORD004596,2025-01-09 18:47:22,VTMMD60,vitaman madu 60 ml,50000,Jomi Riza,8164543777,Sidoarjo,2025-01-09 21:15:22,2025-01-10 23:15:22,,Processed,1
ORD004597,2025-01-23 11:47:33,VTMMD60,vitaman madu 60 ml,50000,Zaza Tino,8572092839,Sukabumi,2025-01-23 12:40:33,2025-01-25 08:40:33,,On Delivery,2
ORD004598,2025-02-09 01:05:06,MDB120,maduboom 120 ml,23000,Josa Tili Ramo,8788825956,Purwakarta,2025-02-09 02:52:06,2025-02-10 08:52:06,,On Delivery,2
ORD004599,2025-01-08 00:05:44,VTM60,vitaman 60 ml,30000,Liba Noli Najo,8168111701,Bengkulu,2025-01-08 02:54:44,2025-01-09 05:54:44,,Delivered,2
ORD004600,2025-02-07 03:39:53,JDM,jelly drink madu,20000,Nadi Modi Bajo,8406952234,Larantuka,2025-02-07 04:37:53,2025-02-08 04:37:53,,Processed,2
ORD004601,2025-01-18 00:35:30,VTM60,vitaman 60 ml,30000,Zana Kaza,8528854682,Lombok Barat,2025-01-18 01:43:30,2025-01-18 21:43:30,,On Delivery,2
ORD004602,2025-02-23 08:15:36,MDB200,maduboom 200 ml,32000,Liba Misa,8358632991,Tabanan,2025-02-23 11:09:36,2025-02-24 18:09:36,,Delivered,3
ORD004603,2025-01-13 10:22:45,MDB120,maduboom 120 ml,23000,Najo Kajo,8325787880,Karangasem,2025-01-13 11:40:45,2025-01-15 10:40:45,,Processed,3
ORD004604,2025-02-16 23:48:24,MDB200,maduboom 200 ml,32000,Diti Naza Sadi,8769336397,Sukabumi,2025-02-17 01:48:24,2025-02-18 21:48:24,,Delivered,3
ORD004605,2025-01-29 02:05:19,JDM,jelly drink madu,20000,Rami Jojo Nona,8633871306,Kudus,2025-01-29 03:08:19,2025-01-30 00:08:19,,On Delivery,1
ORD004606,2025-01-18 18:38:41,MDB200,maduboom 200 ml,32000,Moli Bajo Radi,8663044624,Magelang,2025-01-18 19:39:41,2025-01-20 19:39:41,,Delivered,3
ORD004607,2025-01-10 23:12:51,JDM,jelly drink madu,20000,Fari Zajo,8790739329,Pekanbaru,2025-01-11 01:40:51,2025-01-11 07:40:51,,Processed,3
ORD004608,2025-02-18 05:49:55,VTM60,vitaman 60 ml,30000,Lira Lira,8201349149,Tabanan,2025-02-18 06:44:55,2025-02-20 04:44:55,2025-02-27 04:44:55,Returned,3
ORD004609,2025-02-10 22:09:10,MDB200,maduboom 200 ml,32000,Kali Limo,8372887430,Bogor,2025-02-10 23:17:10,2025-02-12 17:17:10,,On Delivery,3
ORD004610,2025-02-15 19:09:56,JDM,jelly drink madu,20000,Joli Rira,8718418045,Purwakarta,2025-02-15 20:50:56,2025-02-17 04:50:56,,Processed,1
ORD004611,2025-02-08 20:09:54,VTMMD60,vitaman madu 60 ml,50000,Sami Liba,8873997113,Malang,2025-02-08 20:55:54,2025-02-09 09:55:54,,Delivered,1
ORD004612,2025-01-04 08:57:09,JDM,jelly drink madu,20000,Tika Zaka,8478031023,Maumere,2025-01-04 09:43:09,2025-01-04 23:43:09,,Delivered,2
ORD004613,2025-01-04 20:06:18,JDM,jelly drink madu,20000,Bana Kana,8148757660,Jepara,2025-01-04 21:41:18,2025-01-05 03:41:18,,Processed,2
ORD004614,2025-01-15 15:48:26,VTMMD60,vitaman madu 60 ml,50000,Fano Joti Kafa,8437219854,Bekasi,2025-01-15 18:44:26,2025-01-15 23:44:26,,On Delivery,3
ORD004615,2025-02-28 11:18:25,MDB200,maduboom 200 ml,32000,Rasa Mosa Momi,8500766474,Batam,2025-02-28 13:03:25,2025-03-01 03:03:25,,On Delivery,2
ORD004616,2025-01-12 15:11:04,MDB200,maduboom 200 ml,32000,Zari Nofa,8396429353,Situbondo,2025-01-12 15:57:04,2025-01-13 09:57:04,2025-01-15 09:57:04,Returned,2
ORD004617,2025-02-01 22:13:27,VTMMD60,vitaman madu 60 ml,50000,Kami Midi,8679673995,Medan,2025-02-02 00:53:27,2025-02-03 23:53:27,,Processed,3
ORD004618,2025-01-31 22:22:21,VTM60,vitaman 60 ml,30000,Miti Fali,8995445136,Banjarmasin,2025-01-31 23:02:21,2025-02-02 15:02:21,,Delivered,1
ORD004619,2025-01-25 13:31:54,MDB120,maduboom 120 ml,23000,Rijo Miti,8804637578,Karawang,2025-01-25 15:18:54,2025-01-26 11:18:54,,On Delivery,1
ORD004620,2025-02-20 12:46:18,JDM,jelly drink madu,20000,Kadi Saka Zara,8993014148,Mataram,2025-02-20 13:22:18,2025-02-21 16:22:18,2025-02-28 16:22:18,Returned,2
ORD004621,2025-01-07 04:13:40,MDB120,maduboom 120 ml,23000,Mika Saka Zamo,8215460581,Sidoarjo,2025-01-07 07:06:40,2025-01-07 21:06:40,,Processed,1
ORD004622,2025-01-30 19:19:28,VTM60,vitaman 60 ml,30000,Zadi Jora Rali,8623924866,Medan,2025-01-30 21:01:28,2025-02-01 04:01:28,,Processed,2
ORD004623,2025-02-22 08:28:52,VTM60,vitaman 60 ml,30000,Fami Mona,8807552485,Buleleng,2025-02-22 09:03:52,2025-02-24 02:03:52,,Processed,2
ORD004624,2025-01-28 02:58:14,JDM,jelly drink madu,20000,Noti Kana,8203094380,Madiun,2025-01-28 05:49:14,2025-01-29 04:49:14,,Processed,1
ORD004625,2025-01-10 19:38:30,VTM60,vitaman 60 ml,30000,Rasa Fana,8460149387,Medan,2025-01-10 20:36:30,2025-01-12 08:36:30,,Processed,1
ORD004626,2025-01-31 21:38:42,JDM,jelly drink madu,20000,Baka Zara,8241539014,Tegal,2025-01-31 22:30:42,2025-02-02 03:30:42,,Processed,3
ORD004627,2025-01-24 11:29:05,JDM,jelly drink madu,20000,Safa Naza Joza,8454769785,Sorong,2025-01-24 12:47:05,2025-01-25 05:47:05,2025-01-31 05:47:05,Returned,3
ORD004628,2025-01-22 17:36:55,MDB120,maduboom 120 ml,23000,Jori Bafa,8219156718,Klaten,2025-01-22 19:46:55,2025-01-23 01:46:55,,Processed,1
ORD004629,2025-01-11 00:17:13,VTMMD60,vitaman madu 60 ml,50000,Nomo Kaba,8925205660,Sorong,2025-01-11 02:35:13,2025-01-11 21:35:13,,Delivered,1
ORD004630,2025-02-25 10:14:20,VTMMD60,vitaman madu 60 ml,50000,Nadi Diba Fami,8992415737,Tangerang,2025-02-25 11:14:20,2025-02-26 04:14:20,,Delivered,3
ORD004631,2025-01-02 16:44:01,VTM60,vitaman 60 ml,30000,Kati Sana,8407781522,Jombang,2025-01-02 17:43:01,2025-01-03 18:43:01,,Processed,3
ORD004632,2025-02-04 04:16:06,MDB120,maduboom 120 ml,23000,Rasa Zaba,8717876040,Purwokerto,2025-02-04 04:48:06,2025-02-04 17:48:06,,On Delivery,3
ORD004633,2025-02-01 12:23:52,VTMMD60,vitaman madu 60 ml,50000,Kaka Saka,8979347796,Malang,2025-02-01 15:23:52,2025-02-02 09:23:52,,Processed,3
ORD004634,2025-01-02 18:47:58,MDB200,maduboom 200 ml,32000,Joba Tina Diza,8453341532,Badung,2025-01-02 21:04:58,2025-01-03 15:04:58,,Delivered,1
ORD004635,2025-02-22 17:47:59,MDB200,maduboom 200 ml,32000,Mona Moti,8760413089,Tabanan,2025-02-22 19:15:59,2025-02-23 12:15:59,,On Delivery,2
ORD004636,2025-02-15 07:44:04,MDB200,maduboom 200 ml,32000,Tino Tifa Diri,8861089580,Kupang,2025-02-15 08:48:04,2025-02-16 08:48:04,,Processed,1
ORD004637,2025-01-27 06:03:36,MDB120,maduboom 120 ml,23000,Nodi Baba,8670580531,Madiun,2025-01-27 08:40:36,2025-01-28 00:40:36,,Delivered,2
ORD004638,2025-01-08 13:04:08,MDB120,maduboom 120 ml,23000,Tiba Joba,8188646022,Batu,2025-01-08 14:09:08,2025-01-09 01:09:08,,On Delivery,1
ORD004639,2025-02-13 11:38:07,VTM60,vitaman 60 ml,30000,Titi Rimo Kami,8257250266,Banjarmasin,2025-02-13 13:16:07,2025-02-15 01:16:07,2025-02-22 01:16:07,Returned,1
ORD004640,2025-02-07 15:55:23,MDB200,maduboom 200 ml,32000,Nami Rifa,8323292619,Bogor,2025-02-07 16:34:23,2025-02-09 05:34:23,,Delivered,2
ORD004641,2025-01-21 02:07:49,MDB200,maduboom 200 ml,32000,Tijo Tino Dino,8381913449,Cikarang,2025-01-21 03:35:49,2025-01-22 04:35:49,,Processed,1
ORD004642,2025-01-04 07:37:53,JDM,jelly drink madu,20000,Bara Rifa Zaka,8377486263,Manado,2025-01-04 09:58:53,2025-01-05 02:58:53,,Delivered,1
ORD004643,2025-01-16 14:32:53,MDB200,maduboom 200 ml,32000,Noti Mina,8977028680,Klaten,2025-01-16 17:08:53,2025-01-17 07:08:53,,Processed,2
ORD004644,2025-01-20 03:22:26,MDB200,maduboom 200 ml,32000,Nafa Sali Lijo,8692686497,Palangkaraya,2025-01-20 05:33:26,2025-01-22 01:33:26,,Processed,3
ORD004645,2025-02-07 01:00:23,JDM,jelly drink madu,20000,Fano Fajo Rimi,8944117390,Madiun,2025-02-07 02:57:23,2025-02-08 01:57:23,,On Delivery,1
ORD004646,2025-02-23 19:25:58,VTM60,vitaman 60 ml,30000,Namo Jono Joza,8228419591,Kediri,2025-02-23 20:12:58,2025-02-24 06:12:58,2025-02-26 06:12:58,Returned,1
ORD004647,2025-01-14 11:57:37,VTMMD60,vitaman madu 60 ml,50000,Lili Nora,8359838805,Jepara,2025-01-14 14:12:37,2025-01-16 07:12:37,,Delivered,1
ORD004648,2025-02-08 05:34:29,MDB200,maduboom 200 ml,32000,Rami Nori Noka,8480924178,Sumedang,2025-02-08 07:11:29,2025-02-09 08:11:29,,Processed,1
ORD004649,2025-02-09 15:42:21,JDM,jelly drink madu,20000,Kadi Nora Joba,8418632710,Bengkulu,2025-02-09 17:46:21,2025-02-10 04:46:21,,Processed,1
ORD004650,2025-02-07 18:42:10,JDM,jelly drink madu,20000,Diza Raba Dina,8252696385,Tabanan,2025-02-07 20:10:10,2025-02-09 09:10:10,,Processed,2
ORD004651,2025-02-20 10:00:22,MDB120,maduboom 120 ml,23000,Jomi Fami,8291050811,Probolinggo,2025-02-20 12:10:22,2025-02-22 06:10:22,,Processed,3
ORD004652,2025-01-23 13:21:28,MDB200,maduboom 200 ml,32000,Rari Kaba Ramo,8316821971,Tangerang,2025-01-23 15:32:28,2025-01-24 09:32:28,,Delivered,3
ORD004653,2025-02-05 15:33:55,MDB120,maduboom 120 ml,23000,Tidi Fajo,8938509960,Tuban,2025-02-05 16:42:55,2025-02-07 11:42:55,,Delivered,1
ORD004654,2025-02-12 05:48:31,JDM,jelly drink madu,20000,Zamo Sadi,8830718600,Sumedang,2025-02-12 07:11:31,2025-02-13 14:11:31,,Delivered,2
ORD004655,2025-01-25 04:59:57,JDM,jelly drink madu,20000,Nasa Mofa,8375784548,Jombang,2025-01-25 06:35:57,2025-01-26 16:35:57,,On Delivery,2
ORD004656,2025-02-20 12:21:06,VTMMD60,vitaman madu 60 ml,50000,Fara Jojo Nana,8682756919,Pekanbaru,2025-02-20 14:28:06,2025-02-20 22:28:06,,Processed,2
ORD004657,2025-01-09 20:15:22,VTM60,vitaman 60 ml,30000,Nali Mojo Rami,8745444621,Lombok Barat,2025-01-09 21:05:22,2025-01-10 10:05:22,,Delivered,2
ORD004658,2025-01-04 14:28:28,JDM,jelly drink madu,20000,Kali Nomo Kano,8242365542,Batam,2025-01-04 15:00:28,2025-01-05 04:00:28,,Processed,2
ORD004659,2025-02-03 17:19:04,JDM,jelly drink madu,20000,Zano Kajo Liti,8366122227,Maumere,2025-02-03 18:24:04,2025-02-04 07:24:04,,Delivered,1
ORD004660,2025-01-03 00:36:47,MDB120,maduboom 120 ml,23000,Liti Kaza Joza,8936765115,Jambi,2025-01-03 01:53:47,2025-01-03 06:53:47,,Delivered,2
ORD004661,2025-02-01 07:10:09,VTMMD60,vitaman madu 60 ml,50000,Kaka Raka,8717729048,Kendari,2025-02-01 08:02:09,2025-02-02 11:02:09,,On Delivery,3
ORD004662,2025-02-09 17:55:25,VTM60,vitaman 60 ml,30000,Lira Fami Faka,8654581430,Palu,2025-02-09 19:26:25,2025-02-11 17:26:25,,Processed,3
ORD004663,2025-02-26 02:00:53,VTM60,vitaman 60 ml,30000,Bati Namo,8265718645,Samarinda,2025-02-26 02:43:53,2025-02-26 22:43:53,,Delivered,1
ORD004664,2025-02-15 17:17:05,JDM,jelly drink madu,20000,Bafa Nami,8893779456,Bengkulu,2025-02-15 19:03:05,2025-02-16 17:03:05,,On Delivery,1
ORD004665,2025-01-21 16:16:17,JDM,jelly drink madu,20000,Miza Tidi Kali,8337857719,Ponorogo,2025-01-21 19:05:17,2025-01-23 14:05:17,,On Delivery,1
ORD004666,2025-01-12 06:46:16,VTMMD60,vitaman madu 60 ml,50000,Bafa Mofa Sana,8918610219,Sukabumi,2025-01-12 09:17:16,2025-01-13 04:17:16,,Processed,3
ORD004667,2025-02-11 10:37:24,VTMMD60,vitaman madu 60 ml,50000,Bari Nofa,8701163134,Larantuka,2025-02-11 11:19:24,2025-02-12 15:19:24,2025-02-14 15:19:24,Returned,2
ORD004668,2025-02-10 04:53:03,MDB200,maduboom 200 ml,32000,Mino Naka,8987525790,Purwokerto,2025-02-10 05:37:03,2025-02-11 20:37:03,,Delivered,1
ORD004669,2025-01-17 12:01:59,JDM,jelly drink madu,20000,Moba Fami,8982362886,Kendari,2025-01-17 13:45:59,2025-01-19 09:45:59,,Delivered,2
ORD004670,2025-01-09 09:35:20,VTM60,vitaman 60 ml,30000,Nari Moli Kaka,8354328693,Bogor,2025-01-09 10:07:20,2025-01-10 23:07:20,,Processed,1
ORD004671,2025-02-18 12:35:03,MDB200,maduboom 200 ml,32000,Nona Titi Momi,8658795132,Tasikmalaya,2025-02-18 14:05:03,2025-02-19 20:05:03,2025-02-23 20:05:03,Returned,1
ORD004672,2025-01-20 14:36:14,MDB120,maduboom 120 ml,23000,Raka Misa Nodi,8685792572,Denpasar,2025-01-20 16:13:14,2025-01-21 16:13:14,2025-01-27 16:13:14,Returned,3
ORD004673,2025-01-16 11:21:34,MDB120,maduboom 120 ml,23000,Zafa Nofa Joli,8212629461,Batu,2025-01-16 12:52:34,2025-01-18 00:52:34,,Processed,3
ORD004674,2025-01-08 11:22:22,VTM60,vitaman 60 ml,30000,Rino Nora,8317963281,Tasikmalaya,2025-01-08 14:10:22,2025-01-09 13:10:22,,Processed,1
ORD004675,2025-02-26 07:40:41,MDB120,maduboom 120 ml,23000,Noza Tika,8243220738,Maumere,2025-02-26 08:18:41,2025-02-26 14:18:41,,Delivered,2
ORD004676,2025-02-24 00:45:37,VTM60,vitaman 60 ml,30000,Rati Miza Lino,8245172363,Lamongan,2025-02-24 02:22:37,2025-02-25 20:22:37,,Delivered,1
ORD004677,2025-01-04 09:05:01,VTMMD60,vitaman madu 60 ml,50000,Samo Fano Fara,8437411925,Jombang,2025-01-04 11:25:01,2025-01-05 23:25:01,,Processed,1
ORD004678,2025-01-10 06:33:21,MDB200,maduboom 200 ml,32000,Tili Nodi,8636043974,Lamongan,2025-01-10 08:17:21,2025-01-11 19:17:21,,Processed,2
ORD004679,2025-02-03 11:27:50,VTMMD60,vitaman madu 60 ml,50000,Joti Sali,8192987175,Palu,2025-02-03 13:10:50,2025-02-04 01:10:50,,Processed,3
ORD004680,2025-02-13 11:07:02,MDB120,maduboom 120 ml,23000,Moba Tili Rili,8742335731,Jakarta,2025-02-13 13:49:02,2025-02-14 00:49:02,,On Delivery,2
ORD004681,2025-01-05 02:22:50,VTM60,vitaman 60 ml,30000,Rimo Mora,8881276226,Batam,2025-01-05 04:11:50,2025-01-06 12:11:50,2025-01-08 12:11:50,Returned,2
ORD004682,2025-02-05 07:34:00,VTM60,vitaman 60 ml,30000,Nati Miri Naza,8176121924,Jambi,2025-02-05 10:05:00,2025-02-06 10:05:00,2025-02-10 10:05:00,Returned,3
ORD004683,2025-02-22 15:56:22,MDB200,maduboom 200 ml,32000,Faba Moli Lifa,8401291114,Ngawi,2025-02-22 17:32:22,2025-02-22 22:32:22,,Delivered,1
ORD004684,2025-02-02 00:13:40,JDM,jelly drink madu,20000,Liba Nati,8940569620,Boyolali,2025-02-02 02:34:40,2025-02-02 08:34:40,,On Delivery,3
ORD004685,2025-02-27 07:49:45,VTM60,vitaman 60 ml,30000,Sadi Kati,8121009049,Serang,2025-02-27 08:47:45,2025-03-01 03:47:45,,On Delivery,1
ORD004686,2025-01-26 13:27:20,VTM60,vitaman 60 ml,30000,Limo Jora Fana,8362438430,Blitar,2025-01-26 14:40:20,2025-01-27 20:40:20,,Processed,1
ORD004687,2025-01-19 06:00:54,MDB120,maduboom 120 ml,23000,Nasa Sano Nosa,8773062223,Kupang,2025-01-19 06:32:54,2025-01-20 15:32:54,,On Delivery,1
ORD004688,2025-01-22 13:59:36,VTMMD60,vitaman madu 60 ml,50000,Zana Rati Samo,8324562850,Depok,2025-01-22 15:09:36,2025-01-24 06:09:36,2025-01-26 06:09:36,Returned,1
ORD004689,2025-02-15 13:50:55,MDB120,maduboom 120 ml,23000,Kano Nori,8796589955,Cirebon,2025-02-15 14:50:55,2025-02-15 22:50:55,,Processed,3
ORD004690,2025-02-21 18:19:13,MDB200,maduboom 200 ml,32000,Rara Fara,8231796553,Bogor,2025-02-21 20:20:13,2025-02-22 10:20:13,,On Delivery,2
ORD004691,2025-01-15 16:27:23,MDB120,maduboom 120 ml,23000,Limi Nomo,8503800478,Boyolali,2025-01-15 18:14:23,2025-01-17 01:14:23,,Processed,2
ORD004692,2025-01-26 08:56:41,VTMMD60,vitaman madu 60 ml,50000,Fadi Rili,8725385760,Klaten,2025-01-26 11:39:41,2025-01-27 19:39:41,,Processed,2
ORD004693,2025-01-02 02:54:05,MDB200,maduboom 200 ml,32000,Rina Rali,8881350524,Kediri,2025-01-02 04:50:05,2025-01-02 15:50:05,,Processed,2
ORD004694,2025-01-11 05:29:30,VTMMD60,vitaman madu 60 ml,50000,Nami Noti Nofa,8640091867,Jakarta,2025-01-11 07:05:30,2025-01-11 17:05:30,,Processed,3
ORD004695,2025-01-08 14:46:14,MDB120,maduboom 120 ml,23000,Kara Nami Lijo,8969795193,Jepara,2025-01-08 15:28:14,2025-01-09 08:28:14,,Delivered,2
ORD004696,2025-01-30 17:00:23,MDB120,maduboom 120 ml,23000,Tiri Rimo,8505352074,Lombok Barat,2025-01-30 17:37:23,2025-01-31 10:37:23,,On Delivery,2
ORD004697,2025-02-03 22:40:37,VTMMD60,vitaman madu 60 ml,50000,Kana Jora Mimi,8893450526,Purwokerto,2025-02-04 00:37:37,2025-02-05 00:37:37,,Processed,3
ORD004698,2025-01-16 19:38:55,MDB120,maduboom 120 ml,23000,Kafa Tika Bara,8410320354,Lombok Timur,2025-01-16 22:26:55,2025-01-18 05:26:55,,Processed,2
ORD004699,2025-01-22 22:03:55,MDB120,maduboom 120 ml,23000,Momi Jojo Rajo,8277410032,Garut,2025-01-23 00:24:55,2025-01-24 19:24:55,,Delivered,2
ORD004700,2025-01-25 18:01:22,VTMMD60,vitaman madu 60 ml,50000,Timi Mojo Rili,8673435987,Magelang,2025-01-25 19:59:22,2025-01-27 13:59:22,,Processed,1
ORD004701,2025-02-18 01:07:44,MDB120,maduboom 120 ml,23000,Kamo Riti Riri,8266155393,Tabanan,2025-02-18 02:13:44,2025-02-18 17:13:44,,Delivered,2
ORD004702,2025-01-09 23:11:10,VTMMD60,vitaman madu 60 ml,50000,Nora Lijo Josa,8693046644,Larantuka,2025-01-10 00:09:10,2025-01-10 07:09:10,,Delivered,3
ORD004703,2025-01-02 12:49:41,VTMMD60,vitaman madu 60 ml,50000,Fami Lili Rimi,8594204318,Ternate,2025-01-02 15:23:41,2025-01-04 09:23:41,,Processed,1
ORD004704,2025-01-19 04:51:01,MDB120,maduboom 120 ml,23000,Mofa Bara,8832192340,Makassar,2025-01-19 06:35:01,2025-01-19 22:35:01,,Processed,3
ORD004705,2025-02-20 17:47:52,MDB200,maduboom 200 ml,32000,Limo Liba,8393064376,Samarinda,2025-02-20 19:36:52,2025-02-21 16:36:52,,Delivered,2
ORD004706,2025-02-22 07:18:40,JDM,jelly drink madu,20000,Bafa Mimo Miza,8157109061,Badung,2025-02-22 09:42:40,2025-02-23 11:42:40,,Delivered,1
ORD004707,2025-01-01 20:18:45,VTM60,vitaman 60 ml,30000,Josa Namo,8201819039,Sumedang,2025-01-01 21:10:45,2025-01-02 14:10:45,,Delivered,2
ORD004708,2025-01-05 13:46:40,VTM60,vitaman 60 ml,30000,Sana Naba Tira,8712283329,Badung,2025-01-05 16:33:40,2025-01-06 11:33:40,,Processed,3
ORD004709,2025-01-07 04:57:59,VTM60,vitaman 60 ml,30000,Mofa Kasa,8459581406,Larantuka,2025-01-07 06:44:59,2025-01-07 15:44:59,,Processed,3
ORD004710,2025-02-05 16:36:21,VTMMD60,vitaman madu 60 ml,50000,Noka Riti,8615924269,Indramayu,2025-02-05 19:03:21,2025-02-07 09:03:21,,Processed,2
ORD004711,2025-01-06 15:53:10,MDB120,maduboom 120 ml,23000,Difa Fara Difa,8693806887,Denpasar,2025-01-06 17:11:10,2025-01-08 08:11:10,,On Delivery,1
ORD004712,2025-01-31 10:23:47,VTMMD60,vitaman madu 60 ml,50000,Fasa Samo,8796340843,Sukabumi,2025-01-31 11:14:47,2025-02-01 12:14:47,,Delivered,1
ORD004713,2025-01-21 12:55:06,JDM,jelly drink madu,20000,Fari Diri,8359525890,Batu,2025-01-21 13:31:06,2025-01-22 11:31:06,,On Delivery,2
ORD004714,2025-01-21 12:39:24,VTM60,vitaman 60 ml,30000,Tiri Miza Badi,8732541986,Larantuka,2025-01-21 15:08:24,2025-01-22 17:08:24,,On Delivery,2
ORD004715,2025-02-10 01:38:00,MDB120,maduboom 120 ml,23000,Tisa Sali Nona,8884896701,Sorong,2025-02-10 02:23:00,2025-02-11 17:23:00,,Processed,3
ORD004716,2025-01-26 17:19:21,VTMMD60,vitaman madu 60 ml,50000,Tili Diza,8255257147,Maumere,2025-01-26 20:02:21,2025-01-27 22:02:21,,On Delivery,1
ORD004717,2025-02-26 18:28:04,MDB200,maduboom 200 ml,32000,Rafa Misa Dina,8619058837,Bandung,2025-02-26 19:47:04,2025-02-28 08:47:04,2025-03-07 08:47:04,Returned,2
ORD004718,2025-02-14 08:57:19,MDB200,maduboom 200 ml,32000,Tino Riza,8511679662,Bandung,2025-02-14 11:25:19,2025-02-16 04:25:19,,Processed,1
ORD004719,2025-02-24 06:42:16,MDB120,maduboom 120 ml,23000,Joli Noti,8269891506,Magelang,2025-02-24 08:16:16,2025-02-25 01:16:16,,Processed,3
ORD004720,2025-01-22 18:24:33,MDB200,maduboom 200 ml,32000,Miza Fasa,8472394253,Banjarbaru,2025-01-22 20:30:33,2025-01-23 20:30:33,,On Delivery,2
ORD004721,2025-01-04 13:50:45,MDB120,maduboom 120 ml,23000,Lisa Sati Riba,8675285493,Bengkulu,2025-01-04 14:34:45,2025-01-05 17:34:45,,Processed,1
ORD004722,2025-01-13 05:35:41,VTM60,vitaman 60 ml,30000,Tino Zaka,8691797554,Surabaya,2025-01-13 08:34:41,2025-01-13 22:34:41,,Processed,3
ORD004723,2025-01-20 22:16:58,MDB120,maduboom 120 ml,23000,Bali Faza,8886957880,Jambi,2025-01-21 00:36:58,2025-01-21 07:36:58,,Processed,1
ORD004724,2025-01-30 15:07:26,VTMMD60,vitaman madu 60 ml,50000,Bami Joli Jofa,8147911926,Gresik,2025-01-30 17:47:26,2025-01-31 22:47:26,,On Delivery,1
ORD004725,2025-01-23 17:24:10,MDB120,maduboom 120 ml,23000,Dili Saba,8693434378,Purwakarta,2025-01-23 19:18:10,2025-01-24 15:18:10,,Delivered,2
ORD004726,2025-01-23 20:39:39,VTMMD60,vitaman madu 60 ml,50000,Naka Fana Kara,8964361918,Karangasem,2025-01-23 22:09:39,2025-01-24 13:09:39,,Delivered,1
ORD004727,2025-02-28 12:30:58,MDB120,maduboom 120 ml,23000,Noli Sali,8167253806,Yogyakarta,2025-02-28 13:32:58,2025-03-02 09:32:58,,Processed,1
ORD004728,2025-02-07 12:33:53,VTM60,vitaman 60 ml,30000,Nali Nafa Bara,8665562848,Samarinda,2025-02-07 13:14:53,2025-02-09 08:14:53,,Processed,2
ORD004729,2025-02-22 04:20:14,VTMMD60,vitaman madu 60 ml,50000,Kara Jofa,8921076061,Singaraja,2025-02-22 05:24:14,2025-02-22 13:24:14,,Delivered,1
ORD004730,2025-02-12 08:13:47,JDM,jelly drink madu,20000,Rimo Sara Joza,8317162065,Padang,2025-02-12 11:05:47,2025-02-13 20:05:47,,Processed,3
ORD004731,2025-01-21 18:38:21,MDB200,maduboom 200 ml,32000,Zadi Kara Diti,8574786578,Banyuwangi,2025-01-21 20:01:21,2025-01-23 05:01:21,,Processed,1
ORD004732,2025-02-17 22:16:50,MDB200,maduboom 200 ml,32000,Kamo Nano,8601975940,Jayapura,2025-02-18 00:56:50,2025-02-19 09:56:50,,Processed,1
ORD004733,2025-02-13 02:16:43,MDB120,maduboom 120 ml,23000,Naza Jofa,8417683876,Kudus,2025-02-13 02:48:43,2025-02-14 16:48:43,,Processed,2
ORD004734,2025-02-28 21:07:43,VTM60,vitaman 60 ml,30000,Rami Rijo,8537796610,Depok,2025-02-28 23:28:43,2025-03-02 11:28:43,,Delivered,1
ORD004735,2025-01-29 15:00:50,VTM60,vitaman 60 ml,30000,Kadi Noza Zadi,8997461025,Kudus,2025-01-29 15:31:50,2025-01-30 19:31:50,,Delivered,2
ORD004736,2025-01-20 18:54:44,MDB200,maduboom 200 ml,32000,Dimo Rasa,8318422926,Buleleng,2025-01-20 20:38:44,2025-01-21 08:38:44,,Processed,2
ORD004737,2025-02-10 11:41:40,JDM,jelly drink madu,20000,Tiza Naza,8741008350,Denpasar,2025-02-10 13:19:40,2025-02-11 22:19:40,,On Delivery,2
ORD004738,2025-01-18 13:41:58,VTM60,vitaman 60 ml,30000,Nana Nasa Rana,8235604737,Bangli,2025-01-18 16:39:58,2025-01-20 11:39:58,,Delivered,1
ORD004739,2025-02-01 10:02:25,VTMMD60,vitaman madu 60 ml,50000,Zaka Sadi,8316075281,Tegal,2025-02-01 11:20:25,2025-02-03 06:20:25,,On Delivery,1
ORD004740,2025-02-12 20:42:09,VTM60,vitaman 60 ml,30000,Zari Jomo Momi,8188468076,Tasikmalaya,2025-02-12 22:48:09,2025-02-14 22:48:09,,Delivered,1
ORD004741,2025-01-05 17:34:27,VTM60,vitaman 60 ml,30000,Momo Rajo,8683613234,Karangasem,2025-01-05 18:48:27,2025-01-07 09:48:27,,On Delivery,2
ORD004742,2025-02-21 10:35:29,MDB120,maduboom 120 ml,23000,Difa Zara Rali,8598458553,Lombok Timur,2025-02-21 12:13:29,2025-02-22 19:13:29,,On Delivery,1
ORD004743,2025-02-27 21:23:53,JDM,jelly drink madu,20000,Noza Lina Nona,8698250816,Tabanan,2025-02-27 22:24:53,2025-03-01 18:24:53,,Delivered,2
ORD004744,2025-02-27 05:11:48,VTMMD60,vitaman madu 60 ml,50000,Miza Joza,8769313128,Karangasem,2025-02-27 07:00:48,2025-02-27 19:00:48,,Delivered,1
ORD004745,2025-02-20 07:16:24,VTM60,vitaman 60 ml,30000,Fara Kali Mona,8281927442,Palembang,2025-02-20 07:55:24,2025-02-20 16:55:24,,Delivered,2
ORD004746,2025-01-10 04:09:52,JDM,jelly drink madu,20000,Nomo Mino Rafa,8971381769,Jakarta,2025-01-10 05:55:52,2025-01-10 22:55:52,,On Delivery,2
ORD004747,2025-02-28 11:37:44,VTMMD60,vitaman madu 60 ml,50000,Naba Lira Tino,8879206963,Karangasem,2025-02-28 14:09:44,2025-03-01 21:09:44,,Delivered,2
ORD004748,2025-02-10 20:37:58,VTMMD60,vitaman madu 60 ml,50000,Miti Tili Kafa,8815136431,Pasuruan,2025-02-10 21:47:58,2025-02-12 11:47:58,,Delivered,2
ORD004749,2025-02-07 09:09:32,MDB200,maduboom 200 ml,32000,Fara Jomo Diri,8824494278,Klaten,2025-02-07 09:52:32,2025-02-08 04:52:32,,Delivered,2
ORD004750,2025-01-06 07:09:46,VTMMD60,vitaman madu 60 ml,50000,Najo Zafa,8383029932,Jayapura,2025-01-06 08:31:46,2025-01-08 01:31:46,,Delivered,1
ORD004751,2025-01-27 11:03:28,VTM60,vitaman 60 ml,30000,Rano Rami,8606187217,Pekanbaru,2025-01-27 12:25:28,2025-01-28 03:25:28,,Delivered,2
ORD004752,2025-02-16 10:56:17,VTMMD60,vitaman madu 60 ml,50000,Sadi Tika Jomi,8698744803,Palangkaraya,2025-02-16 13:04:17,2025-02-17 00:04:17,2025-02-22 00:04:17,Returned,1
ORD004753,2025-01-16 10:14:15,MDB120,maduboom 120 ml,23000,Dina Zaba,8860559019,Palembang,2025-01-16 12:44:15,2025-01-16 19:44:15,,Delivered,1
ORD004754,2025-01-22 05:53:26,JDM,jelly drink madu,20000,Raza Sana Bara,8924841611,Subang,2025-01-22 07:54:26,2025-01-23 05:54:26,,On Delivery,2
ORD004755,2025-01-04 19:28:17,JDM,jelly drink madu,20000,Bana Faka Joza,8574663420,Yogyakarta,2025-01-04 20:58:17,2025-01-05 07:58:17,,Delivered,2
ORD004756,2025-02-13 22:49:49,VTM60,vitaman 60 ml,30000,Zana Mina Risa,8494692138,Medan,2025-02-13 23:41:49,2025-02-14 22:41:49,,Processed,1
ORD004757,2025-01-19 01:29:50,MDB200,maduboom 200 ml,32000,Rino Mori Nodi,8130649042,Depok,2025-01-19 04:13:50,2025-01-19 11:13:50,2025-01-24 11:13:50,Returned,2
ORD004758,2025-02-06 19:22:37,MDB120,maduboom 120 ml,23000,Faza Kafa Bano,8806174861,Bandar Lampung,2025-02-06 20:25:37,2025-02-08 09:25:37,,On Delivery,3
ORD004759,2025-02-14 05:27:45,MDB120,maduboom 120 ml,23000,Fari Mono Zano,8320234099,Palangkaraya,2025-02-14 08:01:45,2025-02-16 03:01:45,,On Delivery,3
ORD004760,2025-02-11 08:15:50,VTMMD60,vitaman madu 60 ml,50000,Tino Tiza Zaza,8299222926,Medan,2025-02-11 10:41:50,2025-02-13 01:41:50,,Delivered,1
ORD004761,2025-02-04 07:07:54,MDB120,maduboom 120 ml,23000,Kana Nomi Tijo,8740192606,Buleleng,2025-02-04 09:00:54,2025-02-05 01:00:54,,Processed,2
ORD004762,2025-02-19 21:44:55,MDB120,maduboom 120 ml,23000,Safa Kari Mijo,8829752151,Klaten,2025-02-19 23:41:55,2025-02-21 18:41:55,2025-02-27 18:41:55,Returned,2
ORD004763,2025-02-01 16:44:53,JDM,jelly drink madu,20000,Nofa Jomi Basa,8289203058,Ngawi,2025-02-01 18:30:53,2025-02-02 04:30:53,,Delivered,3
ORD004764,2025-02-22 19:33:54,JDM,jelly drink madu,20000,Rimi Tisa,8584248676,Ngawi,2025-02-22 21:56:54,2025-02-24 20:56:54,,Processed,3
ORD004765,2025-02-07 20:26:00,VTM60,vitaman 60 ml,30000,Diza Nari,8897614548,Purwakarta,2025-02-07 21:20:00,2025-02-09 16:20:00,,Processed,1
ORD004766,2025-02-09 13:09:25,JDM,jelly drink madu,20000,Fano Rami,8123173456,Bekasi,2025-02-09 14:23:25,2025-02-10 02:23:25,,On Delivery,2
ORD004767,2025-01-19 22:58:33,MDB200,maduboom 200 ml,32000,Dino Rasa,8376735886,Kendari,2025-01-20 00:39:33,2025-01-21 00:39:33,2025-01-28 00:39:33,Returned,2
ORD004768,2025-01-18 13:15:43,VTM60,vitaman 60 ml,30000,Miri Mojo Rimo,8580112978,Lombok Timur,2025-01-18 14:37:43,2025-01-19 14:37:43,,Delivered,1
ORD004769,2025-01-15 09:03:13,MDB120,maduboom 120 ml,23000,Kara Lidi Bara,8721248270,Sumedang,2025-01-15 10:48:13,2025-01-15 18:48:13,,Delivered,1
ORD004770,2025-01-06 17:53:32,JDM,jelly drink madu,20000,Sadi Rimo Zajo,8549159874,Bogor,2025-01-06 20:40:32,2025-01-07 21:40:32,,Processed,2
ORD004771,2025-01-21 02:09:47,VTMMD60,vitaman madu 60 ml,50000,Jodi Zali,8734482744,Lombok Barat,2025-01-21 02:44:47,2025-01-21 12:44:47,,Delivered,2
ORD004772,2025-01-29 11:25:27,MDB120,maduboom 120 ml,23000,Zana Zari Rika,8142421697,Bandung,2025-01-29 12:31:27,2025-01-31 08:31:27,,Delivered,3
ORD004773,2025-01-20 14:58:16,MDB120,maduboom 120 ml,23000,Nano Tisa,8137226808,Batu,2025-01-20 16:54:16,2025-01-21 14:54:16,2025-01-23 14:54:16,Returned,2
ORD004774,2025-02-01 01:30:01,MDB200,maduboom 200 ml,32000,Nati Difa Riza,8880672106,Bangli,2025-02-01 04:24:01,2025-02-01 21:24:01,,On Delivery,3
ORD004775,2025-02-05 11:26:38,JDM,jelly drink madu,20000,Baza Bajo,8782469838,Klaten,2025-02-05 12:07:38,2025-02-07 06:07:38,,Processed,3
ORD004776,2025-01-15 00:25:24,MDB120,maduboom 120 ml,23000,Tisa Badi,8869925900,Pasuruan,2025-01-15 03:14:24,2025-01-15 23:14:24,,Delivered,2
ORD004777,2025-02-06 02:47:22,JDM,jelly drink madu,20000,Tika Jojo,8469445113,Sorong,2025-02-06 04:53:22,2025-02-08 01:53:22,,On Delivery,2
ORD004778,2025-01-01 22:45:53,VTM60,vitaman 60 ml,30000,Sari Sami,8441280260,Malang,2025-01-02 00:20:53,2025-01-03 09:20:53,2025-01-06 09:20:53,Returned,2
ORD004779,2025-02-23 19:18:11,JDM,jelly drink madu,20000,Kaba Nana Diri,8119897602,Sidoarjo,2025-02-23 21:18:11,2025-02-25 08:18:11,,Delivered,3
ORD004780,2025-01-11 16:12:23,MDB120,maduboom 120 ml,23000,Dili Fadi,8295168801,Banjarmasin,2025-01-11 17:13:23,2025-01-13 02:13:23,,On Delivery,3
ORD004781,2025-01-05 00:57:26,MDB120,maduboom 120 ml,23000,Miri Nosa,8747929114,Ternate,2025-01-05 03:09:26,2025-01-05 22:09:26,,Processed,1
ORD004782,2025-02-02 23:08:32,VTM60,vitaman 60 ml,30000,Momo Fasa,8592422066,Jambi,2025-02-03 00:22:32,2025-02-04 02:22:32,,Processed,3
ORD004783,2025-01-26 10:05:22,MDB200,maduboom 200 ml,32000,Zaza Noza,8633273871,Cikarang,2025-01-26 10:56:22,2025-01-27 00:56:22,,On Delivery,2
ORD004784,2025-01-11 16:36:09,JDM,jelly drink madu,20000,Noli Kana,8971215995,Bandar Lampung,2025-01-11 17:43:09,2025-01-12 15:43:09,,On Delivery,1
ORD004785,2025-01-25 21:36:07,MDB200,maduboom 200 ml,32000,Lino Nana Nasa,8914724069,Kupang,2025-01-25 23:23:07,2025-01-27 16:23:07,,On Delivery,3
ORD004786,2025-01-11 11:35:03,MDB200,maduboom 200 ml,32000,Nosa Nano,8860017255,Jembrana,2025-01-11 13:41:03,2025-01-12 03:41:03,,Delivered,1
ORD004787,2025-01-14 17:38:35,VTMMD60,vitaman madu 60 ml,50000,Nori Zamo Mono,8256324014,Kediri,2025-01-14 18:36:35,2025-01-15 14:36:35,,Processed,1
ORD004788,2025-01-15 18:13:49,MDB120,maduboom 120 ml,23000,Mimi Zali,8536576531,Madiun,2025-01-15 19:05:49,2025-01-16 10:05:49,,Delivered,2
ORD004789,2025-02-28 04:38:45,MDB200,maduboom 200 ml,32000,Rari Tina,8331072366,Batu,2025-02-28 06:27:45,2025-03-01 22:27:45,2025-03-04 22:27:45,Returned,3
ORD004790,2025-01-05 14:19:25,JDM,jelly drink madu,20000,Nofa Titi,8824778614,Singaraja,2025-01-05 16:38:25,2025-01-07 08:38:25,,Delivered,2
ORD004791,2025-02-13 06:34:00,MDB200,maduboom 200 ml,32000,Joli Bafa,8402213274,Jembrana,2025-02-13 07:41:00,2025-02-14 16:41:00,,Delivered,2
ORD004792,2025-02-16 06:22:38,JDM,jelly drink madu,20000,Sami Fara,8738741356,Blitar,2025-02-16 08:03:38,2025-02-17 05:03:38,,On Delivery,2
ORD004793,2025-01-04 14:30:10,JDM,jelly drink madu,20000,Bali Kana Bali,8162655121,Probolinggo,2025-01-04 16:54:10,2025-01-06 12:54:10,,Delivered,2
ORD004794,2025-02-17 00:22:07,MDB120,maduboom 120 ml,23000,Rasa Zali,8661207537,Kendari,2025-02-17 03:21:07,2025-02-17 20:21:07,,On Delivery,2
ORD004795,2025-01-04 00:35:41,MDB120,maduboom 120 ml,23000,Radi Kamo Bajo,8895296452,Karawang,2025-01-04 01:13:41,2025-01-05 10:13:41,,Processed,1
ORD004796,2025-02-19 11:11:16,MDB200,maduboom 200 ml,32000,Mino Kano,8561729112,Ternate,2025-02-19 13:06:16,2025-02-20 13:06:16,,On Delivery,1
ORD004797,2025-02-20 12:35:47,VTMMD60,vitaman madu 60 ml,50000,Moli Tika Limi,8437129321,Tuban,2025-02-20 14:23:47,2025-02-21 03:23:47,,On Delivery,1
ORD004798,2025-02-15 07:31:21,JDM,jelly drink madu,20000,Diba Famo Najo,8586626050,Yogyakarta,2025-02-15 10:11:21,2025-02-16 00:11:21,,Processed,1
ORD004799,2025-02-03 11:13:03,VTM60,vitaman 60 ml,30000,Sali Naza Mori,8164810759,Bekasi,2025-02-03 13:16:03,2025-02-05 02:16:03,,Processed,1
ORD004800,2025-01-31 13:20:49,MDB120,maduboom 120 ml,23000,Saka Titi,8624170941,Cirebon,2025-01-31 15:01:49,2025-02-02 00:01:49,2025-02-06 00:01:49,Returned,3
ORD004801,2025-01-16 23:38:44,MDB200,maduboom 200 ml,32000,Jori Zadi,8858512232,Cianjur,2025-01-17 02:07:44,2025-01-18 15:07:44,,Delivered,1
ORD004802,2025-02-17 14:22:02,MDB200,maduboom 200 ml,32000,Fari Samo Moti,8373081168,Pekanbaru,2025-02-17 16:08:02,2025-02-18 01:08:02,,On Delivery,1
ORD004803,2025-01-21 04:06:18,MDB200,maduboom 200 ml,32000,Mosa Sano,8812671948,Denpasar,2025-01-21 06:35:18,2025-01-22 12:35:18,,On Delivery,3
ORD004804,2025-02-04 03:24:48,VTM60,vitaman 60 ml,30000,Raka Sali Dina,8573453925,Garut,2025-02-04 05:06:48,2025-02-06 02:06:48,,Delivered,3
ORD004805,2025-02-04 15:00:15,JDM,jelly drink madu,20000,Rari Zafa,8568764836,Ternate,2025-02-04 17:39:15,2025-02-05 09:39:15,2025-02-10 09:39:15,Returned,3
ORD004806,2025-02-18 05:44:15,JDM,jelly drink madu,20000,Kasa Jofa,8150281735,Serang,2025-02-18 07:17:15,2025-02-19 01:17:15,2025-02-26 01:17:15,Returned,1
ORD004807,2025-01-15 10:22:04,JDM,jelly drink madu,20000,Nona Naza,8155851820,Bojonegoro,2025-01-15 10:58:04,2025-01-16 09:58:04,,Processed,3
ORD004808,2025-01-01 13:27:35,VTM60,vitaman 60 ml,30000,Lisa Fati,8193238938,Karawang,2025-01-01 14:15:35,2025-01-03 03:15:35,,Delivered,1
ORD004809,2025-01-10 12:00:48,MDB200,maduboom 200 ml,32000,Kadi Mimo,8213995877,Palu,2025-01-10 14:36:48,2025-01-12 11:36:48,,Delivered,2
ORD004810,2025-02-04 23:19:28,VTM60,vitaman 60 ml,30000,Tiba Rami Badi,8369662234,Tegal,2025-02-05 00:12:28,2025-02-05 08:12:28,2025-02-09 08:12:28,Returned,3
ORD004811,2025-02-19 01:22:38,MDB120,maduboom 120 ml,23000,Nadi Dira,8850527969,Maumere,2025-02-19 02:58:38,2025-02-20 22:58:38,2025-02-22 22:58:38,Returned,1
ORD004812,2025-02-09 02:15:26,VTMMD60,vitaman madu 60 ml,50000,Sajo Kali,8182310648,Probolinggo,2025-02-09 04:04:26,2025-02-09 16:04:26,,On Delivery,1
ORD004813,2025-01-08 22:42:56,VTM60,vitaman 60 ml,30000,Moba Riti,8374340413,Denpasar,2025-01-09 00:03:56,2025-01-09 07:03:56,,Processed,2
ORD004814,2025-02-07 05:29:33,JDM,jelly drink madu,20000,Moti Miba,8874063778,Badung,2025-02-07 07:02:33,2025-02-08 01:02:33,,Processed,1
ORD004815,2025-01-13 08:31:05,MDB200,maduboom 200 ml,32000,Zasa Moti Kati,8701934479,Lombok Timur,2025-01-13 10:33:05,2025-01-15 07:33:05,,Delivered,2
ORD004816,2025-02-10 05:54:49,MDB120,maduboom 120 ml,23000,Bafa Lika Lisa,8482570591,Sukabumi,2025-02-10 06:49:49,2025-02-10 18:49:49,,Delivered,2
ORD004817,2025-02-28 10:57:02,MDB120,maduboom 120 ml,23000,Nafa Noti,8154642801,Ende,2025-02-28 12:30:02,2025-03-01 21:30:02,,Delivered,3
ORD004818,2025-01-11 15:38:13,JDM,jelly drink madu,20000,Saka Sami,8638371708,Cirebon,2025-01-11 18:35:13,2025-01-12 18:35:13,,Delivered,2
ORD004819,2025-02-14 20:36:10,MDB120,maduboom 120 ml,23000,Mina Moka Fadi,8837358296,Singkawang,2025-02-14 21:30:10,2025-02-15 21:30:10,2025-02-20 21:30:10,Returned,3
ORD004820,2025-02-13 19:29:08,MDB200,maduboom 200 ml,32000,Sami Jori Kami,8413886134,Banyuwangi,2025-02-13 20:05:08,2025-02-14 12:05:08,,Processed,2
ORD004821,2025-01-07 09:29:23,VTMMD60,vitaman madu 60 ml,50000,Moka Tisa,8636754290,Samarinda,2025-01-07 12:09:23,2025-01-08 01:09:23,,Delivered,3
ORD004822,2025-02-24 06:39:19,VTMMD60,vitaman madu 60 ml,50000,Jojo Nora,8990889372,Gianyar,2025-02-24 08:09:19,2025-02-24 19:09:19,,Delivered,3
ORD004823,2025-02-06 05:01:06,MDB200,maduboom 200 ml,32000,Tiba Rina Jono,8881960910,Lombok Timur,2025-02-06 05:57:06,2025-02-07 11:57:06,,Processed,3
ORD004824,2025-02-04 05:50:49,MDB120,maduboom 120 ml,23000,Tika Bano Jodi,8977518967,Pontianak,2025-02-04 06:54:49,2025-02-05 00:54:49,,Delivered,3
ORD004825,2025-02-19 12:34:51,VTMMD60,vitaman madu 60 ml,50000,Tiza Kali,8257614952,Palu,2025-02-19 15:13:51,2025-02-20 02:13:51,,Delivered,1
ORD004826,2025-01-22 19:18:56,VTM60,vitaman 60 ml,30000,Kajo Tiri,8891303428,Serang,2025-01-22 19:57:56,2025-01-23 19:57:56,,On Delivery,1
ORD004827,2025-02-02 16:29:53,MDB200,maduboom 200 ml,32000,Kafa Disa Mofa,8513777733,Ende,2025-02-02 18:11:53,2025-02-03 22:11:53,,On Delivery,2
ORD004828,2025-02-22 05:03:26,VTMMD60,vitaman madu 60 ml,50000,Zadi Noti Basa,8368084384,Buleleng,2025-02-22 06:31:26,2025-02-23 21:31:26,,Processed,3
ORD004829,2025-02-08 15:42:55,MDB120,maduboom 120 ml,23000,Moka Raka Naba,8927685717,Jakarta,2025-02-08 18:42:55,2025-02-10 17:42:55,2025-02-12 17:42:55,Returned,2
ORD004830,2025-02-26 00:47:59,MDB200,maduboom 200 ml,32000,Miba Dimo Fana,8910030236,Manado,2025-02-26 02:07:59,2025-02-27 00:07:59,,On Delivery,1
ORD004831,2025-02-02 00:11:51,VTM60,vitaman 60 ml,30000,Mili Namo Rijo,8691474664,Bekasi,2025-02-02 01:11:51,2025-02-02 21:11:51,,Processed,1
ORD004832,2025-02-11 13:42:12,VTM60,vitaman 60 ml,30000,Diba Sami,8511598819,Bandung,2025-02-11 15:40:12,2025-02-12 18:40:12,,Delivered,1
ORD004833,2025-02-24 13:57:12,MDB120,maduboom 120 ml,23000,Limo Zari Tino,8592784672,Semarang,2025-02-24 16:12:12,2025-02-25 03:12:12,,Delivered,1
ORD004834,2025-02-13 11:10:17,JDM,jelly drink madu,20000,Rano Namo Faza,8314665300,Subang,2025-02-13 11:48:17,2025-02-15 10:48:17,2025-02-19 10:48:17,Returned,3
ORD004835,2025-01-16 09:21:44,VTMMD60,vitaman madu 60 ml,50000,Basa Faka Tika,8705028215,Bengkulu,2025-01-16 11:40:44,2025-01-18 09:40:44,2025-01-25 09:40:44,Returned,3
ORD004836,2025-01-05 11:12:53,MDB200,maduboom 200 ml,32000,Kajo Rino Mori,8424647114,Mataram,2025-01-05 12:04:53,2025-01-07 07:04:53,,On Delivery,1
ORD004837,2025-01-22 20:51:34,JDM,jelly drink madu,20000,Fano Fali Kasa,8817783158,Bogor,2025-01-22 22:32:34,2025-01-23 11:32:34,,On Delivery,2
ORD004838,2025-02-07 13:28:43,VTMMD60,vitaman madu 60 ml,50000,Difa Famo Lifa,8540286558,Ternate,2025-02-07 14:34:43,2025-02-09 00:34:43,,On Delivery,3
ORD004839,2025-01-10 21:49:20,JDM,jelly drink madu,20000,Raza Naba Lijo,8444200835,Malang,2025-01-10 22:31:20,2025-01-11 06:31:20,2025-01-17 06:31:20,Returned,2
ORD004840,2025-01-10 03:16:20,VTM60,vitaman 60 ml,30000,Mora Jomi,8389251436,Garut,2025-01-10 04:44:20,2025-01-11 02:44:20,,Delivered,1
ORD004841,2025-02-04 04:46:07,VTMMD60,vitaman madu 60 ml,50000,Nomo Mira,8813296522,Bandung,2025-02-04 06:45:07,2025-02-05 09:45:07,,On Delivery,3
ORD004842,2025-01-29 23:16:06,VTM60,vitaman 60 ml,30000,Dimo Rajo,8801753468,Tegal,2025-01-30 00:22:06,2025-01-31 21:22:06,,Processed,2
ORD004843,2025-02-27 20:37:17,VTMMD60,vitaman madu 60 ml,50000,Moli Fajo Fari,8629576111,Bojonegoro,2025-02-27 23:34:17,2025-03-01 09:34:17,,On Delivery,3
ORD004844,2025-01-05 18:03:53,MDB120,maduboom 120 ml,23000,Naba Moba,8269415231,Cikarang,2025-01-05 18:49:53,2025-01-06 20:49:53,,Delivered,1
ORD004845,2025-01-05 09:42:22,VTM60,vitaman 60 ml,30000,Noli Rika,8194800414,Banjarbaru,2025-01-05 11:43:22,2025-01-06 04:43:22,,On Delivery,1
ORD004846,2025-02-01 12:25:57,VTMMD60,vitaman madu 60 ml,50000,Nari Lino,8192780667,Padang,2025-02-01 13:54:57,2025-02-02 09:54:57,,Processed,1
ORD004847,2025-02-02 17:13:43,VTMMD60,vitaman madu 60 ml,50000,Ridi Mimi,8698384955,Subang,2025-02-02 18:49:43,2025-02-03 04:49:43,,Delivered,3
ORD004848,2025-01-24 19:00:02,MDB200,maduboom 200 ml,32000,Misa Nano Faba,8456758563,Jakarta,2025-01-24 21:56:02,2025-01-26 19:56:02,,On Delivery,3
ORD004849,2025-01-25 23:00:44,VTMMD60,vitaman madu 60 ml,50000,Mika Tino Nasa,8733154351,Sidoarjo,2025-01-25 23:53:44,2025-01-26 19:53:44,,Processed,1
ORD004850,2025-01-16 04:27:20,JDM,jelly drink madu,20000,Lifa Rajo Joba,8401001197,Bogor,2025-01-16 06:02:20,2025-01-17 15:02:20,,On Delivery,3
ORD004851,2025-01-30 18:55:44,MDB200,maduboom 200 ml,32000,Raka Dimi Bati,8446130283,Semarang,2025-01-30 19:41:44,2025-02-01 10:41:44,,On Delivery,2
ORD004852,2025-02-04 20:41:25,MDB120,maduboom 120 ml,23000,Dimo Kali Kadi,8808472231,Semarang,2025-02-04 23:32:25,2025-02-06 08:32:25,,Processed,2
ORD004853,2025-02-10 10:04:59,VTM60,vitaman 60 ml,30000,Mosa Tira Mojo,8837948656,Sukabumi,2025-02-10 11:54:59,2025-02-12 00:54:59,,On Delivery,2
ORD004854,2025-02-25 16:30:20,JDM,jelly drink madu,20000,Ramo Tidi,8799514640,Pekanbaru,2025-02-25 17:22:20,2025-02-26 06:22:20,,Processed,2
ORD004855,2025-02-22 16:41:58,MDB120,maduboom 120 ml,23000,Midi Kati Jojo,8867648278,Ngawi,2025-02-22 19:25:58,2025-02-23 07:25:58,,Processed,3
ORD004856,2025-01-12 05:49:22,VTM60,vitaman 60 ml,30000,Najo Sara Tili,8604187342,Jembrana,2025-01-12 06:44:22,2025-01-14 06:44:22,,On Delivery,2
ORD004857,2025-02-03 00:23:57,VTMMD60,vitaman madu 60 ml,50000,Raba Moti,8942286933,Surabaya,2025-02-03 00:56:57,2025-02-04 19:56:57,,Processed,2
ORD004858,2025-01-03 05:59:52,VTM60,vitaman 60 ml,30000,Mino Ramo,8741755673,Blitar,2025-01-03 08:45:52,2025-01-03 15:45:52,2025-01-06 15:45:52,Returned,2
ORD004859,2025-01-19 08:49:30,VTMMD60,vitaman madu 60 ml,50000,Rara Tira,8261640406,Gresik,2025-01-19 10:00:30,2025-01-20 08:00:30,,Delivered,3
ORD004860,2025-01-22 12:08:13,JDM,jelly drink madu,20000,Nona Liza,8468685469,Klaten,2025-01-22 14:42:13,2025-01-23 18:42:13,,On Delivery,1
ORD004861,2025-01-14 04:19:17,MDB200,maduboom 200 ml,32000,Raka Kana Noba,8803620902,Padang,2025-01-14 06:57:17,2025-01-14 15:57:17,,Processed,1
ORD004862,2025-01-01 18:10:04,VTMMD60,vitaman madu 60 ml,50000,Sami Tijo Rasa,8145200937,Blitar,2025-01-01 19:34:04,2025-01-03 14:34:04,,Processed,2
ORD004863,2025-01-12 01:22:57,VTM60,vitaman 60 ml,30000,Mika Tifa Momi,8812469903,Surabaya,2025-01-12 03:15:57,2025-01-13 22:15:57,,Processed,1
ORD004864,2025-01-28 12:10:14,MDB200,maduboom 200 ml,32000,Kajo Dimo Mora,8392937101,Pontianak,2025-01-28 12:58:14,2025-01-29 01:58:14,,Processed,2
ORD004865,2025-02-10 03:09:45,MDB120,maduboom 120 ml,23000,Rali Midi Rara,8538932724,Ternate,2025-02-10 05:02:45,2025-02-10 10:02:45,,Processed,2
ORD004866,2025-02-11 16:16:06,MDB200,maduboom 200 ml,32000,Rira Faba Sana,8853491066,Medan,2025-02-11 17:25:06,2025-02-12 04:25:06,,On Delivery,3
ORD004867,2025-02-19 23:20:10,MDB200,maduboom 200 ml,32000,Moba Miza,8980828390,Purwokerto,2025-02-20 01:00:10,2025-02-20 20:00:10,,On Delivery,1
ORD004868,2025-02-14 18:28:49,MDB120,maduboom 120 ml,23000,Lidi Miti,8483957759,Lombok Timur,2025-02-14 19:59:49,2025-02-16 17:59:49,,Processed,3
ORD004869,2025-02-06 13:12:38,MDB200,maduboom 200 ml,32000,Nomo Risa,8865111389,Serang,2025-02-06 15:14:38,2025-02-08 05:14:38,2025-02-10 05:14:38,Returned,1
ORD004870,2025-01-05 05:14:29,VTMMD60,vitaman madu 60 ml,50000,Fajo Lifa Lina,8739333829,Karawang,2025-01-05 08:07:29,2025-01-06 20:07:29,,Processed,1
ORD004871,2025-01-06 15:00:03,MDB120,maduboom 120 ml,23000,Mimo Mona Nami,8184403256,Gresik,2025-01-06 16:55:03,2025-01-08 10:55:03,,On Delivery,3
ORD004872,2025-02-08 19:35:29,VTMMD60,vitaman madu 60 ml,50000,Zajo Joba Fajo,8878996578,Maumere,2025-02-08 21:57:29,2025-02-09 22:57:29,,On Delivery,1
ORD004873,2025-02-14 14:46:57,MDB120,maduboom 120 ml,23000,Nomi Raka Mina,8847713631,Blitar,2025-02-14 17:00:57,2025-02-15 23:00:57,,Processed,1
ORD004874,2025-02-19 17:47:19,JDM,jelly drink madu,20000,Lino Zati Lika,8785965975,Karawang,2025-02-19 18:33:19,2025-02-20 10:33:19,,Processed,1
ORD004875,2025-01-23 23:16:50,VTMMD60,vitaman madu 60 ml,50000,Rasa Noba,8836266765,Bandung,2025-01-24 01:57:50,2025-01-26 01:57:50,,Delivered,1
ORD004876,2025-01-12 18:04:48,MDB120,maduboom 120 ml,23000,Rano Rasa Lijo,8279214148,Sukabumi,2025-01-12 19:02:48,2025-01-13 17:02:48,2025-01-18 17:02:48,Returned,2
ORD004877,2025-01-13 05:33:28,JDM,jelly drink madu,20000,Liti Nami,8689663425,Banjarmasin,2025-01-13 06:52:28,2025-01-15 03:52:28,,Processed,3
ORD004878,2025-01-01 21:56:14,VTMMD60,vitaman madu 60 ml,50000,Noza Timo,8290314504,Sidoarjo,2025-01-01 23:36:14,2025-01-02 12:36:14,,Processed,3
ORD004879,2025-01-07 10:55:04,VTM60,vitaman 60 ml,30000,Dika Bano Riri,8158253783,Padang,2025-01-07 13:24:04,2025-01-08 14:24:04,,Processed,1
ORD004880,2025-02-13 03:56:24,VTMMD60,vitaman madu 60 ml,50000,Faza Bami Bana,8346342089,Sidoarjo,2025-02-13 04:55:24,2025-02-14 20:55:24,,Delivered,3
ORD004881,2025-02-28 00:02:57,MDB120,maduboom 120 ml,23000,Fami Zami Fadi,8556830853,Yogyakarta,2025-02-28 01:33:57,2025-02-28 15:33:57,,On Delivery,3
ORD004882,2025-02-28 07:36:54,VTM60,vitaman 60 ml,30000,Dimo Kajo Nosa,8372898729,Serang,2025-02-28 09:24:54,2025-03-01 01:24:54,,Delivered,1
ORD004883,2025-01-26 02:30:54,VTM60,vitaman 60 ml,30000,Bara Fasa Mosa,8406784764,Kendari,2025-01-26 03:45:54,2025-01-28 00:45:54,,On Delivery,1
ORD004884,2025-01-15 04:45:50,MDB120,maduboom 120 ml,23000,Nami Bamo Nati,8616175245,Madiun,2025-01-15 06:39:50,2025-01-15 23:39:50,,On Delivery,3
ORD004885,2025-01-21 20:18:15,MDB120,maduboom 120 ml,23000,Rali Kati Ridi,8102437921,Pontianak,2025-01-21 21:33:15,2025-01-23 04:33:15,,Processed,1
ORD004886,2025-01-23 12:53:46,MDB120,maduboom 120 ml,23000,Kafa Zano Limo,8292639222,Jakarta,2025-01-23 14:50:46,2025-01-25 11:50:46,,Processed,2
ORD004887,2025-01-09 01:51:31,VTMMD60,vitaman madu 60 ml,50000,Rika Kaza Bano,8772693276,Sidoarjo,2025-01-09 02:46:31,2025-01-10 18:46:31,,On Delivery,3
ORD004888,2025-01-24 05:32:40,MDB200,maduboom 200 ml,32000,Tisa Kaka Fami,8234798056,Padang,2025-01-24 06:46:40,2025-01-24 22:46:40,2025-01-31 22:46:40,Returned,1
ORD004889,2025-01-28 14:44:36,JDM,jelly drink madu,20000,Bajo Dino,8148028900,Palangkaraya,2025-01-28 17:23:36,2025-01-29 00:23:36,,Processed,1
ORD004890,2025-02-07 20:40:25,MDB120,maduboom 120 ml,23000,Jofa Bami,8857791903,Ternate,2025-02-07 21:23:25,2025-02-09 21:23:25,,On Delivery,2
ORD004891,2025-01-12 07:49:10,VTMMD60,vitaman madu 60 ml,50000,Liti Riza Badi,8436090139,Tangerang,2025-01-12 10:17:10,2025-01-13 11:17:10,,Delivered,3
ORD004892,2025-01-03 08:23:20,JDM,jelly drink madu,20000,Nano Zaka,8336250381,Subang,2025-01-03 10:28:20,2025-01-03 22:28:20,,On Delivery,2
ORD004893,2025-02-03 04:46:32,VTM60,vitaman 60 ml,30000,Rifa Nasa,8978350631,Ende,2025-02-03 05:41:32,2025-02-03 21:41:32,,On Delivery,1
ORD004894,2025-02-17 18:20:59,VTMMD60,vitaman madu 60 ml,50000,Lino Fami,8977199595,Pekanbaru,2025-02-17 19:04:59,2025-02-18 23:04:59,,Delivered,2
ORD004895,2025-01-07 23:25:17,JDM,jelly drink madu,20000,Mijo Kaka Rifa,8287677747,Sumedang,2025-01-08 00:51:17,2025-01-09 13:51:17,,On Delivery,2
ORD004896,2025-01-02 10:09:07,VTMMD60,vitaman madu 60 ml,50000,Jora Tina,8739162551,Cianjur,2025-01-02 11:42:07,2025-01-04 02:42:07,,Delivered,3
ORD004897,2025-01-25 10:37:05,MDB200,maduboom 200 ml,32000,Rami Rami Kari,8364123909,Madiun,2025-01-25 11:17:05,2025-01-27 05:17:05,,Processed,2
ORD004898,2025-02-28 00:13:04,MDB120,maduboom 120 ml,23000,Rifa Naka,8987263652,Mataram,2025-02-28 02:59:04,2025-03-01 01:59:04,,Processed,2
ORD004899,2025-02-26 01:32:26,VTM60,vitaman 60 ml,30000,Zamo Fara,8725058087,Palangkaraya,2025-02-26 03:17:26,2025-02-26 13:17:26,,Delivered,3
ORD004900,2025-01-01 18:08:38,JDM,jelly drink madu,20000,Samo Saza Nodi,8189498756,Karawang,2025-01-01 19:13:38,2025-01-03 17:13:38,,Delivered,1
ORD004901,2025-01-06 15:20:41,VTMMD60,vitaman madu 60 ml,50000,Rana Rimo,8345837141,Lamongan,2025-01-06 17:49:41,2025-01-07 08:49:41,2025-01-13 08:49:41,Returned,3
ORD004902,2025-02-22 03:03:06,MDB120,maduboom 120 ml,23000,Kamo Rari,8893376455,Sukabumi,2025-02-22 05:14:06,2025-02-23 06:14:06,2025-03-01 06:14:06,Returned,1
ORD004903,2025-02-05 02:06:23,MDB200,maduboom 200 ml,32000,Kati Difa,8758026263,Gresik,2025-02-05 04:46:23,2025-02-06 12:46:23,2025-02-10 12:46:23,Returned,3
ORD004904,2025-01-15 04:34:31,VTMMD60,vitaman madu 60 ml,50000,Sari Rano,8479112915,Cianjur,2025-01-15 07:09:31,2025-01-15 12:09:31,,Delivered,1
ORD004905,2025-02-05 09:02:49,VTMMD60,vitaman madu 60 ml,50000,Mino Rimo Jojo,8817372070,Larantuka,2025-02-05 09:35:49,2025-02-05 21:35:49,,Delivered,3
ORD004906,2025-01-28 11:49:58,VTMMD60,vitaman madu 60 ml,50000,Lisa Fami,8642895601,Serang,2025-01-28 12:24:58,2025-01-29 12:24:58,,Processed,1
ORD004907,2025-01-17 22:40:36,MDB120,maduboom 120 ml,23000,Dili Fara Disa,8313186255,Bogor,2025-01-18 01:13:36,2025-01-18 10:13:36,,Delivered,1
ORD004908,2025-01-03 10:15:37,JDM,jelly drink madu,20000,Tina Radi,8916443522,Banjarbaru,2025-01-03 13:09:37,2025-01-04 02:09:37,,Processed,2
ORD004909,2025-01-15 02:51:13,JDM,jelly drink madu,20000,Rajo Namo Fano,8843729276,Klaten,2025-01-15 05:26:13,2025-01-16 10:26:13,,Delivered,2
ORD004910,2025-02-06 02:17:21,MDB120,maduboom 120 ml,23000,Nasa Sati,8348226669,Purwokerto,2025-02-06 03:07:21,2025-02-07 10:07:21,,Delivered,1
ORD004911,2025-01-08 09:21:37,MDB120,maduboom 120 ml,23000,Momi Risa,8359176483,Jakarta,2025-01-08 11:54:37,2025-01-09 05:54:37,,Delivered,1
ORD004912,2025-01-28 14:03:19,MDB120,maduboom 120 ml,23000,Mofa Safa,8913269909,Malang,2025-01-28 14:50:19,2025-01-30 05:50:19,,Processed,1
ORD004913,2025-01-27 07:56:15,VTMMD60,vitaman madu 60 ml,50000,Mojo Timi Rili,8100812247,Serang,2025-01-27 10:34:15,2025-01-29 06:34:15,,Processed,3
ORD004914,2025-01-14 14:52:23,VTMMD60,vitaman madu 60 ml,50000,Mina Fasa Fali,8186036462,Magelang,2025-01-14 15:30:23,2025-01-15 04:30:23,,On Delivery,3
ORD004915,2025-01-31 00:56:59,VTMMD60,vitaman madu 60 ml,50000,Nara Raka,8138831927,Pasuruan,2025-01-31 03:26:59,2025-02-01 18:26:59,,Processed,2
ORD004916,2025-01-07 17:31:14,VTM60,vitaman 60 ml,30000,Joza Miza Mori,8655369060,Jembrana,2025-01-07 18:27:14,2025-01-08 09:27:14,,Delivered,1
ORD004917,2025-02-01 00:00:08,VTMMD60,vitaman madu 60 ml,50000,Lina Risa,8376934858,Ternate,2025-02-01 01:36:08,2025-02-02 20:36:08,,Processed,1
ORD004918,2025-02-25 11:21:49,VTMMD60,vitaman madu 60 ml,50000,Didi Tijo,8454552408,Jembrana,2025-02-25 12:42:49,2025-02-26 04:42:49,,Processed,3
ORD004919,2025-02-23 15:50:40,VTMMD60,vitaman madu 60 ml,50000,Timo Rano,8543591716,Denpasar,2025-02-23 16:53:40,2025-02-25 14:53:40,,On Delivery,1
ORD004920,2025-01-27 11:28:03,VTMMD60,vitaman madu 60 ml,50000,Bari Sali,8387081407,Makassar,2025-01-27 14:19:03,2025-01-28 01:19:03,,Processed,1
ORD004921,2025-02-07 01:50:49,JDM,jelly drink madu,20000,Tika Zaka,8499160038,Batu,2025-02-07 03:16:49,2025-02-08 14:16:49,,On Delivery,1
ORD004922,2025-01-25 07:27:41,MDB200,maduboom 200 ml,32000,Famo Nasa,8822735718,Jembrana,2025-01-25 09:32:41,2025-01-25 22:32:41,,Delivered,2
ORD004923,2025-02-17 11:24:26,JDM,jelly drink madu,20000,Joli Saba,8826347280,Kudus,2025-02-17 13:43:26,2025-02-18 15:43:26,,Delivered,1
ORD004924,2025-01-12 13:56:47,MDB120,maduboom 120 ml,23000,Lika Raba Sana,8403513561,Gresik,2025-01-12 16:07:47,2025-01-13 06:07:47,,Processed,2
ORD004925,2025-01-28 18:38:17,JDM,jelly drink madu,20000,Mifa Lifa Miti,8830205424,Banjarbaru,2025-01-28 21:13:17,2025-01-29 10:13:17,,Processed,3
ORD004926,2025-01-12 09:48:26,MDB120,maduboom 120 ml,23000,Diza Kati Diti,8459331953,Jakarta,2025-01-12 10:50:26,2025-01-13 00:50:26,,Delivered,2
ORD004927,2025-02-14 04:28:54,VTMMD60,vitaman madu 60 ml,50000,Saza Liza Moli,8587928403,Palangkaraya,2025-02-14 07:13:54,2025-02-15 23:13:54,2025-02-18 23:13:54,Returned,1
ORD004928,2025-01-17 06:45:07,MDB120,maduboom 120 ml,23000,Zari Midi Lidi,8631709565,Tasikmalaya,2025-01-17 09:11:07,2025-01-18 08:11:07,,On Delivery,2
ORD004929,2025-01-24 07:01:28,JDM,jelly drink madu,20000,Fami Difa,8628234294,Bengkulu,2025-01-24 07:32:28,2025-01-25 08:32:28,,On Delivery,2
ORD004930,2025-02-12 11:31:25,MDB200,maduboom 200 ml,32000,Jofa Rijo Jona,8130405916,Pasuruan,2025-02-12 12:55:25,2025-02-13 22:55:25,,On Delivery,1
ORD004931,2025-01-30 16:20:30,VTM60,vitaman 60 ml,30000,Kano Moti,8391423490,Surabaya,2025-01-30 16:52:30,2025-01-31 12:52:30,,Delivered,1
ORD004932,2025-01-08 19:42:00,VTMMD60,vitaman madu 60 ml,50000,Misa Raba,8952828342,Yogyakarta,2025-01-08 20:54:00,2025-01-09 06:54:00,,On Delivery,3
ORD004933,2025-02-04 03:51:05,JDM,jelly drink madu,20000,Sasa Joza Basa,8331850355,Makassar,2025-02-04 06:16:05,2025-02-05 04:16:05,,On Delivery,3
ORD004934,2025-02-12 19:15:12,MDB200,maduboom 200 ml,32000,Modi Lidi,8523860253,Blitar,2025-02-12 20:28:12,2025-02-14 01:28:12,,Processed,3
ORD004935,2025-01-12 05:37:04,MDB120,maduboom 120 ml,23000,Mimo Liri,8874170454,Madiun,2025-01-12 07:13:04,2025-01-13 06:13:04,,On Delivery,2
ORD004936,2025-02-27 00:14:47,JDM,jelly drink madu,20000,Rino Dika,8980284560,Semarang,2025-02-27 01:42:47,2025-02-28 06:42:47,,Processed,1
ORD004937,2025-02-06 23:32:38,VTM60,vitaman 60 ml,30000,Tijo Tiba Faza,8944630910,Malang,2025-02-07 00:27:38,2025-02-08 21:27:38,,Delivered,2
ORD004938,2025-02-02 23:39:38,JDM,jelly drink madu,20000,Kara Mosa Kami,8667672768,Boyolali,2025-02-03 01:10:38,2025-02-04 07:10:38,,Processed,2
ORD004939,2025-01-23 13:40:28,MDB200,maduboom 200 ml,32000,Fara Dili,8891638679,Tuban,2025-01-23 15:13:28,2025-01-25 05:13:28,,Delivered,3
ORD004940,2025-01-25 16:05:54,MDB120,maduboom 120 ml,23000,Timo Kano Rimi,8135744583,Sidoarjo,2025-01-25 18:40:54,2025-01-27 11:40:54,2025-02-02 11:40:54,Returned,1
ORD004941,2025-02-28 11:06:58,MDB120,maduboom 120 ml,23000,Bara Mili,8694392107,Ambon,2025-02-28 13:57:58,2025-03-02 03:57:58,,Processed,3
ORD004942,2025-01-24 01:16:52,MDB120,maduboom 120 ml,23000,Nafa Lijo Sali,8768092368,Semarang,2025-01-24 03:43:52,2025-01-24 10:43:52,,Delivered,1
ORD004943,2025-01-28 06:19:49,JDM,jelly drink madu,20000,Modi Mika Lijo,8734864288,Sumedang,2025-01-28 06:59:49,2025-01-29 17:59:49,2025-02-01 17:59:49,Returned,3
ORD004944,2025-01-31 02:51:40,MDB200,maduboom 200 ml,32000,Zajo Bati,8501279899,Banjarmasin,2025-01-31 04:09:40,2025-01-31 21:09:40,,On Delivery,3
ORD004945,2025-02-14 19:54:45,MDB200,maduboom 200 ml,32000,Mojo Joba,8929381416,Bangli,2025-02-14 21:51:45,2025-02-15 18:51:45,,On Delivery,2
ORD004946,2025-02-10 11:46:08,MDB120,maduboom 120 ml,23000,Basa Zara,8285847629,Garut,2025-02-10 14:08:08,2025-02-12 07:08:08,,Delivered,3
ORD004947,2025-01-28 17:01:48,MDB120,maduboom 120 ml,23000,Jona Lijo,8340808437,Ponorogo,2025-01-28 19:09:48,2025-01-30 09:09:48,2025-02-06 09:09:48,Returned,2
ORD004948,2025-02-21 19:38:02,MDB120,maduboom 120 ml,23000,Nosa Zadi Kara,8977951966,Ngawi,2025-02-21 20:47:02,2025-02-23 18:47:02,,On Delivery,3
ORD004949,2025-01-13 23:01:53,MDB200,maduboom 200 ml,32000,Nojo Noka Nora,8809030276,Makassar,2025-01-14 01:12:53,2025-01-15 23:12:53,,On Delivery,2
ORD004950,2025-01-17 19:46:56,JDM,jelly drink madu,20000,Mira Tika,8887908787,Pekanbaru,2025-01-17 21:43:56,2025-01-19 10:43:56,,Delivered,1
ORD004951,2025-02-01 08:21:59,JDM,jelly drink madu,20000,Tiza Jomo,8873751368,Makassar,2025-02-01 09:49:59,2025-02-02 11:49:59,,Delivered,1
ORD004952,2025-02-24 04:25:01,VTMMD60,vitaman madu 60 ml,50000,Bara Kaba,8560481938,Jayapura,2025-02-24 07:14:01,2025-02-25 13:14:01,,Delivered,2
ORD004953,2025-02-23 11:31:56,MDB200,maduboom 200 ml,32000,Rijo Rira Mosa,8942787108,Cirebon,2025-02-23 13:02:56,2025-02-25 08:02:56,,On Delivery,1
ORD004954,2025-02-19 01:18:17,MDB120,maduboom 120 ml,23000,Ramo Rasa,8296549754,Bojonegoro,2025-02-19 02:30:17,2025-02-20 07:30:17,,Delivered,3
ORD004955,2025-02-11 22:31:03,MDB120,maduboom 120 ml,23000,Fali Timo Raza,8125256080,Karangasem,2025-02-11 23:12:03,2025-02-12 17:12:03,,Processed,1
ORD004956,2025-02-19 22:17:41,MDB200,maduboom 200 ml,32000,Moza Joti,8424278243,Karawang,2025-02-19 23:08:41,2025-02-21 08:08:41,2025-02-28 08:08:41,Returned,3
ORD004957,2025-02-05 17:56:18,JDM,jelly drink madu,20000,Fana Jojo,8766575625,Semarang,2025-02-05 19:22:18,2025-02-06 14:22:18,,Delivered,2
ORD004958,2025-01-30 02:23:54,MDB200,maduboom 200 ml,32000,Rati Jona Zano,8412360881,Ponorogo,2025-01-30 04:40:54,2025-01-31 12:40:54,,Delivered,3
ORD004959,2025-02-08 04:14:19,VTMMD60,vitaman madu 60 ml,50000,Zajo Noba Sasa,8729020016,Sukabumi,2025-02-08 04:55:19,2025-02-09 14:55:19,,On Delivery,1
ORD004960,2025-01-02 21:41:43,JDM,jelly drink madu,20000,Kasa Moka Dika,8680065661,Palembang,2025-01-02 23:49:43,2025-01-03 14:49:43,,On Delivery,3
ORD004961,2025-01-05 11:37:11,MDB120,maduboom 120 ml,23000,Kafa Titi Raka,8947849774,Kendari,2025-01-05 13:43:11,2025-01-07 13:43:11,2025-01-12 13:43:11,Returned,2
ORD004962,2025-01-02 05:14:32,VTMMD60,vitaman madu 60 ml,50000,Kami Naba,8131395405,Yogyakarta,2025-01-02 05:48:32,2025-01-03 03:48:32,,Delivered,1
ORD004963,2025-01-20 00:00:47,VTM60,vitaman 60 ml,30000,Tiba Mifa,8658402288,Ternate,2025-01-20 02:22:47,2025-01-21 19:22:47,,Processed,2
ORD004964,2025-01-26 05:24:16,MDB200,maduboom 200 ml,32000,Saza Lika,8338999925,Pekanbaru,2025-01-26 06:52:16,2025-01-26 12:52:16,,On Delivery,2
ORD004965,2025-02-19 08:36:27,VTM60,vitaman 60 ml,30000,Mira Rimo,8807166152,Sukabumi,2025-02-19 10:20:27,2025-02-19 23:20:27,,Delivered,3
ORD004966,2025-02-23 07:43:53,MDB120,maduboom 120 ml,23000,Baza Nono Tika,8723969965,Malang,2025-02-23 08:59:53,2025-02-23 16:59:53,2025-02-26 16:59:53,Returned,3
ORD004967,2025-02-02 23:06:11,JDM,jelly drink madu,20000,Joli Bano Moba,8382565552,Surabaya,2025-02-03 00:26:11,2025-02-04 15:26:11,,On Delivery,2
ORD004968,2025-01-20 22:14:25,VTM60,vitaman 60 ml,30000,Miza Naba,8853674653,Jembrana,2025-01-20 22:59:25,2025-01-21 06:59:25,,Processed,3
ORD004969,2025-02-13 06:37:26,VTMMD60,vitaman madu 60 ml,50000,Fano Rano,8805752296,Cirebon,2025-02-13 08:04:26,2025-02-14 13:04:26,,Delivered,1
ORD004970,2025-02-17 07:22:31,VTMMD60,vitaman madu 60 ml,50000,Rimi Raka Rifa,8407480144,Lombok Barat,2025-02-17 08:50:31,2025-02-18 08:50:31,,Delivered,2
ORD004971,2025-01-03 10:19:39,MDB120,maduboom 120 ml,23000,Zano Nara,8935842090,Surabaya,2025-01-03 12:41:39,2025-01-03 23:41:39,,Delivered,3
ORD004972,2025-02-16 17:36:00,VTM60,vitaman 60 ml,30000,Mili Fasa,8555281353,Kudus,2025-02-16 18:39:00,2025-02-17 13:39:00,,On Delivery,2
ORD004973,2025-01-31 03:58:04,VTM60,vitaman 60 ml,30000,Noti Saza Bafa,8546102669,Bandung,2025-01-31 05:28:04,2025-02-02 02:28:04,2025-02-05 02:28:04,Returned,1
ORD004974,2025-01-06 06:05:03,VTMMD60,vitaman madu 60 ml,50000,Jodi Misa Sati,8583542264,Yogyakarta,2025-01-06 09:01:03,2025-01-08 02:01:03,,On Delivery,1
ORD004975,2025-02-27 10:43:44,JDM,jelly drink madu,20000,Lino Rijo,8237416474,Ende,2025-02-27 13:19:44,2025-02-28 23:19:44,,Delivered,3
ORD004976,2025-02-12 02:54:19,MDB120,maduboom 120 ml,23000,Baba Zaba Zara,8268814255,Ambon,2025-02-12 04:05:19,2025-02-12 22:05:19,,On Delivery,2
ORD004977,2025-01-08 00:46:09,MDB200,maduboom 200 ml,32000,Bara Mika,8388702664,Lombok Timur,2025-01-08 03:01:09,2025-01-09 18:01:09,,Processed,1
ORD004978,2025-02-20 21:17:27,VTMMD60,vitaman madu 60 ml,50000,Nosa Nami Nari,8367361174,Lamongan,2025-02-20 22:27:27,2025-02-21 07:27:27,,Processed,1
ORD004979,2025-02-16 17:51:21,JDM,jelly drink madu,20000,Fasa Fadi,8220989405,Ngawi,2025-02-16 19:28:21,2025-02-18 10:28:21,,Delivered,2
ORD004980,2025-01-03 20:44:36,MDB120,maduboom 120 ml,23000,Nana Mora,8439405460,Jayapura,2025-01-03 22:41:36,2025-01-05 07:41:36,,Processed,1
ORD004981,2025-01-02 21:20:56,MDB120,maduboom 120 ml,23000,Sara Midi Misa,8908855102,Gianyar,2025-01-02 23:38:56,2025-01-04 08:38:56,,On Delivery,3
ORD004982,2025-01-25 19:17:16,MDB120,maduboom 120 ml,23000,Dijo Noli,8869823306,Balikpapan,2025-01-25 22:13:16,2025-01-27 13:13:16,,Delivered,1
ORD004983,2025-01-08 22:26:56,MDB120,maduboom 120 ml,23000,Fafa Raka Faba,8287787330,Probolinggo,2025-01-08 23:22:56,2025-01-09 14:22:56,,On Delivery,2
ORD004984,2025-01-27 03:20:47,MDB200,maduboom 200 ml,32000,Kadi Mono Sasa,8613593484,Jembrana,2025-01-27 05:48:47,2025-01-28 13:48:47,,On Delivery,2
ORD004985,2025-01-03 13:44:00,MDB120,maduboom 120 ml,23000,Zami Bamo,8712679951,Bengkulu,2025-01-03 14:56:00,2025-01-04 17:56:00,,Processed,3
ORD004986,2025-01-02 05:46:24,JDM,jelly drink madu,20000,Kamo Nali Disa,8745576200,Boyolali,2025-01-02 07:21:24,2025-01-03 11:21:24,,On Delivery,3
ORD004987,2025-02-12 02:01:06,JDM,jelly drink madu,20000,Nara Rili,8624690890,Medan,2025-02-12 04:02:06,2025-02-14 02:02:06,,Processed,2
ORD004988,2025-02-15 18:30:08,VTMMD60,vitaman madu 60 ml,50000,Jona Fana Raza,8131347860,Tegal,2025-02-15 21:09:08,2025-02-17 14:09:08,2025-02-19 14:09:08,Returned,3
ORD004989,2025-01-08 17:34:50,VTM60,vitaman 60 ml,30000,Zamo Nojo,8193564273,Pontianak,2025-01-08 20:18:50,2025-01-10 08:18:50,,On Delivery,2
ORD004990,2025-02-01 16:14:29,MDB120,maduboom 120 ml,23000,Tino Rili,8331679658,Jembrana,2025-02-01 18:23:29,2025-02-02 01:23:29,2025-02-08 01:23:29,Returned,1
ORD004991,2025-01-28 01:50:32,JDM,jelly drink madu,20000,Mino Zadi,8506535403,Semarang,2025-01-28 03:05:32,2025-01-28 09:05:32,,Delivered,1
ORD004992,2025-02-28 07:55:50,JDM,jelly drink madu,20000,Midi Zano Raka,8325114262,Sukabumi,2025-02-28 08:27:50,2025-03-01 04:27:50,2025-03-06 04:27:50,Returned,1
ORD004993,2025-02-28 19:08:26,VTMMD60,vitaman madu 60 ml,50000,Joti Fari,8360458593,Bekasi,2025-02-28 21:19:26,2025-03-01 12:19:26,,On Delivery,1
ORD004994,2025-01-05 10:47:22,MDB200,maduboom 200 ml,32000,Riza Ridi Naba,8689536763,Kendari,2025-01-05 12:31:22,2025-01-05 20:31:22,,Delivered,1
ORD004995,2025-02-21 15:37:27,MDB200,maduboom 200 ml,32000,Dimi Tili Naka,8602143636,Garut,2025-02-21 17:19:27,2025-02-23 10:19:27,,Processed,3
ORD004996,2025-01-05 14:45:44,VTMMD60,vitaman madu 60 ml,50000,Nari Rimo,8164787404,Semarang,2025-01-05 16:09:44,2025-01-06 15:09:44,,Delivered,1
ORD004997,2025-01-30 13:20:06,MDB200,maduboom 200 ml,32000,Zaza Fari Bami,8528141232,Kudus,2025-01-30 15:21:06,2025-01-31 07:21:06,,On Delivery,1
ORD004998,2025-02-07 02:04:40,JDM,jelly drink madu,20000,Nona Fari Mofa,8400508452,Sumedang,2025-02-07 04:14:40,2025-02-08 04:14:40,,On Delivery,3
ORD004999,2025-02-19 14:03:39,VTMMD60,vitaman madu 60 ml,50000,Safa Timi Lika,8501879054,Jakarta,2025-02-19 16:58:39,2025-02-20 10:58:39,,Delivered,2
ORD005000,2025-02-07 01:02:26,MDB120,maduboom 120 ml,23000,Mira Fari,8916536561,Singaraja,2025-02-07 03:46:26,2025-02-08 05:46:26,,On Delivery,2
